:1000000000000120910100007F0300006105000055
:100010008303000073050000850500000000000058
:100020000000000000000000000000008903000044
:100030008B030000000000008D0300008F03000010
:100040009103000093030000950300009703000054
:10005000990300009B0300009D0300009F03000024
:10006000A1030000A3030000A5030000A7030000F4
:10007000A9030000AB030000AD030000AF030000C4
:10008000B1030000B3030000B5030000B703000094
:10009000B9030000BB030000BD030000BF03000064
:1000A000C1030000C3030000C5030000C703000034
:1000B000C9030000CB030000CD030000CF03000004
:1000C000D1030000D3030000D5030000D7030000D4
:1000D000D9030000DB030000DD030000DF030000A4
:1000E000E1030000E3030000E5030000E703000074
:1000F000E9030000EB030000ED030000EF03000044
:10010000F1030000F3030000F5030000F703000013
:10011000F9030000FB030000FD030000FF030000E3
:1001200001040000030400000504000007040000AF
:10013000090400000B0400000D0400000F0400007F
:10014000110400001304000015040000170400004F
:10015000190400001B0400001D0400001F0400001F
:1001600021040000230400002504000027040000EF
:10017000290400002B0400002D0400002F040000BF
:100180003104000033040000000000000000000003
:100190004FF0000BDFF8BE020068DFF8B612096806
:1001A00001F0030100F01C00142801D14BF0020BF8
:1001B000002901D04BF0010BBBF1000F05D0A7487F
:1001C000A749DFF8722200F09FF8A64880470BF09D
:1001D000020ABAF1000F0CD0DFF86E02DFF86E12DF
:1001E00002680B680FB44FF000024FF0FF0302608B
:1001F0000B609D484FF000024FF00103022808D128
:10020000DFF83A120A60DFF83E120A60DFF83212B5
:100210000B60012808D1DFF82A120A60DFF82612E5
:100220000A60DFF81A120B609048002809D1904844
:100230009049914A00F030F890489149914A00F075
:100240002BF891489149924A00F026F8914892493A
:10025000DFF8E22100F058F8BBF1000F10D08F4812
:100260008F49DFF8D62100F04FF80BF0020ABAF1FF
:10027000000F05D00FBC02600B6000BFAFF3008021
:10028000DFF820020FF2030E00474FF000004FF09E
:100290000001DFF814F2FEE72DE9F841884225D08D
:1002A000B2EB010200D5FEE740EA010313F00303BD
:1002B00002D000F01DF819E04FF000039046121133
:1002C000F7D09A421CBFF0C8F0C103F10103F8D186
:1002D00008F00F08B8F1000F08D004780C7000F196
:1002E000010001F10101B8F10108F6D1BDE8F88182
:1002F00008B54FF0000303780B7000F1010001F125
:100300000101013AF7D108BD884237D000F0030659
:10031000002E14D04FF00405A5EB06044FF008079B
:1003200007FB06F8914669FA08F9002C07D080F817
:10033000009069FA07F900F10100013CF5E74FF080
:1003400000060F46091A88460911914614461546BB
:10035000B14206D018BFA0E8340206F10106B1424E
:10036000F8D108F00F08B8F1000F07D002704FEA7B
:10037000322200F10100B8F10108F4E77047FEE70E
:10038000FEE7FEE7FEE7FEE7FEE7FEE7FEE7FEE745
:10039000FEE7FEE7FEE7FEE7FEE7FEE7FEE7FEE735
:1003A000FEE7FEE7FEE7FEE7FEE7FEE7FEE7FEE725
:1003B000FEE7FEE7FEE7FEE7FEE7FEE7FEE7FEE715
:1003C000FEE7FEE7FEE7FEE7FEE7FEE7FEE7FEE705
:1003D000FEE7FEE7FEE7FEE7FEE7FEE7FEE7FEE7F5
:1003E000FEE7FEE7FEE7FEE7FEE7FEE7FEE7FEE7E5
:1003F000FEE7FEE7FEE7FEE7FEE7FEE7FEE7FEE7D5
:10040000FEE7FEE7FEE7FEE7FEE7FEE7FEE7FEE7C4
:10041000FEE7FEE7FEE7FEE7FEE7FEE7FEE7FEE7B4
:10042000FEE7FEE7FEE7FEE7FEE7FEE7FEE7FEE7A4
:10043000FEE7FEE7704700000000A2A2A2A2008033
:100440000340088003401080034030800340348024
:1004500003403880034018080240000000F00020EC
:10046000000001209D0500000000000000000000C9
:10047000000000000000000090010000B004000037
:10048000B0040000588D0200608D020000000020C2
:10049000A0080020A0080020606300206063002006
:1004A00000F00020FDD6000011BD0000000000009B
:1004B00010B5054C237833B9044B13B10448AFF39E
:1004C00000800123237010BDA00800200000000060
:1004D000D48C020008B5034B1BB103490348AFF3AA
:1004E000008008BD00000000A4080020D48C020099
:1004F000A3F5803A704700BF154B002B08BF114B86
:100500009D46FFF7F5FF00218B460F461148124A22
:10051000121A0CF015FF0C4B002B00D098470B4B18
:10052000002B00D098470020002104000D000B484C
:100530000CF016FA0DF0E2F8200029000BF0E8FBB1
:100540000CF014FA00000800000000000000000099
:1005500000F00020A0080020606300204DD70000BC
:100560001EF0040F0CBFEFF30880EFF3098008F0D2
:10057000A1BD1EF0040F0CBFEFF30880EFF309805C
:1005800008F0E2BD1EF0040F0CBFEFF30880EFF39C
:10059000098008F009BE0138FDD1704780B500AF71
:1005A00000F0FAF8044B5B69034A43F400735361AB
:1005B000FFF740FF00BF80BD00ED00E080B588B0D0
:1005C00000AF314BD3F8983003F08063FB61FB69D7
:1005D000002B4ED12C4BD3F8983003F480537B6121
:1005E0007B69002B15D1294B294A1A60294B284ACF
:1005F0001A60294B264A1A60284B294A1A60294B4F
:10060000234A1A60284B224A1A60284B204A1A6053
:1006100036E0274A3B1D92E8030083E803001A4BAB
:10062000D3F89C309B0903F007033B613A1D3B69FB
:1006300013441B78FB73FB7B022B12D0022B14DCC0
:10064000002B02D0012B07D00FE000F035F8B86185
:10065000B86900F04FF813E04FF4004000F04AF89A
:100660000EE0144800F046F80AE0124800F042F8A4
:1006700006E000F021F8B861B86900F03BF8FFE748
:1006800000BF2037BD4680BD00800340040000202D
:1006900080651406080000200C00002010000020D7
:1006A0006019850114000020180000201C000020A3
:1006B00014D4010040420F0080B483B000AF0A4B55
:1006C000D3F8503103F004033B603B68002B02D1A8
:1006D000064B7B6001E0064B7B607B6818460C375D
:1006E000BD4680BC704700BF0080034040787D015C
:1006F00080F0FA0280B483B000AF78600C4A7B6867
:1007000013600C4A7B6813600B4A7B6813600B4BC9
:100710000B4A1A600B4A7B6813600B4A7B681360B4
:100720000A4A7B68136000BF0C37BD4680BC704727
:1007300004000020080000200C0000201000002011
:100740006019850114000020180000201C00002002
:1007500080B483B000AF0E4BD3F84C313B603B68A4
:100760004FF60202934204D03B680A4A934203D0F8
:1007700005E001237B6005E002237B6002E00023AB
:100780007B6000BF7B6818460C37BD4680BC704755
:100790000080034002F8010080B582B000AFFFF78F
:1007A000D7FF78607B68012B02D100F007F800E0EA
:1007B00000BF00BF0837BD4680BD000080B400AF59
:1007C000094BD3F89830084A43F48073C2F8983044
:1007D000054BD3F89830044A23F08063C2F8983070
:1007E00000BFBD4680BC70470080034080B483B02A
:1007F00000AF78604FF0FF3318460C37BD4680BC21
:10080000704780B584B000AFF860B9607A600CF0D2
:100810006FFF03460C221A604FF0FF331846103763
:10082000BD4680BD80B483B000AF786000BFFDE7F7
:1008300080B500AF0CF05CFF03460B221A604FF04E
:10084000FF33184680BD80B483B000AF7860396054
:100850003B684FF400525A60002318460C37BD46DF
:1008600080BC704780B400AF01231846BD4680BCF1
:10087000704780B483B000AF7860012318460C370E
:10088000BD4680BC704780B582B000AF78603960EB
:100890000CF02EFF034616221A604FF0FF33184665
:1008A0000837BD4680BD80B582B000AF7860396042
:1008B0000CF01EFF03461F221A604FF0FF3318464C
:1008C0000837BD4680BD80B485B000AFF860B96020
:1008D0007A60002318461437BD4680BC704780B448
:1008E00085B000AFF860B9607A604FF0FF3318460A
:1008F0001437BD4680BC704780B485B000AFF86047
:10090000B9607A60002318461437BD4680BC704732
:1009100080B485B000AFF860B9607A603B600023B6
:1009200018461437BD4680BC7047000080B586B0BD
:1009300000AF78601F4B1B68002B02D11D4B1E4A75
:100940001A601C4B1B687B61EFF308833B61194BFA
:100950001B683A699A420FD9164B1A687B68134490
:100960003A699A421AD21923144A01210020FFF74A
:10097000CFFF0120FFF756FF114BFB600D4B1A68AC
:100980007B681344FA689A4208D219230D4A012160
:100990000020FFF7BDFF0120FFF744FF054B1A6859
:1009A0007B681344034A13607B6918461837BD46B9
:1009B00080BD00BFC0080020606300201CD401007F
:1009C00000F0002038D4010080B483B000AF78601C
:1009D00039603B684FF400525A60002318460C37C8
:1009E000BD4680BC704780B483B000AF78604FF0E4
:1009F000FF3318460C37BD4680BC704780B582B0C7
:100A000000AF78600CF074FE034602221A604FF0CB
:100A1000FF3318460837BD4680BD80B582B000AFB1
:100A200078600CF065FE03460A221A604FF0FF332F
:100A300018460837BD4680BD2DE9B04384B000AFED
:100A400078607B68002298469146104BD3E90023DA
:100A500002FB09F008FB03F10144A8FB02454B1916
:100A60001D460B4A4FF00003204629461CF016FB9A
:100A700002460B4613460133FB60F868FFF78BFD17
:100A800000BF1037BD46BDE8B08300BFB8000020EE
:100A900040420F0080B582B000AF78607B684FF4B1
:100AA0007A7202FB03F31846FFF7C6FF00BF083750
:100AB000BD4680BD80B582B000AF78607B684FF4E2
:100AC0007A7202FB03F31846FFF7E4FF00BF083712
:100AD000BD4680BD80B485B000AF786039604FF00E
:100AE000FF33FB603B68BB6012E07B681B781A46F3
:100AF000FB681B0E53400B4A52F82320FB681B0275
:100B00005340FB607B6801337B60BB68013BBB608B
:100B1000BB68002BE9D1FB68DB4318461437BD46A0
:100B200080BC70474CD4010080B500AF304808F05D
:100B30003DFD304B1B6819462F4808F037FD2F4B01
:100B40001B6819462E4808F031FD2E4B1B681946CC
:100B50002D4808F02BFD2D4B1B6819462C4808F03A
:100B600025FD2C4B1B6819462B4808F01FFD2B4B0D
:100B70001B6819462A4808F019FD2A4B1B681946BC
:100B8000294808F013FD294B1B681946284808F02E
:100B90000DFD284B1B681946274808F007FD274B19
:100BA0001B681946264808F001FD264B1B681946AC
:100BB000254808F0FBFC254B1B681946244808F023
:100BC000F5FC244B1B681946234808F0EFFC234B27
:100BD0001B681946224808F0E9FC224B1B6819469D
:100BE000214808F0E3FC214808F0E0FC00BF80BD8C
:100BF0004CD801000000000064D801009001000002
:100C000084D80100B0040000A0D80100588D020073
:100C1000B8D80100508D0200CCD80100588D0200D8
:100C2000E4D8010000000020FCD80100A00800204A
:100C300014D90100A008002028D901006063002019
:100C400040D901006063002050D9010000F000206D
:100C50006CD9010000F0002080D9010000000120C3
:100C60009CD9010060630020B0D90100C0D9010007
:100C700080B584B000AFF860B9607A603B603B68D3
:100C800018687B68BA68F968984702463B681A603A
:100C90003B681B68002B02D14FF0FF3300E00023BC
:100CA00018461037BD4680BD80B586B000AFF860ED
:100CB000B9607A603B6014E0BB68102B28BF10233A
:100CC0007B613B687A687969F868FFF7D1FF034672
:100CD000002B02DA4FF0FF3307E0BA687B69D31AC2
:100CE000BB60BB68002BE7D1002318461837BD4610
:100CF00080BD000080B586B000AFF860B9607A6052
:100D00003B6000237B617B68002B0BD0BB68FA68DB
:100D100079683048FFF7C8FF0346002B02DA4FF02E
:100D2000FF3353E07A697B6813447B613B68002B97
:100D300012D03B6A002B0FD0BB68FA68396A38685A
:100D4000FFF796FF0346002B02DA4FF0FF333DE03A
:100D50007A693B6A13447B617B6A002B0BD0BB68CA
:100D6000FA68796A1C48FFF79FFF0346002B02DAF6
:100D70004FF0FF332AE07A697B6A13447B61FB6A98
:100D8000002B0BD0BB68FA68F96AB86AFFF770FFEE
:100D90000346002B02DA4FF0FF3317E07A69FB6A53
:100DA00013447B613B6B002B0BD0BB68FA68396B3B
:100DB0000848FFF779FF0346002B02DA4FF0FF33B4
:100DC00004E07A693B6B13447B617B6918461837F2
:100DD000BD4680BDC4D90100D8D9010080B489B016
:100DE00000AFF860B9607A603B600023FB610023CC
:100DF000BB6100237B61FB689B681A46BB6893421A
:100E000005D2FB689B681A46BB68D31A7B61FB68F6
:100E10005B6803F00403002B02D07B69BB6101E037
:100E20007B69FB61FB685B6803F04003002B15D016
:100E3000FA69BB6913443B61FB685B6803F0040318
:100E4000002B0CBF01230023DBB21A463B6913447D
:100E50005B08FB613A69FB69D31ABB617B68002BB5
:100E600002D07B68FA691A603B68002B02D03B68AD
:100E7000BA691A6000BF2437BD4680BC70470000C5
:100E80002DE9B04FA0B000AFC7E912017A643B640E
:100E9000D7E91223C7E91C23D7E91C231446C3F35F
:100EA0001305C7E91845D7E91C234FF000004FF0A0
:100EB0000001180D00210346C3F30A03BB66D7E9FE
:100EC0001C234FF000004FF00001D80F0021034613
:100ED000FB66BA6E40F2FF739A4209D16FF000438D
:100EE000BB65FB6EFB65D7E91823C7E91423FFE058
:100EF000D7E9182313430DD1BB6E002B0AD1002371
:100F0000BB654FF000024FF00003C7E91423FB6EEE
:100F1000FB65EDE0FB6EFB65BB6E002B21D1012371
:100F2000BB664FF000024FF00003C7E91423002313
:100F3000BB650CE0D7E918239118B9615B41FB61EF
:100F4000D7E90623C7E91823BB6E013BBB66D7E987
:100F500018234FF0000A03F4002B5AEA0B03E9D0E0
:100F600006E075A3D3E90023C7E914230023BB657A
:100F700073A3D3E90023C7E91E23D7E918234FF051
:100F800000004FF00001190341EA12511003C7E9B4
:100F9000180131E0D7E91823002B0CDAD7E9140146
:100FA000D7E91E238418BC6341EB0303FB63D7E935
:100FB0000E34C7E91434D7E91823911839615B411D
:100FC0007B61D7E90423C7E91823D7E91E23511C05
:100FD000396343F100037B634FF000024FF00003DD
:100FE000D7E90C4521464A08204629460C4642EAE4
:100FF000C4724B08C7E91E23D7E918231343C9D18C
:10100000BB6EA3F2FF33BB6629E0D7E91423911826
:10101000B9605B41FB60D7E90223C7E91423D7E934
:10102000142341498A4241498B4115D3D7E91423FE
:10103000511DB96243F10003FB624FF00A024FF009
:101040000003D7E90A011CF029F802460B46C7E95C
:101050001423BB6D0133BB65BB6E013BBB66BB6E2E
:10106000002BD2DC41E0D7E9142331498A423149CF
:101070008B4120D2D7E9144522462B464FF0000081
:101080004FF00001990041EA9271900002460B4630
:1010900012EB040843EB050918EB08033B6049EB2E
:1010A00009037B60D7E9008942464B46C7E9142310
:1010B000BB6D013BBB65D7E91423511C396243F179
:1010C00000037B624FF000024FF00003D7E90845B0
:1010D00021464A08204629460C4642EAC4724B087B
:1010E000C7E91423BB6E0133BB66BB6E002BBADBB2
:1010F0007B6C002B02D0FA6D7B6C1A603B6C002B72
:1011000004D0D7E91423396CC1E90023D7F8A03003
:10111000002B03D0BA6DD7F8A0301A6000BF80371B
:10112000BD46BDE8B08F00BF0000C16FF28623004E
:1011300000008D49FD1A07000080C6A47E8D0300C3
:1011400000406352BFC6010080B586B000AFF860B2
:10115000C7E900233A6A7B6AD31A7B610EE0D7E9BC
:1011600000014FF00A024FF000031BF097FF024608
:101170000B46C7E900237B69013B7B617B69002B40
:10118000EDDC7B6A7B6122E0D7E900014FF00A02C7
:101190004FF000031BF082FF13463B613B69DBB25B
:1011A0003033D9B27B69013BFA6813444AB21A70F2
:1011B000D7E900014FF00A024FF000031BF06EFF69
:1011C00002460B46C7E900237B69013B7B617B69D3
:1011D000002BD9D17B6A18461837BD4680BD000068
:1011E00080B590B006AFF8607A603B600B46FB724A
:1011F00000237B6100233B613B6C6FF00042934214
:1012000015D1D7E90E23134311D097F90B30662B74
:1012100007D097F90B30652B03D097F90B30672B6C
:1012200002D12F4B3B6213E02E4B3B6210E097F94B
:101230000B30662B07D097F90B30652B03D097F94D
:101240000B30672B02D1284B3B6201E0274B3B62FE
:10125000386A0CF0F7FBF8613B6B002B02D0244B93
:101260007B6219E03B6B002B08D1FB685B6803F0E5
:101270000203002B02D01F4B7B620DE03B6B002B67
:1012800008D1FB685B6803F00103002B02D01A4B06
:101290007B6201E0194B7B62786A0CF0D3FBB8618A
:1012A000FA69BB69D11807F1100307F11402F86855
:1012B000FFF794FD7A693B690493FB6903933B6AEA
:1012C000029300230193BB6900937B6A39687868B5
:1012D000FFF710FD034618462837BD4680BD00BF06
:1012E000ECD90100F0D90100F4D90100F8D90100CE
:1012F000FCD9010000DA010004DA010008DA01007B
:101300002DE9B0438AB000AFF860B9607A603B6005
:1013100048A3D3E90023C7E908230023FB61BB6886
:101320001B68BB617B6C002B21D0BA693E4B83FBF1
:101330000231D317C91A0B465B000B44D31ABB61A9
:10134000BB69002B02DABB690333BB613B68002B2E
:101350000DD0BB681B68002BB8BF5B427B617B690B
:10136000182B04DD7B69183BBA691344BB613B68E9
:10137000002B0AD1BB69002B02DABB690133BB61C8
:10138000BB69002BB8BF5B42BB61BA697B68134481
:101390000133FB61FB6923EAE373FB610BE0D7E9EF
:1013A00008014FF00A024FF000031BF077FE0246DF
:1013B0000B46C7E90823FB695A1EFA61002BEED1E0
:1013C000FB68D3E90001D7E90823841841EB030542
:1013D000FB68C3E90045FB68D3E9002313498A424F
:1013E00013498B4118D3FB68D3E9002312F1050898
:1013F00043F100094FF00A024FF00003404649460E
:101400001BF04CFE02460B46F968C1E90023BB689D
:101410001B685A1CBB681A6000BF2837BD46BDE870
:10142000B08300BFAFF30080565555550000C16F23
:10143000F28623000080E03779C3110080B5AAB09E
:1014400006AFF8607A603B600B46FB720023C7F87A
:101450008C300023C7F884300023C7F88030002385
:10146000BB6100237B610023FB670023BB67002374
:101470007B6700233B670023FB660023BB660023DA
:10148000BB6500237B6500233B650023FB7497F954
:101490000B30672B03D097F90B30472B23D1012357
:1014A0007B65FB685B6823F02002FB685A60D7F815
:1014B000A83013F1040F05DBFB68DA68D7F8A83011
:1014C0009A4208DC97F90B30672B01D1652300E0C5
:1014D0004523FB7207E097F90B30672B01D1662398
:1014E00000E04623FB7297F90B30662B03D097F987
:1014F0000B30462B01D101233B65FB68DB68002BD9
:1015000002DAFB680622DA607B6D002B06D0FB68EE
:10151000DB68002B02D1FB680122DA60D7F8983033
:10152000002B03D0AB4BC7F888301EE0D7F89830BB
:10153000002B09D1FB685B6803F00203002B03D08A
:10154000A54BC7F8883010E0D7F89830002B09D1A8
:10155000FB685B6803F00103002B03D09F4BC7F8C7
:10156000883002E09E4BC7F88830D7F888000CF02E
:1015700069FA7863FB68DA68FB685B6803F020034C
:1015800007F1A80107F1A00001937B6D00933B6D6B
:10159000FFF7B6FED7E92823134324D01023C7F85A
:1015A0008C301AE0D7E928014FF00A024FF000030F
:1015B0001BF074FD134315D1D7F88C30013BC7F8ED
:1015C0008C30D7E928014FF00A024FF000031BF0DE
:1015D00065FD02460B46C7E92823D7F88C30002B5F
:1015E000E0D100E000BF3B6D002B37D0FB685B68AB
:1015F00003F02003002B2AD00823FB6419E0D7F85E
:10160000A830022B08DDFB6C0133FB64D7F8A8304F
:10161000033BC7F8A8300CE0D7F8A830002B0FDA4E
:10162000FB6C013BFB64D7F8A8300333C7F8A83044
:1016300000BFFB6C002B04DDFB6C0F2BDFD900E03F
:1016400000BF684AFB6C134493F90030FB74D7F871
:10165000A83043EAE37301337B6623E001237B6612
:10166000FB685B6803F02003002B1BD0D7F8A82091
:101670005D4B83FB0231D317C91A0B465B000B4449
:10168000D31ABB64BB6C002B02DABB6C0333BB64A4
:101690007A6EBB6C13447B66D7F8A820BB6CD31A58
:1016A000C7F8A830FB68DA68D7F88C107B6ECB1AC5
:1016B00023EAE3739342A8BF13463B663B6D002BBE
:1016C0003CD07B6D002B39D0D7E92823C7E9102304
:1016D000D7F88C30FB630EE0FB6B013BFB63D7E973
:1016E00010014FF00A024FF000031BF0D7FC024636
:1016F0000B46C7E910237A6E3B6E1344FA6B9A428D
:10170000EADC0EE0D7E910014FF00A024FF00003C7
:101710001BF0C4FC02460B46C7E910233B6E013B9D
:101720003B663B6E002B09DDD7E910014FF00A0242
:101730004FF000031BF0B2FC1343E3D07A6E7B6BD7
:101740001A443B6E1344C7F880303B6D002B38D0F1
:101750007B6E002B06D10123FB67D7F88030013365
:10176000C7F880307A6ED7F88C309A4204DD7A6EF2
:10177000D7F88C30D31ABB67D7F8A830B3F1FF3F46
:1017800015DAFB68DB68002B11DDD7F8A830DB43E6
:101790007B67FB68DB681A467B6F934228BF134662
:1017A0007B67D7F880207B6F1344C7F8803097F9A8
:1017B0001330002B34D0D7F880300133C7F8803095
:1017C0002EE0D7F8A830002BB8BF5B42FB650023A2
:1017D000BB6516E0FCD9010000DA010004DA010063
:1017E00008DA01002400002056555555BB6D013321
:1017F000BB65FB6D9C4A82FB03129210DB17D31A68
:10180000FB65FB6D002BF1DCBB6D022B38BF0223A7
:10181000BB65BA6DD7F8803013440233C7F8803007
:101820003A6E7B6F1344FA68D268934217D27B6D8D
:10183000002B05D0FB685B6803F00803002B0ED07B
:10184000FB68DB681A467B6FD21A3B6ED31A3B6784
:10185000D7F880203B6F1344C7F880301AE03B6D07
:10186000002B17D03A6E7B6F1344FA68D26893420C
:1018700010D93A6E7B6F1344FA68D2689B1A3B63A7
:101880003B6BD7F88020D31AC7F880303A6E3B6B99
:10189000D31A3B667B6F002B0BD13B6F002B08D11B
:1018A0003B6E002B05DCFB685B6803F00803002B34
:1018B00006D00123BB66D7F880300133C7F88030EB
:1018C00007F1140307F11802D7F88010F868FFF742
:1018D00085FAFB685B6803F01003002B05D0BB6939
:1018E000FA6F1344FB670023BB617B6E002B0ED0A5
:1018F000D7E92823786EB96F411A07F11C000191CE
:10190000D7F88C100091FFF71FFC034600E000237E
:10191000C7F88430D7F88C20D7F88430D31AC7F8AA
:101920008C30BA6900230493D7F88430039307F10D
:101930001C030293FB6F01937B6B0093D7F88830F5
:1019400039687868FFF7D6F9F862FB6AB3F1FF3FB0
:1019500001D1FB6AF4E0FA6EFB6A1344FB660023D4
:1019600004930023039300230293BB6F019300238E
:1019700000930023002239687868FFF7BBF9F8620A
:10198000FB6AB3F1FF3F01D1FB6AD9E0FA6EFB6A53
:101990001344FB663B6E002B0CD0D7E9282307F1DC
:1019A0001C00396E0191D7F88C100091FFF7CCFB29
:1019B000034600E00023C7F88430BB6E002B14BF41
:1019C00001230023DBB21A4600230493D7F88430A6
:1019D000039307F11C0302937B6F01930092234B47
:1019E000002239687868FFF785F9F862FB6AB3F17D
:1019F000FF3F01D1FB6AA3E0FA6EFB6A1344FB666A
:101A00000023049300230393002302933B6F01936D
:101A1000002300930023002239687868FFF76AF9F1
:101A2000F862FB6AB3F1FF3F01D1FB6A88E0FA6E0E
:101A3000FB6A1344FB66BB6D002B5DD0D7F8A83062
:101A4000002BB8BF5B42BB63FB7A3B74D7F8A8306E
:101A5000002B01DA2D2300E02B237B74BB6DFB658B
:101A60000023C7F8843025E0676666660CDA01005B
:101A7000B96B354BA3FB0123DA0813469B001344D3
:101A80005B00CA1AD3B23033DAB2FB6D013B52B2FB
:101A900090333B4403F8742CFB6D013BFB65D7F896
:101AA00084300133C7F88430BB6B274AA2FB032381
:101AB000DB08BB63FB6D002BDADC07F110020023AF
:101AC0000493D7F88430039307F11C030293002397
:101AD0000193022300931346002239687868FFF7C8
:101AE00009F9F862FB6AB3F1FF3F01D1FB6A27E015
:101AF000FA6EFB6A1344FB6697F91330002B14BF90
:101B000001230023DBB21A467B690493039207F199
:101B10001303029300230193002300930023002268
:101B200039687868FFF7E6F8F862FB6AB3F1FF3FBF
:101B300001D1FB6A04E0FA6EFB6A1344FB66FB6E9C
:101B400018469037BD4680BDCDCCCCCC90B593B077
:101B500006AFF860B9603B601346FB71FB6893F910
:101B600014304C2B02D14FF0FF334DE0BB681B68A3
:101B7000073323F0070303F10801BA681160D3E9C2
:101B80000023C7E90A2307F1180107F1240207F12E
:101B9000140300930B46D7E90A01FFF771F97B693B
:101BA0006FF00042934203D1D7E90623134308D1D3
:101BB0007B696FF00042934215D1D7E906231343A6
:101BC00011D1796AD7E90623786997F9074004901B
:101BD000CDE9022300913B6C3A682146F868FFF793
:101BE000FFFA034610E0796AD7E90623786997F986
:101BF00007400490CDE9022300913B6C3A682146EE
:101C0000F868FFF71BFC034618463437BD4690BD05
:101C10002DE9B04FAAB006AFF865B9653B6513462C
:101C200087F85730FB6D1A6AFB6D5B6A1344C7F87F
:101C30008430D7F884300733DB08C7F880304FF0A2
:101C400000024FF00003C7E918234FF000024FF0E5
:101C50000003C7E91823D7F88030002B02D14FF0DA
:101C6000FF33EEE0D7F88030042B08D8BB6D19683D
:101C70000A1DBB6D1A600B68C7F88C3007E0BB6D9E
:101C800019680A1DBB6D1A600B68C7F88C30D7F84D
:101C90008C30002B0AD10023FB674FF000024FF07D
:101CA0000003C7E91C230023FB66BAE0D7F88430A1
:101CB0005A1E012303FA02F2D7F88C301340002B8E
:101CC00014BF01230023DBB2FB67FB6F002B04D0A2
:101CD000D7F88C305B42C7F88C30D7F884305A1E66
:101CE000012393405A1ED7F88C301340C7F88C302C
:101CF000D7F88C30DA17BB64FA64D7E91223C7E946
:101D00001C234FF0FF33C7F8883009E0D7F88C3038
:101D10005B10C7F88C30D7F888300133C7F88830AB
:101D2000D7F88C30002BF1D1D7F88820FB6D5B6A97
:101D3000D31AFB6609E0D7E91C23911839605B418F
:101D40007B60D7E90023C7E91C23D7E91C23B3F53F
:101D5000801FF0D3D7E9182300244FEA13554FEA28
:101D60000555D7E91C239246C3F3130B44EA0A0333
:101D70003B6445EA0B037B64D7E91034C7E91834A8
:101D8000D7E91823BA636FF31E53FB63FB6EDA17B0
:101D90003B637A633B6BC3F30A084FF0000940F2E0
:101DA000FF3318EB0303BB6249F10003FB624FF002
:101DB00000024FF00003B96A0B050022D7E90E01BB
:101DC000044614433C6219437962D7E90834C7E9F1
:101DD0001834D7E91823BA6123F00043FB61FB6F85
:101DE00000223B617A614FF000024FF00003396935
:101DF000CB070022D7E9060104461443BC6019430F
:101E0000F960D7E90234C7E91834D7E9180107F1B6
:101E1000700407F17C0207F16C0300932346FFF77F
:101E20002FF8F96FD7E91C23F86E0490CDE902234F
:101E30000091D7F8B0303A6D6621F86DFFF7FEFAE1
:101E4000034618469037BD46BDE8B08FB0B485B0A4
:101E500000AF786039603B681B68191D3A681160F3
:101E60001B68FB60FB68002B48D07B6893F914303B
:101E7000682B05D17B681B681AB2FB681A803DE0AD
:101E80007B6893F91430692B05D17B681B685AB2C3
:101E9000FB681A7032E07B6893F914306C2B05D123
:101EA0007B681B681A46FB681A6027E07B6893F919
:101EB00014306A2B08D17B681B6800221C4615462B
:101EC000FB68C3E9004519E07B6893F914307A2B6D
:101ED00004D17B681A68FB681A600FE07B6893F98D
:101EE0001430742B05D17B681B681A46FB681A6096
:101EF00004E07B681B681A46FB681A6000231846DA
:101F00001437BD46B0BC704780B58EB006AFF860E0
:101F1000B9603B601346FB710023FB6197F9073002
:101F2000632B08D1BB681B68191DBA6811601B6858
:101F30005BB2FB7403E0FB6893F91530FB74FB683C
:101F4000DB68002B02DAFB680122DA60FB68DB68E1
:101F5000012BB8BF0123BB611FE0002304930123C1
:101F6000039307F1130302930023019300230093CB
:101F700000230022B96A3868FEF7BCFE78617B69ED
:101F8000B3F1FF3F02D14FF0FF330AE0FA697B69FA
:101F90001344FB61BB69013BBB61BB69002BDCD116
:101FA000FB6918462037BD4680BD000080B58EB065
:101FB00006AFF860B9603B601346FB710023FB611C
:101FC00000237B6100233B61BB681B68191DBA6855
:101FD00011601B68BB61BB69002B01D1174BBB6152
:101FE000B8690BF02FFDF861FB68DB68002B07DB9D
:101FF000FB68DB681A46FB69934228BF1346FB6106
:1020000007F1100307F11402F969F868FEF7E6FE1C
:102010007A693B690493FB690393BB6902930023CC
:102020000193002300930023B96A3868FEF762FE2B
:10203000034618462037BD4680BD00BF10DA0100B8
:102040002DE9F043CBB006AF07F58876A6F582768A
:10205000306007F58870A0F584700160114607F5BF
:102060008872A2F58872136007F58873A3F20913CA
:102070000A461A700023C7F80C310023BB61002305
:102080007B610023C7F804310023C7F80031002327
:10209000C7F8FC300023C7F8F4300023C7F8F0304D
:1020A00007F58873A3F582731B685B6803F08003F0
:1020B000002B00F0EE8007F58873A3F582731B6890
:1020C00093F914306C2B10D107F58873A3F5847342
:1020D0001B681B68191D07F58872A2F584721268C7
:1020E00011601B68C7F8EC3063E007F58873A3F54F
:1020F00082731B6893F914306A2B16D107F5887325
:10210000A3F584731B681B68073323F0070303F1EF
:10211000080107F58872A2F5847212681160D3E98C
:1021200000231346C7F8EC3043E007F58873A3F5A6
:1021300082731B6893F914307A2B10D107F58873DA
:10214000A3F584731B681B68191D07F58872A2F537
:102150008472126811601B68C7F8EC3029E007F53B
:102160008873A3F582731B6893F91430742B10D114
:1021700007F58873A3F584731B681B68191D07F5A1
:102180008872A2F58472126811601B68C7F8EC307F
:102190000FE007F58873A3F584731B681B68191D8E
:1021A00007F58872A2F58472126811601B68C7F87F
:1021B000EC3007F58873A3F582731B6893F914302C
:1021C000682B04D1D7F8EC301BB2C7F8EC3007F518
:1021D0008873A3F582731B6893F91430692B04D1BB
:1021E000D7F8EC305BB2C7F8EC30D7F8EC30002B06
:1021F000B8BF5B42C7F8F83007F58873A3F5807362
:1022000000221A70D7F8EC30002B06DA07F5887335
:10221000A3F580732D221A7020E007F58873A3F5CB
:1022200082731B685B6803F00203002B06D007F57E
:102230008873A3F580732B221A700FE007F588735B
:10224000A3F582731B685B6803F00103002B05D0C4
:1022500007F58873A3F5807320221A7007F5887339
:10226000A3F5807393F90030002B00F0B2800123B6
:10227000C7F8F43007F58873A3F582731B685B68B1
:1022800043F0080207F58873A3F582731B685A6050
:102290009FE007F58873A3F582731B6893F91430E8
:1022A0006C2B10D107F58873A3F584731B681B682A
:1022B000191D07F58872A2F58472126811601B68F7
:1022C000C7F8F83063E007F58873A3F582731B68DD
:1022D00093F914306A2B16D107F58873A3F584732C
:1022E0001B681B68073323F0070303F1080107F598
:1022F0008872A2F5847212681160D3E90023134634
:10230000C7F8F83043E007F58873A3F582731B68BC
:1023100093F914307A2B10D107F58873A3F58473E1
:102320001B681B68191D07F58872A2F58472126874
:1023300011601B68C7F8F83029E007F58873A3F52A
:1023400082731B6893F91430742B10D107F58873CE
:10235000A3F584731B681B68191D07F58872A2F525
:102360008472126811601B68C7F8F8300FE007F537
:102370008873A3F584731B681B68191D07F58872A1
:10238000A2F58472126811601B68C7F8F83007F56F
:102390008873A3F582731B6893F91430682B04D1FA
:1023A000D7F8F8309BB2C7F8F83007F58873A3F573
:1023B00082731B6893F91430692B04D1D7F8F83075
:1023C000DBB2C7F8F83007F58873A3F580733022C5
:1023D0001A7007F58873A3F2091393F900306F2B75
:1023E00006D1D7F8F830002B02D00123C7F8F4301B
:1023F00007F58873A3F2091393F90030782B0FD0F7
:1024000007F58873A3F2091393F90030582B07D00E
:1024100007F58873A3F2091393F90030622B32D1C8
:1024200007F58873A3F582731B685B6803F02003CC
:10243000002B03D1D7F8F830002B0CD007F58873A8
:10244000A3F5807307F58872A2F2091212785A7008
:102450000223C7F8F43007F58873A3F582731B686D
:102460005B6803F02003002B0DD007F58873A3F5FC
:10247000807393F9013043F020035AB207F5887353
:10248000A3F580735A7007F58873A3F582731B68F0
:102490005B6803F00803002B0ED0D7F80C21D7F8A7
:1024A000F4301344C7F80C3107F11003C7F8FC30BF
:1024B000D7F8F430C7F80031D7F834310A2B50D1AF
:1024C0000023C7F8083147E0D7F8F83000229846D3
:1024D0009146AF4B03FB09F2002303FB08F31344BF
:1024E000AB4AA8FB02452B441D46C7E92C45C7E96A
:1024F0002C45D7E92C014FF000024FF00003CA0829
:1025000000231346C7F8AC30D7F8AC309B00D7F89F
:10251000AC201344C7F8A830D7F8A8305B00D7F830
:10252000F820D31AC7F8A430D7F808310133C7F818
:102530000831D7F8A430DBB23033DAB2D7F808313B
:10254000C3F1820352B203F588733B4403F8F42CC1
:10255000D7F8AC30C7F8F830D7F8F830002BB3D143
:10256000ACE0D7F83431022B07D0D7F83431082B40
:1025700003D0D7F83431102B5BD1D7F83431013B7D
:10258000C7F8C030D7F83431102B07D0D7F8343122
:10259000082B01D1032302E0012300E00423C7F844
:1025A000BC300023C7F808313EE0D7F8F820D7F850
:1025B000C0301340774AD35C87F8EB3007F5887357
:1025C000A3F2091393F90030782B0FD007F5887325
:1025D000A3F2091393F90030692B07D007F588732C
:1025E000A3F2091393F90030752B05D197F8EB305E
:1025F00043F0200387F8EB30D7F808310133C7F8F0
:102600000831D7F80831C3F1820303F588733B44DE
:1026100097F8EB2003F8F42CD7F8F820D7F8BC3063
:1026200022FA03F3C7F8F830D7F8F830002BBCD102
:1026300044E00023C7F808313CE0D7F8F830D7F879
:102640003421B3FBF2F2D7F8341101FB02F29B1AEA
:10265000504AD35C87F8EA3007F58873A3F2091370
:1026600093F90030692B07D007F58873A3F209139B
:1026700093F90030752B05D197F8EA3043F0200329
:1026800087F8EA30D7F808310133C7F80831D7F8AE
:102690000831C3F1820303F588733B4497F8EA20BD
:1026A00003F8F42CD7F8F820D7F83431B2FBF3F361
:1026B000C7F8F830D7F8F830002BBED107F588738B
:1026C000A3F582731B68DB69002B00F01C8107F502
:1026D0008873A3F582731B689B69C7F8E43007F51C
:1026E0008873A3F582731B68DB69C7F8E0300023A9
:1026F000C7F8D830D7F80831C7F8D030D7F8083144
:10270000C3F18203C7F8CC30D7F8E030013BD7F8EB
:10271000E4201344C7F8E430E6E0D7F8E030002BBB
:1027200000F08580D7F8E4301B7887F8DF3097F920
:10273000DF302D2B00F0DE8097F9DF302A2B1FD100
:1027400007F58873A3F584731B681B68191D07F5CB
:102750008872A2F58472126811601B68C7F8D830BD
:10276000D7F8D830002BC0F2C780D7F8E430013B4F
:10277000C7F8E430D7F8E030013BC7F8E03043E079
:102780000023C7F8D8300123C7F8D43023E000BFB6
:10279000CDCCCCCC20DA010097F9DF30303B1A46A3
:1027A000D7F8D43003FB02F2D7F8D8301344C7F877
:1027B000D830D7F8D42013469B0013445B00C7F8E9
:1027C000D430D7F8E430013BC7F8E430D7F8E03034
:1027D000013BC7F8E030D7F8E030002B14D0D7F831
:1027E000E4301B7887F8DF3097F9DF30002B0BD00F
:1027F00097F9DF300133874A134493F90030DBB295
:1028000003F00403002BC7D1D7F8E030002B75D0BC
:10281000D7F8E4301B7887F8DF30D7F8E430013B95
:10282000C7F8E430D7F8E030013BC7F8E030D7F81C
:10283000D830002B54D0D7F8D830D7F8D0209A42CF
:102840005ED9D7F8CC30C7F8C830D7F8D830D7F829
:10285000D020D31AC7F8C43018E0D7F8C830013BED
:1028600007F11C01D7F8C8200A4492F9002003F5AB
:1028700088733B4403F8F42CD7F8C430013BC7F805
:10288000C430D7F8C8300133C7F8C830D7F8C430DF
:10289000002BE2D1D7F8CC30013BC7F8CC30D7F8C9
:1028A000CC20D7F8D0301A44D7F8D830D31A03F553
:1028B00088733B4497F8DF2003F8F42CD7F80831ED
:1028C0000133C7F80831D7F8F0300133C7F8F030DA
:1028D000D7F8D830D7F8D020D31AC7F8D03003E0D3
:1028E000D7F8E030002B0DD0D7F8D030002B7FF494
:1028F00014AF08E000BF06E000BF04E000BF02E044
:1029000000BF00E000BFD7F80831C7F8A03007F5D6
:102910008873A3F582731B68DB68002B07DA07F561
:102920008873A3F582731B680122DA600DE007F556
:102930008873A3F582731B685B6823F0100207F5A8
:102940008873A3F582731B685A6007F58873A3F533
:1029500082731B68DB681A46D7F8F0301344D7F847
:102960000821934238BF1346C7F80831D7F80C2125
:10297000D7F808311344C7F80C3107F1140307F1F5
:10298000180207F58871A1F58270D7F80C1100685C
:10299000FEF724FAD7F80821D7F8A030D31AC7F8E1
:1029A000043107F58873A3F582731B685B6803F035
:1029B0001003002B07D0BB69D7F804211344C7F8D4
:1029C00004310023BB61B969D7F8A030C3F1820399
:1029D00007F11C0213447A6907F58870A0F5887026
:1029E0000492D7F8A02003920293D7F80431019300
:1029F000D7F800310093D7F8FC300A46D7F83011E9
:102A00000068FEF777F90346184607F58A77BD4652
:102A1000BDE8F0833418020080B58CB006AFF860D2
:102A2000B9603B601346FB7100237B6197F9073067
:102A30006E2B05D1B968F868FFF708FA0346DDE0A8
:102A400097F90730252B11D1002304930123039319
:102A5000FB1D029300230193002300930023002217
:102A6000396A3868FEF746F90346C7E097F9073038
:102A7000632B03D097F90730432B0AD197F907202E
:102A80003B6A00933B68B968F868FFF73DFA034674
:102A9000B4E097F90730732B0AD197F907203B6A06
:102AA00000933B68B968F868FFF780FA0346A5E031
:102AB00097F90730652B13D097F90730452B0FD0C6
:102AC00097F90730662B0BD097F90730462B07D0C4
:102AD00097F90730672B03D097F90730472B0AD1B6
:102AE00097F907203B6A00933B68B968F868FFF7DD
:102AF0002DF8034682E097F907306B2B0AD197F93E
:102B000007203B6A00933B68B968F868FFF780F8D4
:102B1000034673E097F90730702B0DD15823FB71F2
:102B2000FB6800221A75FB6828225A60FB6808229D
:102B30009A60FB680822DA6097F90730642B07D0A7
:102B400097F90730692B03D097F90730492B1CD12F
:102B5000FB685B6843F08002FB685A600A237B6174
:102B6000FB685B6823F00802FB685A6097F907303E
:102B7000692B03D097F90730492B06D1FB681B69F5
:102B8000002B02D0FB681B697B6197F90730782B1B
:102B900003D097F90730582B01D110237B6197F9A7
:102BA0000730752B03D097F90730552B08D1FB68F8
:102BB0001B69002B02D0FB681B6900E00A237B61C4
:102BC00097F907306F2B01D108237B6197F9073004
:102BD000622B01D102237B617B69012B0CD997F910
:102BE00007207B6901933B6A00933B68B968F868EA
:102BF000FFF726FA034601E04FF0FF331846183777
:102C0000BD4680BD80B59CB002AFF860B9607A6007
:102C10003B607B683B663B683B617B68002B00F058
:102C20008C8200237B617DE23B6EFB6502E0FB6DE5
:102C30000133FB65FB6D93F90030002B04D0FB6D75
:102C400093F90030252BF2D1FA6D3B6ED31AFB6459
:102C5000FB6C002B0ED007F10803FA68F96C386E94
:102C6000FEF706F80346002BC0F269827A69FB6C16
:102C700013447B61FB6D3B663B6E93F90030002B88
:102C800000F050823B6E01333B660023BB610BE0DA
:102C9000BA69BB6CA6495B1AA64951F823301343A5
:102CA000BB613B6E01333B663B6E1B7887F8673038
:102CB00097F96730002B09D097F9673019469C487F
:102CC0000AF08EFBB864BB6C002BE1D13B6E93F92C
:102CD00000302A2B12D13B691A1D3A611B68FB6137
:102CE000FB69002B06DAFB695B42FB61BB6943F0C1
:102CF0000403BB613B6E01333B6628E00023FB61AC
:102D00000DE0FA6913469B0013445B001A4697F9DD
:102D100067301344303BFB613B6E01333B663B6ED7
:102D20001B7887F8673097F96730002B0FD097F939
:102D300067300133804A134493F90030DBB203F06B
:102D40000403002B03D0FB69B3F5FA7FD9DBFB69E1
:102D5000B3F5FA7F00F3F5813B6E93F900302E2B2B
:102D600003D04FF0FF333B6243E03B6E01333B66E1
:102D70003B6E93F900302A2B0DD13B691A1D3A6145
:102D80001B683B623B6AB3F5FA7F00F3DC813B6E64
:102D900001333B662DE000233B620DE03A6A1346A7
:102DA0009B0013445B001A4697F967301344303B8D
:102DB0003B623B6E01333B663B6E1B7887F86730A6
:102DC00097F96730002B0FD097F9673001335A4AD3
:102DD000134493F90030DBB203F00403002B03D05B
:102DE0003B6AB3F5FA7FD9DB3B6AB3F5FA7F00F3B0
:102DF000AC813B6E93F900303A2B02D000237B620A
:102E000048E03B6E01333B663B6E93F900302A2B62
:102E100014D13B691A1D3A611B687B647B6C002BE3
:102E200002DA00237B6205E07B6C242B00F38F81A8
:102E30007B6C7B623B6E01333B662BE000237B6245
:102E40000DE07A6A13469B0013445B001A4697F91B
:102E500067301344303B7B623B6E01333B663B6E15
:102E60001B7887F8673097F96730002B0ED097F9F9
:102E700067300133304A134493F90030DBB203F07A
:102E80000403002B02D07B6A232BDADD7B6A242B20
:102E900000F35F8110237B631023BB6300233B633C
:102EA0000023FB623B6E1B7887F8673097F9673029
:102EB0005B2B24D10023BB653B6E01333B663B6E2D
:102EC000FB6205E03B6E01333B66BB6D0133BB65C6
:102ED0003B6E1B7887F8673097F96730002B03D07B
:102EE00097F967305D2BEDD197F96730002B00F033
:102EF00032813B6E01333B66BB6D3B639CE097F9CF
:102F000067307B2B40F098803B6E01333B663B6E15
:102F100093F900302A2B08D13B691A1D3A611B68CE
:102F20007B653B6E01333B662DE000237B6513E040
:102F300048DA010050DA0100341802007A6D1346B5
:102F40009B0013445B001A4697F967301344303BEB
:102F50007B653B6E01333B663B6E1B7887F86730C1
:102F600097F96730002B0ED097F967300133844A08
:102F7000134493F90030DBB203F00403002B02D0BA
:102F80007B6D1F2BDAD97B6D202B00F2E6803B6E28
:102F900093F900302E2B40F0E2803B6E01333B660C
:102FA0003B6E93F900302A2B08D13B691A1D3A6118
:102FB0001B683B653B6E01333B6627E000233B65A6
:102FC0000DE03A6D13469B0013445B001A4697F9D7
:102FD00067301344303B3B653B6E01333B663B6ED1
:102FE0001B7887F8673097F96730002B0ED097F978
:102FF00067300133624A134493F90030DBB203F0C7
:103000000403002B02D03B6D1F2BDAD997F96730F0
:10301000002B00F0A6803B6E01333B663B6D202BFE
:1030200000F2A1807A6D3B6D13441F2B00F29D804E
:103030007B6D7B633B6DBB633B6E1B7887F86730B2
:1030400097F96730002B0ED097F9673019464D4835
:103050000AF0C6F90346002B05D03B6E01333B66F0
:1030600097F9673000E0002387F8283097F9283077
:10307000002B17D03B6E1B7887F8673097F96730C5
:10308000002B0FD097F9283097F967209A4209D181
:1030900097F9283043F001035BB287F828303B6E84
:1030A00001333B663B6E1B7887F8673097F96730D2
:1030B000002B05D13B691A1D3A611B683B6631E064
:1030C00097F8673087F8433097F94330432B0FD197
:1030D0003B6E01333B663B6E1B7887F8673097F990
:1030E0006730002B43D097F8673087F8293002E02B
:1030F000002387F8293097F9432007F1100107F1E1
:10310000140007F108030093FB68FFF785FCF863E0
:10311000FB6B002B2DDB7A69FB6B13447B613B6EF1
:1031200001333B663B6E1B7887F8673097F9673051
:10313000002B7FF479AD7B691EE000BF1AE000BF71
:1031400018E000BF16E000BF14E000BF12E000BFAF
:1031500010E000BF0EE000BF0CE000BF0AE000BFBF
:1031600008E000BF06E000BF04E000BF02E000BFCF
:1031700000E000BF4FF0FF3318466837BD4680BD02
:103180003418020018DA010080B483B000AF786010
:103190007B6800221A607B6818460C37BD4680BCED
:1031A000704780B483B000AF78607B6800221A60FB
:1031B0007B6818460C37BD4680BC704780B483B02E
:1031C00000AF786039603B681A687B681A607B687A
:1031D00018460C37BD4680BC704780B483B000AF42
:1031E00078607B6800221A607B6818460C37BD4601
:1031F00080BC704780B483B000AF786039603B68B2
:103200001A687B681A607B6818460C37BD4680BC1C
:103210007047000080B582B000AF78607B681B68A3
:103220001946304806F0C2F97B681B78C3F30003E7
:10323000DBB219462C4806F0B9F97B681B78C3F35A
:103240004003DBB21946294806F0B0F97B681B78C9
:10325000C3F38003DBB21946254806F0A7F97B6863
:103260001B78C3F3C003DBB21946224806F09EF96F
:103270007B681B78C3F30013DBB219461E4806F0C7
:1032800095F97B681B78C3F34013DBB219461B48E2
:1032900006F08CF97B681B78C3F38013DBB2194608
:1032A000174806F083F97B681B78C3F3C013DBB2C1
:1032B0001946144806F07AF97B685B78C3F3030378
:1032C000DBB21946104806F071F97B685B78C3F3EE
:1032D0000313DBB219460C4806F068F900BF083743
:1032E000BD4680BD70DA01009CDA0100B4DA01004D
:1032F000CCDA0100E4DA0100FCDA010014DB0100A1
:103300002CDB010044DB01005CDB010080B483B0F6
:1033100000AF786039603B68D3E900017B68024602
:103320001A600A465A607B6818460C37BD4680BC56
:10333000704780B584B000AF78607B68B3F9003027
:10334000BB817B68B3F90430FB8107F10E0207F102
:103350000C031146184600F0EBFF0346B3F90030AA
:103360009AB27B68B3F9003019467B68B3F9043030
:10337000CB1A002BB8BF5B42D90F0B445B109BB23A
:1033800013449BB21BB218461037BD4680BD0000E7
:1033900080B582B000AF786079680A684B680E48E3
:1033A00006F004F97B68B3F9003019460B4806F0C3
:1033B000FDF87B68B3F904301946094806F0F6F8C1
:1033C0007868FFF7B6FF03461946064806F0EEF8A0
:1033D00000BF0837BD4680BD74DB010090DB0100F3
:1033E000A0DB0100B0DB010080B58AB000AF002394
:1033F000FB84B54B1968D1F88C20D1F89030C7E91F
:10340000042307F1100207F1080311461846FFF7DD
:103410007DFFAD4B1968D1F8AC20D1F8B030C7E9C9
:10342000062307F118023B4611461846FFF76EFFC8
:10343000A64806F0BBF807F108031846FFF7A8FFF7
:10344000A34806F0B3F83B461846FFF7A1FFB7F9CB
:103450000830002B05D0B7F90C30002B01D0012328
:1034600000E0002387F82530B7F90030002B05D0A5
:10347000B7F90430002B01D0012300E0002387F8C6
:103480002430B7F90820B7F90C309A4202D1002352
:1034900087F82530B7F90020B7F904309A4202D1F5
:1034A000002387F82430B7F908308A4A82FB0312D8
:1034B0001A445112DA178A1A40F2DA2101FB02F299
:1034C0009A1A13B23B81B7F90C30824A82FB03127D
:1034D0001A445112DA178A1A40F2DA2101FB02F279
:1034E0009A1A13B2BB81B7F900307A4A82FB0312F1
:1034F0001A445112DA178A1A40F2DA2101FB02F259
:103500009A1A13B23B80B7F90430724A82FB031255
:103510001A445112DA178A1A40F2DA2101FB02F238
:103520009A1A13B2BB80B7F90830002B07DAB7F943
:1035300008309BB203F2DA239BB21BB23B81B7F98E
:103540000C30002B07DAB7F90C309BB203F2DA2308
:103550009BB21BB2BB81B7F90030002B07DAB7F979
:1035600000309BB203F2DA239BB21BB23B80B7F967
:103570000430002B07DAB7F904309BB203F2DA23E8
:103580009BB21BB2BB80B7F908301A46B7F90C30B2
:10359000D31A002BB8BF5B42B3F5B77F16DBB7F980
:1035A0000820B7F90C309A4208DAB7F908309BB214
:1035B00003F2DA239BB21BB23B8107E0B7F90C3070
:1035C0009BB203F2DA239BB21BB2BB81B7F9003086
:1035D0001A46B7F90430D31A002BB8BF5B42B3F5D3
:1035E000B77F16DBB7F90020B7F904309A4208DA42
:1035F000B7F900309BB203F2DA239BB21BB23B80D7
:1036000007E0B7F904309BB203F2DA239BB21BB296
:10361000BB80B7F908301A46B7F90C30D31A002B23
:10362000B8BF5B42B3F5B77F02DB002387F82530D4
:10363000B7F900301A46B7F90430D31A002BB8BFD7
:103640005B42B3F5B77F02DB002387F824302248C2
:1036500005F0ACFF07F108031846FFF799FE1C4878
:1036600005F0A4FF3B461846FFF792FE97F8253079
:10367000002B06D007F108031846FFF75AFE034651
:10368000FB8497F82430002B09D03B461846FFF7FF
:1036900050FE0346FA8C9BB213449BB2FB8497F80E
:1036A0002530002B09D097F82430002B05D0B7F92E
:1036B0002630DA0F13445B10FB84B7F92630184626
:1036C0002837BD4680BD00BF4C000020C0DB010094
:1036D000ECDB0100B1F98CB3F0DB010080B596B0F2
:1036E00000AF00237B6507F114031846FFF74CFD7C
:1036F0003B7D43F001033B753B7D43F002033B758B
:103700003B7D43F004033B757A69A14B1B681A6249
:103710006420FDF7BFF907F110031846FFF741FDDC
:103720009B4B1B685B6AFB6107F11C0207F11803E6
:1037300011461846FFF742FDBB693B6100233B82FF
:103740003A69934B1B685A6200237B6519E0904BE2
:103750001B685B6A7B6207F1240207F120031146B4
:103760001846FFF72BFD3B6A3B61B7F91020B7F90C
:1037700012309A420AD00120FDF78CF97B6D01339B
:103780007B657B6DB3F5FA6FE1D300E000BF3B7D55
:1037900043F008033B757A697D4B1B681A623B7DD9
:1037A00023F008033B757A69794B1B681A6240F273
:1037B000EE233B823A69764B1B685A6200237B6595
:1037C00019E0734B1B685B6AFB6207F12C0207F17F
:1037D000280311461846FFF7F1FCBB6A3B61B7F9B5
:1037E0001020B7F912309A420AD00120FDF752F9A1
:1037F0007B6D01337B657B6DB3F5FA6FE1D300E040
:1038000000BFFFF7F1FD0346A7F85230B7F852307A
:103810002D3B9BB21BB23B823A695D4B1B685A62DF
:10382000B7F952302D3B19465A4805F0BFFE002328
:103830007B651AE0564B1B685B6A7B6307F13402B9
:1038400007F1300311461846FFF7B8FC3B6B3B61AC
:10385000B7F952302D3BB7F9122093420AD001201C
:10386000FDF718F97B6D01337B657B6DB3F5FA6F5E
:10387000E0D300E000BFB7F852303B823A69444BD6
:103880001B685A62B7F952301946424805F08EFE5D
:1038900000237B6519E03E4B1B685B6AFB6307F105
:1038A0003C0207F1380311461846FFF787FCBB6B53
:1038B0003B61B7F91230B7F952209A420AD0012081
:1038C000FDF7E8F87B6D01337B657B6DB3F5FA6F2F
:1038D000E1D300E000BFB7F912307A6D19462E48E7
:1038E00005F064FE3B7D43F008033B757A69284B85
:1038F0001B681A623B7D23F008033B757A69244BF1
:103900001B681A62224B1968D1F88C20D1F89030CC
:10391000C7E9102307F1400207F1080311461846D2
:10392000FFF7F4FC1A4B1968D1F8AC20D1F8B0308D
:10393000C7E9122307F148023B4611461846FFF734
:10394000E5FC164805F032FE07F108031846FFF7BC
:103950001FFD134805F02AFE3B461846FFF718FDE9
:10396000104B01221A603B7D23F001033B753B7D28
:1039700023F002033B753B7D23F004033B757A691A
:10398000034B1B681A6200BF5837BD4680BD00BF9D
:103990004C00002020DC01004CDC010080DC010038
:1039A000ECDB01003800002080B58CB000AF7860FF
:1039B0000023FB6200237B857B68082B01D9FFF77E
:1039C0008DFE634B1B687A689A4200F0BD807B686D
:1039D000002B02D187237B850DE07B689BB21A46C2
:1039E00052001A44920013441A46D200D31A9BB2D2
:1039F0005B3B9BB27B8507F10C031846FFF7C4FBCA
:103A00003B7B43F001033B733B7B43F002033B737F
:103A10003B7B43F004033B73FA684E4B1B681A620E
:103A20006420FDF737F807F108031846FFF7B9FBE4
:103A3000484B1B685B6A7B6107F1140207F11003B6
:103A400011461846FFF7BAFB3B69BB60B7F92A304D
:103A50002D3B1946404805F0A9FD7B8D2D3B9BB2BF
:103A60001BB23B81BA683B4B1B685A620023FB6266
:103A70001AE0384B1B685B6AFB6107F11C0207F117
:103A8000180311461846FFF799FBBB69BB60B7F9ED
:103A90002A302D3BB7F90A2093420AD00120FCF7C7
:103AA000F9FFFB6A0133FB62FB6AB3F5FA6FE0D3FF
:103AB00000E000BFB7F92A301946274805F076FD27
:103AC0007B8D3B81BA68234B1B685A620023FB62E3
:103AD00019E0204B1B685B6A7B6207F1240207F147
:103AE000200311461846FFF769FB3B6ABB60B7F934
:103AF0000A30B7F92A209A420AD00120FCF7CAFFFF
:103B0000FB6A0133FB62FB6AB3F5FA6FE1D300E0B5
:103B100000BFB7F90A30FA6A1946104805F046FDA9
:103B20000B4A7B6813603B7B23F001033B733B7BB9
:103B300023F002033B733B7B23F004033B73FA68DF
:103B4000044B1B681A6200E000BF3037BD4680BDE1
:103B5000380000204C00002020DC01004CDC01007B
:103B600080B58CB000AF1C4B1B68082B01D9FFF748
:103B7000B5FD07F10C031846FFF713FB174B1B6845
:103B80005B6A7B6107F1140207F1100311461846C6
:103B9000FFF714FB3B69FB60B7F90C20B7F90E3057
:103BA0009A4201D00123BCE30B4B1B68B7F90E20EE
:103BB00019460B4805F0FAFC074B1B68002B11D186
:103BC000B7F90E30852B05DDB7F90E30882B01DCF7
:103BD0000123A6E30023A4E3380000204C000020CA
:103BE000A0DC010007F108031846FFF7CDFA3B7A85
:103BF00043F001033B723B7A43F002033B723B7A92
:103C000023F004033B72BA68A14B1B681A6264205C
:103C1000FCF740FF3B1D1846FFF7DFFA9C4B1B6883
:103C20009B6AFB6107F11C0207F118031146184655
:103C3000FFF7E0FABB697B60964805F0B7FC3B1DD7
:103C40001846FFF7E7FA3B7903F00103DBB2002BDC
:103C50000CBF01230023DAB23B7903F00203DBB28D
:103C6000002B14BF01230023DBB21340DBB21A4642
:103C70003B7903F00403DBB2002B14BF01230023C4
:103C8000DBB213403A7902F00802D2B2002A14BF24
:103C900001220022D2B21340002B14BF01230023C3
:103CA00087F82F303B7903F01003DBB2002B0CBFF9
:103CB00001230023DAB23B7903F02003DBB2002BAF
:103CC00014BF01230023DBB21340DBB21A463B7959
:103CD00003F04003DBB2002B14BF01230023DBB24F
:103CE00013403A7922F07F02D2B2002A14BF012297
:103CF0000022D2B21340002B14BF0123002387F807
:103D00002E303B7903F00103DBB2002B14BF0123FB
:103D10000023DAB23B7903F00203DBB2002B0CBFC5
:103D200001230023DBB21340DBB21A463B7903F0D8
:103D30000403DBB2002B14BF01230023DBB21340CA
:103D40003A7902F00802D2B2002A14BF01220022FE
:103D5000D2B21340002B14BF0123002387F82D306B
:103D60003B7903F01003DBB2002B14BF01230023C7
:103D7000DAB23B7903F02003DBB2002B0CBF012346
:103D80000023DBB21340DBB21A463B7903F0400359
:103D9000DBB2002B14BF01230023DBB213403A79BE
:103DA00022F07F02D2B2002A14BF01220022D2B236
:103DB0001340002B14BF0123002387F82C303B79DC
:103DC00003F00103DBB2002B14BF01230023DAB29E
:103DD0003B7903F00203DBB2002B14BF0123002365
:103DE000DBB21340DBB21A463B7903F00403DBB2CB
:103DF000002B0CBF01230023DBB213403A7902F001
:103E00000802D2B2002A14BF01220022D2B213400B
:103E1000002B14BF0123002387F82B303B7903F0DC
:103E20001003DBB2002B14BF01230023DAB23B796D
:103E300003F02003DBB2002B14BF01230023DBB20D
:103E40001340DBB21A463B7903F04003DBB2002B90
:103E50000CBF01230023DBB213403A7922F07F022A
:103E6000D2B2002A14BF01220022D2B21340002B8A
:103E700014BF0123002387F82A303B7903F00103A4
:103E8000DBB2002B14BF01230023DAB23B7903E03D
:103E90004C000020D8DC010003F00203DBB2002B51
:103EA0000CBF01230023DBB21340DBB21A463B797F
:103EB00003F00403DBB2002B0CBF01230023DBB2B1
:103EC00013403A7902F00802D2B2002A14BF01224C
:103ED0000022D2B21340002B14BF0123002387F825
:103EE00029303B7903F01003DBB2002B14BF012310
:103EF0000023DAB23B7903F02003DBB2002B0CBFC6
:103F000001230023DBB21340DBB21A463B7903F0F6
:103F10004003DBB2002B0CBF01230023DBB21340B4
:103F20003A7922F07F02D2B2002A14BF0122002285
:103F3000D2B21340002B14BF0123002387F828308E
:103F40003B7903F00103DBB2002B14BF01230023F4
:103F5000DAB23B7903F00203DBB2002B14BF01237A
:103F60000023DBB21340DBB21A463B7903F00403B3
:103F7000DBB2002B14BF01230023DBB213403A79DC
:103F800002F00802D2B2002A0CBF01220022D2B2F3
:103F90001340002B14BF0123002387F827303B79FF
:103FA00003F01003DBB2002B14BF01230023DAB2AD
:103FB0003B7903F02003DBB2002B14BF0123002365
:103FC000DBB21340DBB21A463B7903F04003DBB2AD
:103FD000002B14BF01230023DBB213403A7922F0F7
:103FE0007F02D2B2002A0CBF01220022D2B21340BB
:103FF000002B14BF0123002387F826303B7903F000
:104000000103DBB2002B14BF01230023DAB23B799A
:1040100003F00203DBB2002B0CBF01230023DBB251
:104020001340DBB21A463B7903F00403DBB2002BEA
:1040300014BF01230023DBB213403A7902F00802D7
:10404000D2B2002A0CBF01220022D2B21340002BB0
:1040500014BF0123002387F825303B7903F01003B8
:10406000DBB2002B14BF01230023DAB23B7903F04B
:104070002003DBB2002B0CBF01230023DBB2134073
:10408000DBB21A463B7903F04003DBB2002B14BFCE
:1040900001230023DBB213403A7922F07F02D2B22F
:1040A000002A0CBF01220022D2B21340002B14BF01
:1040B0000123002387F824303B7903F00103DBB2AE
:1040C000002B14BF01230023DAB23B7903F0020373
:1040D000DBB2002B14BF01230023DBB21340DBB2A1
:1040E0001A463B7903F00403DBB2002B0CBF01231B
:1040F0000023DBB213403A7902F00802D2B2002A60
:104100000CBF01220022D2B21340002B14BF0123A6
:10411000002387F823303B7903F01003DBB2002B38
:1041200014BF01230023DAB23B7903F02003DBB292
:10413000002B14BF01230023DBB21340DBB21A466D
:104140003B7903F04003DBB2002B0CBF01230023BB
:10415000DBB213403A7922F07F02D2B2002A0CBFC0
:1041600001220022D2B21340002B14BF01230023EE
:1041700087F822303B7903F00103DBB2002B14BF38
:1041800001230023DAB23B7903F00203DBB2002BF8
:104190000CBF01230023DBB21340DBB21A463B798C
:1041A00003F00403DBB2002B0CBF01230023DBB2BE
:1041B00013403A7902F00802D2B2002A0CBF012261
:1041C0000022D2B21340002B14BF0123002387F832
:1041D00021303B7903F01003DBB2002B14BF012325
:1041E0000023DAB23B7903F02003DBB2002B0CBFD3
:1041F00001230023DBB21340DBB21A463B7903F004
:104200004003DBB2002B0CBF01230023DBB21340C1
:104210003A7922F07F02D2B2002A0CBF012200229A
:10422000D2B21340002B14BF0123002387F82030A3
:104230003E4B1B68013B072B72D801A252F823F0BA
:10424000614200007942000091420000A942000052
:10425000C1420000D9420000F142000009430000C1
:1042600097F82F2097F82E301343DBB2002B14BFA2
:1042700001230023DBB254E097F82D2097F82C306F
:104280001343DBB2002B14BF01230023DBB248E051
:1042900097F82B2097F82A301343DBB2002B14BF7A
:1042A00001230023DBB23CE097F8292097F828305F
:1042B0001343DBB2002B14BF01230023DBB230E039
:1042C00097F8272097F826301343DBB2002B14BF52
:1042D00001230023DBB224E097F8252097F824304F
:1042E0001343DBB2002B14BF01230023DBB218E021
:1042F00097F8232097F822301343DBB2002B14BF2A
:1043000001230023DBB20CE097F8212097F820303E
:104310001343DBB2002B14BF01230023DBB200E008
:10432000002318463037BD4680BD00BF380000204E
:1043300080B483B000AF786039603B68B3F9002087
:104340007B68B3F900309A4201DA3B6800E07B6891
:1043500018460C37BD4680BC704780B584B000AFAE
:10436000F860B9607A603B60FB68BA681A60FB6805
:104370007A685A60FB6800221A72FB683A68DA6051
:10438000FB681B68184609F05DFB0346DAB2FB6860
:104390001A72FB6818461037BD4680BD80B582B0E2
:1043A00000AF786039607B681B68184618F038FAEF
:1043B0003B68D3E9002318F09DFA02460B461046ED
:1043C00019464FF00002054B18F0BEFB02460B46A3
:1043D000104619460837BD4680BD00BF00005E414B
:1043E00080B483B000AF7860012318460C37BD4617
:1043F00080BC704780B483B000AF7860044A7B68AB
:104400001A607B6818460C37BD4680BC704700BFF9
:1044100064DD010080B582B000AF78607868FFF796
:10442000E9FF0421786807F01CFC7B681846083710
:10443000BD4680BD98B500AF434C444B444A454906
:104440002046FFF78AFF1034434B444A4449204634
:10445000FFF783FF1034434B434A44492046FFF79C
:104460007CFF10343C4B424A42492046FFF775FF1F
:1044700010343C4B404A41492046FFF76EFF103450
:104480003F4B404A40492046FFF767FF10343F4BFF
:104490003F4A40492046FFF760FF10343E4B3F4AF9
:1044A0003F492046FFF759FF10343E4B3E4A3F49F3
:1044B0002046FFF752FF10343D4B3E4A3E4920460E
:1044C000FFF74BFF10343A4B3A4A3C492046FFF77E
:1044D00044FF10343A4B3B4A3B492046FFF73DFF2F
:1044E0001034374B374A39492046FFF736FF10342E
:1044F000374B384A38492046FFF72FFF1034374BE7
:10450000374A38492046FFF728FF1034364B374AE0
:1045100037492046FFF721FF1034364B364A3749DA
:104520002046FFF71AFF1034354B364A36492046ED
:10453000FFF713FF04F11000344B354A3549FFF7FC
:104540000CFF00BF98BD00BFCC080020ED4A000062
:1045500070DD0100A8DD01005D4B0000B0DD010051
:10456000C4DD01001D4C0000D0DD0100ECDD0100C8
:10457000F8DD010010DE010014DE010034DE010070
:10458000A94C000038DE010084DE0100C94D0000A6
:1045900090DE0100E0DE01009D530000ECDE010032
:1045A0001CDF01002D55000024DF0100A8DF010001
:1045B000157E00002808020018080200B8DF01007C
:1045C0008D7F00006C0802005C080200BCDF010067
:1045D00089810000AC0802009808020065560000BE
:1045E000C0DF0100F4DF0100C9560000FCDF01005C
:1045F00060E001004159000070E00100B0E00100FE
:1046000099590000C0E001000CE101003D5B000091
:104610001CE1010048E1010080B500AF0248FFF74E
:10462000E9FE00BF80BD00BF3C00002080B500AFA8
:10463000FFF700FF80BD80B500AFFFF7EDFF80BD45
:1046400080B483B000AF78607B6800221A607B681A
:1046500018460C37BD4680BC704780B483B000AFAD
:10466000786039603B681A687B681A607B68184616
:104670000C37BD4680BC704780B582B000AF786013
:104680000F4804F093FF7B681B6819460D4804F03F
:104690008DFF7B685B6819460B4804F087FF7B68D9
:1046A0009B681946094804F081FF7B68DB6819465E
:1046B000074804F07BFF00BF0837BD4680BD00BF40
:1046C00058E1010070E1010088E10100A0E1010072
:1046D000BCE1010080B483B000AF786039603B6812
:1046E0001A687B681A607B6818460C37BD4680BC28
:1046F0007047000080B582B000AF78607B681B68AF
:104700001946664804F052FF7B681B78C3F3000328
:10471000DBB21946624804F049FF7B681B78C3F39B
:104720004003DBB219465F4804F040FF7B681B780A
:10473000C3F38003DBB219465B4804F037FF7B68A4
:104740001B78C3F3C003DBB21946584804F02EFFB0
:104750007B681B78C3F30013DBB21946544804F09E
:1047600025FF7B681B78C3F34013DBB21946514821
:1047700004F01CFF7B681B78C3F38013DBB219467F
:104780004D4804F013FF7B681B78C3F3C013DBB202
:1047900019464A4804F00AFF7B685B78C3F30003BC
:1047A000DBB21946464804F001FF7B685B78C3F32F
:1047B0004003DBB21946434804F0F8FE7B685B789F
:1047C000C3F38003DBB219463F4804F0EFFE7B6879
:1047D0005B78C3F3C003DBB219463C4804F0E6FE45
:1047E0007B685B78C3F30013DBB21946384804F0EA
:1047F000DDFE7B685B78C3F34013DBB219463548B6
:1048000004F0D4FE7B685B78C3F38013DBB21946F7
:10481000314804F0CBFE7B685B78C3F3C013DBB296
:1048200019462E4804F0C2FE7B689B78C3F3000350
:10483000DBB219462A4804F0B9FE7B689B78C3F3C3
:104840004003DBB21946274804F0B0FE7B689B7832
:10485000C3F38003DBB21946234804F0A7FE7B684C
:104860009B78C3F3C003DBB21946204804F09EFED8
:104870007B689B78C3F30013DBB219461C4804F035
:1048800095FE7B689B78C3F34013DBB21946194849
:1048900004F08CFE00BF0837BD4680BDD0E10100AA
:1048A000FCE1010010E2010024E2010038E2010015
:1048B0004CE2010060E2010074E2010088E20100C4
:1048C0009CE20100ACE20100BCE20100CCE201008C
:1048D000E0E20100F4E2010000E301000CE301006A
:1048E00018E3010028E3010038E3010048E3010078
:1048F00058E301006CE3010080B582B000AF78603E
:104900007B681B6819460A4804F050FE7B68B3F9BF
:1049100000301946074804F049FE7B68B3F90230BD
:104920001946054804F042FE00BF0837BD4680BD69
:1049300080E30100B0E30100C4E3010080B584B06E
:1049400000AF78607B6803F580539B8919467B68CC
:1049500003F5805393F82130002B01D0592200E059
:104960004E227B6803F580535B6A104804F01EFEFC
:104970000023FB600BE07A68FB6813440C331B7860
:1049800019460B4804F012FEFB680133FB607B689C
:1049900003F580539B891A46FB689342EBD3054885
:1049A00004F004FE00BF1037BD4680BD28E50100BD
:1049B00044E501004CE5010080B582B000AF7860AD
:1049C00039607B681B68184617F02AFF3B68D3E9FB
:1049D000002317F08FFF02460B46104619464FF092
:1049E0000002054B18F0B0F802460B461046194677
:1049F0000837BD4680BD00BF00005E4180B483B073
:104A000000AF78600B46FB707B68FA781A7100BFC4
:104A10000C37BD4680BC704780B483B000AF78606F
:104A20007B681B7918460C37BD4680BC7047000078
:104A300080B584B000AF78607B685B681B683033FA
:104A40001B687A685268104698477B689B681846CE
:104A5000FFF712FE7B685B681B6824331B687A686B
:104A600052681046984701467B6893F82130002B26
:104A700001D0592200E04E227B685B6A184804F09E
:104A800095FD0023FB6012E07B685A687B685B68D9
:104A90001B6808331B68F9681046984703461A4696
:104AA000F968104804F082FDFB680133FB607B6805
:104AB0005B681B6824331B687A6852681046984705
:104AC0000246FB68934234BF01230023DBB2002B74
:104AD000DAD1054804F06AFD00BF1037BD4680BD3D
:104AE00050E5010078E501004CE5010080B586B095
:104AF00002AFF860B9607A603B60134B1B68002B13
:104B000014BF01230023DBB2002B0ED00E4B1B6819
:104B100019680D4B1B685B6801930C4B0093932342
:104B20000B4A0C4804F042FD05E0084B932208496B
:104B3000094804F03BFDB86808F084FF03465BB207
:104B400018461037BD4680BD4C00002028F30100F8
:104B500084E5010088E50100E8E5010080B588B042
:104B600000AFF860B9607A603B6000237B6107F1B9
:104B700014031A462049B86808F07EFA0346FB770A
:104B800097F91F30002B16DC1C4804F00FFD1C4B5E
:104B90001A687B6913441B78BB617B69BA69194643
:104BA000184804F003FDB969174804F0FFFC1748E2
:104BB00004F0FCFC1AE07B6923F003037B61104BDB
:104BC0001A687B6913441B78BB610C4804F0EEFC47
:104BD0007B69BA6919460E4804F0E8FCB9690D48CA
:104BE00004F0E4FCB9690C4804F0E0FC7B685BB2BB
:104BF00018462037BD4680BD24E6010028E60100A6
:104C00004C0000203CE6010050E601004CE50100AC
:104C100058E601006CE6010074E6010080B588B03A
:104C200000AFF860B9607A603B600023BB6100238D
:104C30007B6107F1140307F118021649B86808F000
:104C40001BFA0346FB7797F91F30012B09DC97F914
:104C50001F301A46B968104804F0A8FC4FF0FF3323
:104C600013E07B69D9B20D4B1A68BB6913440A463D
:104C70001A707B6919460A4804F098FCBB6919460A
:104C8000084804F093FC7B685BB218462037BD46A9
:104C900080BD00BF80E6010088E601004C000020D6
:104CA000E4E6010008E7010080B58EB000AFF860CF
:104CB000B9607A603B6007F11C031846FEF764FA9E
:104CC00007F118031846FEF76CFA07F114031846AB
:104CD000FEF783FA354B1B68002B0CBF0123002322
:104CE000DBB2002B05D0324804F060FC7B685BB27D
:104CF00058E0242224212F4804F058FC282228219F
:104D00002D4804F053FC202220212C4804F04EFCB6
:104D1000264B1B681B6A7B6207F1240207F1200304
:104D200011461846FFF7D6FC3B6AFB611F4B1B6818
:104D30005B6AFB6207F12C0207F128031146184653
:104D4000FEF73CFABB6ABB61184B1B689B6A7B632E
:104D500007F1340207F1300311461846FEF74AFA0C
:104D60003B6B7B61164804F021FC07F11C031846DD
:104D7000FFF7C0FC134804F019FC07F118031846AC
:104D8000FFF7BAFD0F4804F011FC07F114031846B1
:104D9000FEF740FA0B4804F009FC0A4804F006FC50
:104DA0007B685BB218463837BD4680BD4C0000209A
:104DB00014E7010068E70100B8E7010004E801001A
:104DC00050E8010074E8010090B5E7B000AF07F5C6
:104DD000CC74A4F5C674206007F5CC70A0F5C8703B
:104DE000016007F5CC71A1F5CA710A6007F5CC72B4
:104DF000A2F5CC721360734B1B68002B0CBF012310
:104E00000023DBB2002B09D06F4804F0CFFB07F57D
:104E1000CC73A3F5CA731B685BB295E28C228C211C
:104E20006A4804F0C3FB4FF4A4724FF4A2716848BF
:104E300004F0BCFB674804F0B9FB674804F0B6FB1C
:104E4000604B1968D1F88C20D1F89030C7E906235F
:104E500007F1180207F1100311461846FEF756FA3B
:104E600007F110031846FEF793FA5C4804F09EFB26
:104E7000544B1968D1F89420D1F89830C7E90A2327
:104E800007F1280207F1200311461846FEF73EFA03
:104E900007F120031846FEF77BFA514804F086FB21
:104EA000484B1968D1F89C20D1F8A030C7E90E23EF
:104EB00007F1380207F1300311461846FEF726FACB
:104EC00007F130031846FEF763FA464804F06EFB1C
:104ED0003C4B1968D1F8A420D1F8A830C7E91223B7
:104EE00007F1480207F1400311461846FEF70EFA93
:104EF00007F140031846FEF74BFA3B4804F056FB17
:104F0000304B1968D1F8AC20D1F8B030C7E916237E
:104F100007F1580207F1500311461846FEF7F6F95B
:104F200007F150031846FEF733FA304804F03EFB11
:104F3000244B1968D1F8B420D1F8B830C7E91A2346
:104F400007F1680207F1600311461846FEF7DEF923
:104F500007F160031846FEF71BFA254804F026FB0C
:104F6000184B1968D1F8BC20D1F8C030C7E91E230E
:104F700007F1780207F1700311461846FEF7C6F9EB
:104F800007F170031846FEF703FA1A4804F00EFB07
:104F90000C4B1968D1F8C420D1F8C830C7E92223D6
:104FA00007F1880207F1800311461846FEF7AEF9B3
:104FB00007F180031846FEF7EBF90023C7F8943198
:104FC00021E000BF4C00002078E80100D0E801009B
:104FD00020E9010070E9010098E90100A8E9010059
:104FE000B8E90100C8E90100D8E90100E8E90100D9
:104FF000F8E9010008EA010006F080FED7F89431D4
:105000000133C7F89431D7F89431B3F5805FF3D307
:10501000D04804F0CBFAD04804F0C8FACF4B196856
:10502000D1F8CC20D1F8D030C7E9262307F1980277
:1050300007F1900311461846FEF768F907F190034F
:105040001846FEF7A5F9C64804F0B0FAC34B196834
:10505000D1F8D420D1F8D830C7E92A2307F1A80223
:1050600007F1A00311461846FEF750F907F1A00317
:105070001846FEF78DF9BB4804F098FAB74B19684B
:10508000D1F8DC20D1F8E030C7E92E2307F1B802CF
:1050900007F1B00311461846FEF738F907F1B003DF
:1050A0001846FEF775F9B04804F080FAAB4B196862
:1050B000D1F8E420D1F8E830C7E9322307F1C8027B
:1050C00007F1C00311461846FEF720F907F1C003A7
:1050D0001846FEF75DF9A54804F068FA9F4B196879
:1050E000D1F8EC20D1F8F030C7E9362307F1D80227
:1050F00007F1D00311461846FEF708F907F1D0036F
:105100001846FEF745F99A4804F050FA934B19688F
:10511000D1F8F420D1F8F830C7E93A2307F1E802D2
:1051200007F1E00311461846FEF7F0F807F1E00337
:105130001846FEF72DF98F4804F038FA874B1968A6
:10514000D1F8FC20D1F80031C7E93E2307F1F8027D
:1051500007F1F00311461846FEF7D8F807F1F003FF
:105160001846FEF715F9844804F020FA7B4B1968BD
:10517000D1F80421D1F80831C7E9422307F5847238
:1051800007F5807311461846FEF7C0F807F58073DF
:105190001846FEF7FDF80023C7F8903106E006F048
:1051A000ADFDD7F890310133C7F89031D7F8903181
:1051B000B3F5805FF3D3674804F0F8F96F4804F063
:1051C000F5F9664B1968D1F80C21D1F81031C7E90F
:1051D000462307F58C7207F5887311461846FEF7CB
:1051E00095F807F588731846FEF7D2F8644804F07E
:1051F000DDF95A4B1968D1F81421D1F81831C7E9F3
:105200004A2307F5947207F5907311461846FEF786
:105210007DF807F590731846FEF7BAF8594804F080
:10522000C5F94E4B1968D1F81C21D1F82031C7E9D6
:105230004E2307F59C7207F5987311461846FEF742
:1052400065F807F598731846FEF7A2F84E4804F083
:10525000ADF9424B1968D1F82421D1F82831C7E9BA
:10526000522307F5A47207F5A07311461846FEF7FE
:105270004DF807F5A0731846FEF78AF8434804F086
:1052800095F9364B1968D1F82C21D1F83031C7E99E
:10529000562307F5AC7207F5A87311461846FEF7BA
:1052A00035F807F5A8731846FEF772F8384804F089
:1052B0007DF92A4B1968D1F83421D1F83831C7E982
:1052C0005A2307F5B47207F5B07311461846FEF776
:1052D0001DF807F5B0731846FEF75AF82D4804F08C
:1052E00065F91E4B1968D1F83C21D1F84031C7E966
:1052F0005E2307F5BC7207F5B87311461846FEF732
:1053000005F807F5B8731846FEF742F8224804F08E
:105310004DF9124B1968D1F84421D1F84831C7E949
:10532000622307F5C47207F5C07311461846FDF7EE
:10533000EDFF07F5C0731846FEF72AF807F5CC73A2
:10534000A3F5CA731B685BB2184607F5CE77BD4656
:1053500090BD00BF74E8010018EA01004C00002075
:1053600024EA010030EA01003CEA010048EA0100B9
:1053700054EA010060EA01006CEA010078EA0100E9
:1053800084EA010090EA01009CEA0100A8EA010019
:10539000B4EA0100C0EA0100CCEA010080B58EB099
:1053A00000AFF860B9607A603B6007F11C031846F3
:1053B000FDF7F7FE554B1B68002B0CBF01230023A4
:1053C000DBB2002B05D0524804F0F0F87B685BB2EA
:1053D00098E007F118031A464E49B86807F04CFEEA
:1053E000034687F8333097F93330002B6FDD07F130
:1053F00014031846FDF7C8FE3B7D43F001033B75DF
:105400003B7D43F002033B753B7D43F004033B755A
:105410007A693E4B1B681A62BB691BB2BB83FA698F
:105420003A4B1B685A6200237B6335E0374B1B689D
:105430005B6A7B6207F1240207F1200311461846DC
:10544000FDF7BCFE3B6AFB61B7F91C20B7F91E30C3
:105450009A4226D0B7F91E202F4B83FB0213D91096
:10546000D317C91A0B469B000B4499000B44D31A5F
:105470001BB2002B0AD1294804F098F807F11C034D
:105480001846FFF739FA264804F090F80120FBF798
:1054900001FB7B6B01337B637B6BB3F5FA6FC5D389
:1054A00000E000BFBB6919461E4804F07FF83B7D51
:1054B00023F001033B753B7D23F002033B753B7DED
:1054C00023F004033B757A69104B1B681A620F4B7B
:1054D0001B685B6AFB6207F12C0207F12803114687
:1054E0001846FDF76BFEBB6AFB610F4804F05EF8DF
:1054F00007F11C031846FFF7FFF9094804F056F8B6
:105500007B685BB218463837BD4680BD4C00002032
:10551000D8EA010028EB01001F85EB512CEB0100BC
:1055200074E8010048EB010068EB010080B58AB027
:1055300000AFF860B9607A603B600023BB6107F19F
:1055400018031A463D49B86807F096FD034687F8E8
:10555000273097F92730002B2FDDBB69082B0AD99C
:10556000BB6908221946364804F020F8FEF7B6F861
:105570007B685BB25EE0BB691946324804F016F8FE
:10558000BB691846FEF710FAFEF7EAFA034683F005
:105590000103DBB2002B0DD02B4804F007F8FEF717
:1055A0009DF8BB691946274804F000F8BB69184606
:1055B000FEF7FAF97B685BB23CE0244803F0F6FFA3
:1055C00007F114031846FDF7ECFD214B1B685B6ADD
:1055D0003B6207F1200207F11C0311461846FDF754
:1055E000EDFDFB697B61B7F91420B7F916309A42DB
:1055F00008D0184B1B681946174803F0D7FF7B6883
:105600005BB217E0FEF7ACFA034683F00103DBB2AE
:10561000002B07D0114803F0C9FFFEF75FF87B6845
:105620005BB207E00B4B1B6819460D4803F0BEFF49
:105630007B685BB218462837BD4680BD28EB010069
:105640008CEB010010EC010038EC010060EC010073
:105650004C0000203800002098EC0100DCEC010038
:1056600024ED010080B586B000AFF860B9607A60C3
:105670003B60114803F09AFF00237B6110E07A69D8
:105680000E4B1B68C3F854210C4B1B68D3F85831E0
:105690003B6139690A4803F089FF7B6901337B610B
:1056A0007B693F2BEBD9074803F080FF7B685BB237
:1056B00018461837BD4680BD54ED01004C0000204F
:1056C00068ED01004CE5010080B59EB002AFF860C6
:1056D000B9607A603B6007F124031846FEF7B0FF1B
:1056E00000233B620023FB610023BB6100237B613D
:1056F000894B1B68002B0CBF01230023DBB2002B5E
:1057000005D0864803F052FF7B685BB2FAE007F1F0
:105710001C0107F1200207F11403019307F118039C
:1057200000930B467E49B86807F0A6FC034687F84D
:105730006F3097F96F30032B1DDD3B6ADBB287F8C2
:105740002430FB69DBB287F82530BB69DBB287F810
:1057500026307B69DBB287F82730396AFA69B86985
:105760007B69009303466F4803F020FF7A6A6A4B17
:105770001B681A6420E097F96F30002B1CDD3B6A30
:10578000DBB287F824303B6ADBB287F825303B6A0E
:10579000DBB287F826303B6ADBB287F82730396AFC
:1057A0003A6A386A3B6A009303465E4803F0FEFE9D
:1057B0007A6A594B1B681A64574B1B681B6CFB6257
:1057C00007F12C0207F1280311461846FEF745FFA2
:1057D000BB6A7B6297F824303B6297F82530FB6107
:1057E00097F82630BB6197F827307B61396AFA69F0
:1057F000B8697B69009303464B4803F0D7FE44A386
:10580000D3E90023C7E918233B6A0133FB65FB6931
:105810000133BB65BB6901337B657B6901333B6544
:10582000F86D16F0EDFF02460B46D7E9180117F0A8
:105830008BF902460B46104619464FF000023B4BCF
:1058400017F082F902460B46C7E91223B86D16F02D
:10585000D7FF02460B46D7E9180117F075F9024643
:105860000B46104619464FF00002304B17F06CF90A
:1058700002460B46C7E91023786D16F0C1FF0246B9
:105880000B46D7E9180117F05FF902460B461046A0
:1058900019464FF00002254B17F056F902460B4609
:1058A000C7E90E23386D16F0ABFF02460B46D7E969
:1058B000180117F049F902460B46104619464FF0F9
:1058C00000021A4B17F040F902460B46C7E90C23B9
:1058D000D7E91223F96D164803F068FED7E91023C3
:1058E000B96D144803F062FED7E90E23796D1248B2
:1058F00003F05CFED7E90C23396D104803F056FE27
:105900007B685BB218467037BD4680BDAFF3008040
:1059100000000000965198414C00002070ED0100FD
:10592000C0ED0100D0ED010004EE010000003040A8
:1059300034EE010080EE0100CCEE01001CEF01000E
:1059400080B584B000AFF860B9607A603B600C4805
:1059500003F02CFE0B48FEF7F1FF0B48FEF7EEFFBD
:105960000A48FEF7EBFF0A48FFF762F8094803F020
:105970001DFE7B685BB218461037BD4680BD00BF78
:105980006CEF0100F01C0020302D0020703D002045
:10599000E04D00204CE5010080B58CB002AFF8600E
:1059A000B9607A603B6000233B6207F1180107F1A0
:1059B000200207F1170300930B465449B86807F01B
:1059C0005BFB034687F8263097F92630032B5ADD18
:1059D000002387F8273097F91730592B0FD097F904
:1059E0001730792B0BD097F91730542B07D097F934
:1059F0001730742B03D097F91730312B02D10123C4
:105A000087F82730396A97F82730002B01D05923BF
:105A100000E04E231A463E4803F0C8FD3B6A032BC4
:105A200026D801A252F823F0395A0000475A000044
:105A3000555A0000635A000097F827301946354838
:105A4000FEF7DCFF19E097F8273019463248FEF7D9
:105A5000D5FF12E097F8273019463048FEF7CEFF01
:105A60000BE097F8273019462D48FEF7C7FF04E0F2
:105A70003B6A19462B4803F099FDB86807F0E2FF2E
:105A800003465BB23EE097F926301946264803F0FC
:105A90008DFD2048FEF7C0FF0346002B01D059239F
:105AA00000E04E231946214803F080FD1A48FEF716
:105AB000B3FF0346002B01D0592300E04E231946C3
:105AC0001B4803F073FD1548FEF7A6FF0346002BA5
:105AD00001D0592300E04E231946164803F066FD15
:105AE0000F48FEF799FF0346002B01D0592300E031
:105AF0004E231946104803F059FDB86807F0A2FF7D
:105B000003465BB218462837BD4680BD94EF0100BE
:105B1000A4EF0100741C00208C1C0020A41C002099
:105B2000BC1C0020D8EF010010F0010060F0010063
:105B300090F00100C0F00100F0F00100B0B58CB0B1
:105B400004AFF860B9607A603B6007F115031A464C
:105B50004649B86807F090FA0346FB7597F9173085
:105B6000002B2CDD0023FB7797F91530432B0FD04A
:105B700097F91530632B0BD097F91530542B07D0BC
:105B800097F91530742B03D097F91530312B01D1CB
:105B90000123FB77FB7F002B01D0592300E04E232C
:105BA0001946334803F002FDFB7F002B07D0314B31
:105BB0001B68D3F850212F4B1B68C3F85C212D4B79
:105BC0001B68D3F84C112B4B1B68D3F85021294B81
:105BD0001B68D3F85401274B1B68D3F85831009346
:105BE0000346254803F0E2FC0023BB6111E0BA69DB
:105BF000204B1B68C3F854211E4B1B68D3F8583147
:105C0000BB75BB7D19461D4803F0D0FCBB69013351
:105C1000BB61BB691F2BEAD9164B1B68D3F8700117
:105C2000144B1B68D3F87441124B1B68D3F878519E
:105C3000104B1B68D3F87C310E4A1268D2F88021D1
:105C40000C490968D1F884110291019200932B4606
:105C5000224601460A4803F0A9FCB86807F0F2FEA4
:105C600003465BB218462037BD46B0BD20F10100A7
:105C700024F101004C00002058F10100BCF10100AA
:105C8000C4F1010080B500AF0248FEF7B3FB00BFCE
:105C900080BD00BF4000002080B500AFFFF7F2FFDD
:105CA00080BD80B485B000AFF860B9607A603B60B9
:105CB000FB68BA681A60FB687A685A60FB683A68E1
:105CC0009A60FB6818461437BD4680BC70470000D8
:105CD00098B500AF1C4C1D4B1D4A41F201012046F6
:105CE000FFF7DFFF0C341B4B1B4A44F20101204637
:105CF000FFF7D7FF0C34194B194A44F20201204632
:105D0000FFF7CFFF0C34174B174A44F2030120462C
:105D1000FFF7C7FF0C34154B154A44F20401204627
:105D2000FFF7BFFF0C34134B134A44F20501204622
:105D3000FFF7B7FF04F10C00104B114A44F20601C3
:105D4000FFF7AFFF00BF98BD041A002011600000EC
:105D500098F30100A1600000BCF30100496100005C
:105D6000F0F30100F161000024F401006962000019
:105D700050F401009572000080F401001D740000D1
:105D8000A8F4010080B500AFFFF7A2FF80BD0000BE
:105D900080B582B000AF78607B681B6819467B686D
:105DA0005A687B689B68034806F09EFF00BF08376F
:105DB000BD4680BD2CF5010080B582B000AF786093
:105DC00039607B681B68184616F02AFD3B68D3E9EA
:105DD000002316F08FFD02460B46104619464FF081
:105DE0000002054B16F0B0FE02460B46104619465F
:105DF0000837BD4680BD00BF00005E4100000000C6
:105E000080B584B000AF7860396011A3D3E9002376
:105E1000C7E9022307F1080319463868FFF7CCFFEA
:105E20007B68D3E9002316F065FD02460B46104659
:105E300019467B68D3E9022316F0A6FB02460B46FF
:105E4000104619461037BD4680BD00BFAFF3008035
:105E5000FCA9F1D24D62104080B582B000AF7860ED
:105E60007B68043319460548FFF7CAFF02460B4614
:105E7000104619460837BD4680BD00BF401B0020B4
:105E800080B582B000AF78607B680833194605485A
:105E9000FFF7B6FF02460B46104619460837BD46C7
:105EA00080BD00BF501B002080B582B000AF78607D
:105EB0007B680C3319460548FFF7A2FF02460B46E4
:105EC000104619460837BD4680BD00BF601B002044
:105ED00080B582B000AF78607B6810331946054802
:105EE000FFF78EFF02460B46104619460837BD469F
:105EF00080BD00BF701B002080B582B000AF78600D
:105F00007B68143319460548FFF77AFF02460B46B3
:105F1000104619460837BD4680BD00BF901B0020C3
:105F200080B582B000AF78607B68183319460548A9
:105F3000FFF766FF02460B46104619460837BD4676
:105F400080BD00BFA01B002080B582B000AF78608C
:105F50007B681C3319460548FFF752FF02460B4683
:105F6000104619460837BD4680BD00BF801B002083
:105F700080B582B000AF78607B6820331946054851
:105F8000FFF73EFF02460B46104619460837BD464E
:105F900080BD00BFB01B002080B582B000AF78602C
:105FA0007B68243319460548FFF72AFF02460B4653
:105FB000104619460837BD4680BD00BFC01B0020F3
:105FC00080B582B000AF78607B68283319460548F9
:105FD000FFF716FF02460B46104619460837BD4626
:105FE00080BD00BFD01B002080B582B000AF7860BC
:105FF0007B682C3319460548FFF702FF02460B4623
:10600000104619460837BD4680BD00BFE01B002082
:1060100080B58CB002AFF860B9607A603B60002355
:106020003B6193237B610023BB611A4B1B68002BF0
:1060300014BF01230023DBB2002B07D0154B1B68D4
:106040001B683B61134B1B685B68BB610C211248EA
:1060500003F0ACFA07F11C0307F1100207CA83E84A
:10606000070007F11C031846FFF792FE0B4803F0E8
:106070009DFA07F110030C220092002241F2010167
:10608000386803F001FB7B685BB218462837BD46D1
:1060900080BD00BF4C000020E8F8010020F901009D
:1060A00080B58AB002AFF860B9607A603B60796809
:1060B000204803F07BFABB68002B12D07B68032BCF
:1060C0000FD9BB68FB611C4803F070FAF869FEF752
:1060D00011FB1A4803F06AFAFB691A68184B1B682F
:1060E0001A62184803F062FA154B1B681B6ABB6101
:1060F00007F1180207F1140311461846FEF7EAFAF1
:1061000007F114031846FEF7F5FA0C4803F04EFAAF
:106110000B4B1B68203304220092002244F2010141
:10612000386803F0B1FA7B685BB218462037BD4689
:1061300080BD00BF24F9010060F9010020F90100D1
:106140004C00002094F9010080B58AB002AFF860DD
:10615000B9607A603B607968204803F027FABB6831
:10616000002B12D07B68032B0FD9BB68FB611C4846
:1061700003F01CFAF869FEF7BFFB1A4803F016FAA1
:10618000FB691A68184B1B685A62184803F00EFA2C
:10619000154B1B685B6ABB6107F1180207F114031A
:1061A00011461846FDF70AF807F114031846FEF7E2
:1061B000A3FB0C4803F0FAF90B4B1B6824330422B1
:1061C0000092002244F20201386803F05DFA7B6815
:1061D0005BB218462037BD4680BD00BFC8F901003C
:1061E00000FA010020F901004C00002030FA010003
:1061F00080B588B002AFF860B9607A603B607968BA
:10620000154803F0D3F9154803F0D0F9144B1B6877
:106210009B6A7B6107F1140207F1100311461846CF
:10622000FCF7E8FF07F110031846FCF7F3FF0D48F1
:1062300003F0BCF90A4B1B682833042200920022A9
:1062400044F20301386803F01FFA7B685BB218461A
:106250001837BD4680BD00BF60FA0100A0FA0100FA
:106260004C00002020F9010090B5ADF2FC4D02AFCA
:1062700007F59E64A4F2E444206007F59E60A0F553
:106280009D60016007F59E61A1F2EC410A6007F58F
:106290009E62A2F59E62136007F59E63A3F2EC4333
:1062A0001968D34803F082F9D24803F07FF9D24845
:1062B00003F07CF9D14B1968D1F88C20D1F89030DB
:1062C00007F1800141E9022307F1780207F1700329
:1062D00011461846FDF71AF807F170031846FDF746
:1062E00057F8C64B1968D1F88C20D1F8903007F1D7
:1062F000900141E9022307F1880207F1800311466A
:106300001846FDF703F807F59E63A3F58E63B3F90E
:1063100000309AB207F59E63A3F59C631A80B74BD1
:106320001968D1F88C20D1F8903007F1A00141E92B
:10633000022307F1980207F1900311461846FCF773
:10634000E5FF07F59E63A3F58C63B3F904309AB2B9
:1063500007F59E63A3F59C635A80A94803F026F9CC
:10636000A64B1968D1F89420D1F8983007F1B00104
:1063700041E9022307F1A80207F1A00311461846DC
:10638000FCF7C4FF07F1A0031846FDF701F89B4B8B
:106390001968D1F89420D1F8983007F1C00141E98B
:1063A000022307F1B80207F1B00311461846FCF7C3
:1063B000ADFF07F59E63A3F58863B3F900309AB289
:1063C00007F59E63A3F59C639A808C4B1968D1F8FE
:1063D0009420D1F8983007F1D00141E9022307F168
:1063E000C80207F1C00311461846FCF78FFF07F5F6
:1063F0009E63A3F58663B3F904309AB207F59E63F2
:10640000A3F59C63DA807F4803F0D0F87B4B1968D2
:10641000D1F89C20D1F8A03007F1E00141E9022336
:1064200007F1D80207F1D00311461846FCF76EFFBA
:1064300007F1D0031846FCF7ABFF704B1968D1F891
:106440009C20D1F8A03007F1F00141E9022307F1C7
:10645000E80207F1E00311461846FCF757FF07F57D
:106460009E63A3F58263B3F900309AB207F59E6389
:10647000A3F59C631A81614B1968D1F89C20D1F86F
:10648000A030C7E93E2307F1F80207F1F0031146F7
:106490001846FCF73BFF07F59E63A3F58063B3F94D
:1064A00004309AB207F59E63A3F59C635A8156485F
:1064B00003F07CF8514B1968D1F8A420D1F8A8302A
:1064C000C7E9422307F5847207F580731146184621
:1064D000FCF71CFF07F580731846FCF759FF474B84
:1064E0001968D1F8A420D1F8A830C7E9462307F5E8
:1064F0008C7207F5887311461846FCF707FF07F5FD
:106500009E63A3F57873B3F900309AB207F59E63E2
:10651000A3F59C639A81394B1968D1F8A420D1F86E
:10652000A830C7E94A2307F5947207F5907311461E
:106530001846FCF7EBFE07F59E63A3F57473B3F9F9
:1065400004309AB207F59E63A3F59C63DA812F4865
:1065500003F02CF8294B1968D1F8AC20D1F8B030F1
:10656000C7E94E2307F59C7207F598731146184644
:10657000FCF7CCFE07F598731846FCF709FF1F4B94
:106580001968D1F8AC20D1F8B030C7E9522307F52B
:10659000A47207F5A07311461846FCF7B7FE07F57D
:1065A0009E63A3F56C73B3F900309AB207F59E634E
:1065B000A3F59C631A82114B1968D1F8AC20D1F86D
:1065C000B030C7E9562307F5AC7207F5A87311463A
:1065D0001846FCF79BFE07F59E63A3F56873B3F9B5
:1065E00004309AB207F59E63A3F59C6310E000BFE8
:1065F000D8FA01000CFB010038FB01004C00002020
:1066000048FB010054FB010060FB01006CFB010032
:106610005A82D14802F0CAFFD04B1968D1F8B42091
:10662000D1F8B830C7E95A2307F5B47207F5B0734B
:1066300011461846FCF76AFE07F5B0731846FCF7DA
:10664000A7FEC64B1968D1F8B420D1F8B830C7E915
:106650005E2307F5BC7207F5B87311461846FCF7C0
:1066600055FE07F59E63A3F56073B3F900309AB247
:1066700007F59E63A3F59C639A82B84B1968D1F81D
:10668000B420D1F8B830C7E9622307F5C47207F522
:10669000C07311461846FCF739FE07F59E63A3F553
:1066A0005C73B3F904309AB207F59E63A3F59C635B
:1066B000DA82AB4802F07AFFA84B1968D1F8BC2007
:1066C000D1F8C030C7E9662307F5CC7207F5C87367
:1066D00011461846FCF71AFE07F5C8731846FCF772
:1066E00057FE9E4B1968D1F8BC20D1F8C030C7E9DD
:1066F0006A2307F5D47207F5D07311461846FCF7E4
:1067000005FE07F59E63A3F55473B3F900309AB202
:1067100007F59E63A3F59C631A83904B1968D1F823
:10672000BC20D1F8C030C7E96E2307F5DC7207F54D
:10673000D87311461846FCF7E9FD07F59E63A3F5EB
:106740005073B3F904309AB207F59E63A3F59C63C6
:106750005A83844802F02AFF804B1968D1F8C4207C
:10676000D1F8C830C7E9722307F5E47207F5E07382
:1067700011461846FCF7CAFD07F5E0731846FCF70A
:1067800007FE764B1968D1F8C420D1F8C830C7E9A4
:10679000762307F5EC7207F5E87311461846FCF707
:1067A000B5FD07F59E63A3F54873B3F900309AB2BF
:1067B00007F59E63A3F59C639A83684B1968D1F82B
:1067C000C420D1F8C830C7E97A2307F5F47207F579
:1067D000F07311461846FCF799FD07F59E63A3F583
:1067E0004473B3F904309AB207F59E63A3F59C6332
:1067F000DA835D4802F0DAFE584B1968D1F8CC20F4
:10680000D1F8D030C7E97E2307F5FC7207F5F8739D
:1068100011461846FCF77AFD07F5F8731846FCF7A1
:10682000B7FD4E4B1968D1F8CC20D1F8D030C7E96C
:10683000822307F5027207F5007311461846FCF72C
:1068400065FD07F59E63A3F53C73B3F900309AB27A
:1068500007F59E63A3F59C631A84404B1968D1F831
:10686000CC20D1F8D030C7E9862307F5067207F5AA
:10687000047311461846FCF749FD07F59E63A3F51E
:106880003873B3F904309AB207F59E63A3F59C639D
:106890005A84364802F08AFE304B1968D1F8D42069
:1068A000D1F8D830C7E98A2307F50A7207F50873CB
:1068B00011461846FCF72AFD07F508731846FCF741
:1068C00067FD264B1968D1F8D420D1F8D830C7E934
:1068D0008E2307F50E7207F50C7311461846FCF768
:1068E00015FD07F59E63A3F53073B3F900309AB236
:1068F00007F59E63A3F59C639A84184B1968D1F839
:10690000D420D1F8D830C7E9922307F5127207F5E1
:10691000107311461846FCF7F9FC07F59E63A3F5C2
:106920002C73B3F904309AB207F59E63A3F59C6308
:10693000DA840F4802F03AFE084B1968D1F8DC20DF
:10694000D1F8E030C7E9962307F5167207F51473FE
:10695000114618460EE000BF7CFB01004C000020F1
:1069600088FB010094FB0100A0FB0100ACFB0100CF
:10697000B8FB0100FCF7CAFC07F514731846FCF7D6
:1069800007FDD14B1968D1F8DC20D1F8E030C7E918
:106990009A2307F51A7207F5187311461846FCF783
:1069A000B5FC07F59E63A3F52473B3F900309AB2E2
:1069B00007F59E63A3F59C631A85C34B1968D1F84C
:1069C000DC20D1F8E030C7E99E2307F51E7207F5F9
:1069D0001C7311461846FCF799FC07F59E63A3F556
:1069E0002073B3F904309AB207F59E63A3F59C6354
:1069F0005A85B64802F0DAFDB34B1968D1F8E420A5
:106A0000D1F8E830C7E9A22307F5227207F5207311
:106A100011461846FCF77AFC07F520731846FCF778
:106A2000B7FCA94B1968D1F8E420D1F8E830C7E9E0
:106A3000A62307F5267207F5247311461846FCF7BE
:106A400065FC07F59E63A3F51873B3F900309AB29D
:106A500007F59E63A3F59C639A859B4B1968D1F853
:106A6000E420D1F8E830C7E9AA2307F52A7207F530
:106A7000287311461846FCF749FC07F59E63A3F5F9
:106A80001473B3F904309AB207F59E63A3F59C63BF
:106A9000DA858F4802F08AFD8B4B1968D1F8EC201B
:106AA000D1F8F030C7E9AE2307F52E7207F52C7345
:106AB00011461846FCF72AFC07F52C731846FCF71C
:106AC00067FC814B1968D1F8EC20D1F8F030C7E9A8
:106AD000B22307F5327207F5307311461846FCF7FA
:106AE00015FC07F59E63A3F50C73B3F900309AB259
:106AF00007F59E63A3F59C631A86734B1968D1F85A
:106B0000EC20D1F8F030C7E9B62307F5367207F567
:106B1000347311461846FCF7F9FB07F59E63A3F59D
:106B20000873B3F904309AB207F59E63A3F59C632A
:106B30005A86684802F03AFD634B1968D1F8F42090
:106B4000D1F8F830C7E9BA2307F53A7207F5387378
:106B500011461846FCF7DAFB07F538731846FCF7C0
:106B600017FC594B1968D1F8F420D1F8F830C7E96F
:106B7000BE2307F53E7207F53C7311461846FCF735
:106B8000C5FB07F59E63A3F50073B3F900309AB215
:106B900007F59E63A3F59C639A864B4B1968D1F861
:106BA000F420D1F8F830C7E9C22307F5427207F59F
:106BB000407311461846FCF7A9FB07F59E63A3F541
:106BC000F873B3F904309AB207F59E63A3F59C639A
:106BD000DA86414802F0EAFC3B4B1968D1F8FC2008
:106BE000D1F80031C7E9C62307F5467207F54473AB
:106BF00011461846FCF78AFB07F544731846FCF764
:106C0000C7FB314B1968D1F8FC20D1F80031C7E936
:106C1000CA2307F54A7207F5487311461846FCF770
:106C200075FB07F59E63A3F5E873B3F900309AB2DC
:106C300007F59E63A3F59C631A87234B1968D1F867
:106C4000FC20D1F80031C7E9CE2307F54E7207F5D5
:106C50004C7311461846FCF759FB07F59E63A3F5E4
:106C6000E073B3F904309AB207F59E63A3F59C6311
:106C70005A871A4802F09AFC134B1968D1F804217C
:106C8000D1F80831C7E9D22307F5527207F55073DE
:106C900011461846FCF73AFB07F550731846FCF707
:106CA00077FB094B1968D1F80421D1F80831C7E9FD
:106CB000D62307F5567207F5547311461846FCF7AC
:106CC00025FB07F59E630BE04C000020C4FB010090
:106CD000D0FB0100DCFB0100E8FB0100F4FB01003C
:106CE000A3F5D073B3F900309AB207F59E63A3F50C
:106CF0009C639A87D54B1968D1F80421D1F80831E3
:106D0000C7E9DA2307F55A7207F558731146184692
:106D1000FCF7FCFA07F59E63A3F5C873B3F90430DA
:106D20009AB207F59E63A3F59C63DA87C84802F020
:106D30003DFCC64B1968D1F80C21D1F81031C7E9D8
:106D4000DE2307F55E7207F55C7311461846FCF703
:106D5000DDFA07F55C731846FCF71AFBBB4B1968A4
:106D6000D1F80C21D1F81031C7E9E22307F562729E
:106D700007F5607311461846FCF7C8FA07F59E63DD
:106D8000A3F5B873B3F900309AB207F59E63A3F583
:106D90009C63A3F84020AD4B1968D1F80C21D1F8C1
:106DA0001031C7E9E62307F5667207F564731146EB
:106DB0001846FCF7ABFA07F59E63A3F5B073B3F979
:106DC00004309AB207F59E63A3F59C63A3F84220B2
:106DD000A04802F0EBFB9D4B1968D1F81421D1F8C3
:106DE0001831C7E9EA2307F56A7207F56873114697
:106DF0001846FCF78BFA07F568731846FCF7C8FAD3
:106E0000924B1968D1F81421D1F81831C7E9EE2353
:106E100007F56E7207F56C7311461846FCF776FAA3
:106E200007F59E63A3F5A073B3F900309AB207F596
:106E30009E63A3F59C63A3F84420844B1968D1F8A2
:106E40001421D1F81831C7E9F22307F5727207F55A
:106E5000707311461846FCF759FA07F59E63A3F5BF
:106E60009873B3F904309AB207F59E63A3F59C6357
:106E7000A3F84620784802F099FB744B1968D1F8C2
:106E80001C21D1F82031C7E9F62307F5767207F502
:106E9000747311461846FCF739FA07F574731846EF
:106EA000FCF776FA694B1968D1F81C21D1F820312A
:106EB000C7E9FA2307F57A7207F578731146184681
:106EC000FCF724FA07F59E63A3F58873B3F9003045
:106ED0009AB207F59E63A3F59C63A3F848205B4B29
:106EE0001968D1F81C21D1F82031C7E9FE2307F534
:106EF0007E7207F57C7311461846FCF707FA07F512
:106F00009E63A3F58073B3F904309AB207F59E63CC
:106F1000A3F59C63A3F84A20504802F047FB4B4B73
:106F20001968D1F82421D1F8283107F58161C1E928
:106F3000002307F5816207F5806311461846FCF7C8
:106F4000E5F907F580631846FCF722FA3F4B19680C
:106F5000D1F82421D1F8283107F58361C1E9002354
:106F600007F5836207F5826311461846FCF7CEF9F0
:106F7000B7F910349AB207F59E63A3F59C63A3F8A2
:106F80004C20324B1968D1F82421D1F8283107F56B
:106F90008561C1E9002307F5856207F58463114621
:106FA0001846FCF7B3F9B7F924349AB207F59E6393
:106FB000A3F59C63A3F84E20294802F0F7FA234B6F
:106FC0001968D1F82C21D1F8303107F58761C1E972
:106FD000002307F5876207F5866311461846FCF71C
:106FE00095F907F586631846FCF7D2F9174B19682F
:106FF000D1F82C21D1F8303107F58961C1E900239E
:1070000007F5896207F5886311461846FCF77EF993
:10701000B7F940349AB207F59E63A3F59C63A3F8D1
:1070200050200A4B1968D1F82C21D1F8303107F5DE
:107030008B61C1E9002307F58B6207F58A6311466E
:107040001846FCF763F9B7F954340BE04C00002004
:1070500000FC01000CFC010018FC010024FC0100F4
:1070600030FC01009AB207F59E63A3F59C63A3F878
:107070005220844802F09AFA834B1968D1F83421DF
:10708000D1F8383107F58D61C1E9002307F58D622C
:1070900007F58C6311461846FCF738F907F58C6341
:1070A0001846FCF775F9784B1968D1F83421D1F8F6
:1070B000383107F58F61C1E9002307F58F6207F5C5
:1070C0008E6311461846FCF721F9B7F970349AB26D
:1070D00007F59E63A3F59C63A3F854206A4B1968D7
:1070E000D1F83421D1F8383107F59161C1E9002395
:1070F00007F5916207F5906311461846FCF706F90B
:10710000B7F984349AB207F59E63A3F59C63A3F89C
:1071100056205E4802F04AFA5B4B1968D1F83C21D0
:10712000D1F8403107F59361C1E9002307F5936277
:1071300007F5926311461846FCF7E8F807F59263E5
:107140001846FCF725F9504B1968D1F83C21D1F8C5
:10715000403107F59561C1E9002307F5956207F510
:10716000946311461846FCF7D1F8B7F9A0349AB2E7
:1071700007F59E63A3F59C63A3F85820424B19685A
:10718000D1F83C21D1F8403107F59761C1E90023DE
:1071900007F5976207F5966311461846FCF7B6F8AF
:1071A000B7F9B4349AB207F59E63A3F59C63A3F8CC
:1071B0005A20374802F0FAF9334B1968D1F84421C4
:1071C000D1F8483107F59961C1E9002307F59962C3
:1071D00007F5986311461846FCF798F807F5986389
:1071E0001846FCF7D5F8284B1968D1F84421D1F896
:1071F000483107F59B61C1E9002307F59B6207F55C
:107200009A6311461846FCF781F8B7F9D0349AB260
:1072100007F59E63A3F59C63A3F85C201A4B1968DD
:10722000D1F84421D1F8483107F59D61C1E9002327
:1072300007F59D6207F59C6311461846FCF766F852
:10724000B7F9E4349AB207F59E63A3F59C63A3F8FB
:107250005E2007F1100307F59E62A2F59E60602292
:107260000092002244F20401006802F00DFA07F5D2
:107270009E63A3F2EC431B685BB2184607F2F44727
:10728000BD4690BD3CFC01004C00002048FC0100C4
:1072900054FC010080B59CB002AFF860B9607A6020
:1072A0003B6079684E4802F081F94E48FEF7D4FD04
:1072B00002460B46C7E904234A48FEF7E1FD0246B1
:1072C0000B46C7E906234748FEF7EEFD02460B468C
:1072D000C7E908234348FEF7FBFD02460B46C7E912
:1072E0000A234048FEF708FE02460B46C7E90C2376
:1072F0003C48FEF715FE02460B46C7E90E23394807
:10730000FEF722FE02460B46C7E910233548FEF77A
:107310002FFE02460B46C7E912233248FEF73CFE19
:1073200002460B46C7E914232E48FEF749FE0246E3
:107330000B46C7E916232B48FEF756FE02460B46BE
:10734000C7E91823284802F031F9D7E90423274870
:1073500002F02CF9D7E90623254802F027F9D7E9EE
:107360000823244802F022F9D7E90A23224802F030
:107370001DF9D7E90C23214802F018F9D7E90E23AB
:107380001F4802F013F9D7E910231E4802F00EF946
:10739000D7E912231C4802F009F9D7E914231B4846
:1073A00002F004F9D7E91623194802F0FFF8D7E9EB
:1073B0001823184802F0FAF8174802F0F7F807F116
:1073C000100358220092002244F20501386802F0AE
:1073D0005BF97B685BB218466837BD4680BD00BF6D
:1073E00060FC0100681A002094FC0100C4FC01004C
:1073F000D4FC0100E4FC0100F4FC010004FD0100E8
:1074000014FD010024FD010038FD010048FD0100CC
:1074100058FD010068FD010078FD010080B58CB0C9
:1074200002AFF860B9607A603B600023FB61796865
:107430006B4802F0BBF8BB68002B68D07B68032B5D
:1074400065D9BB681B68FB61FB69082B17D9FB6911
:1074500008221946634802F0A9F8FCF73FF94FF0FB
:10746000FF33FB6107F11C0304220092002244F267
:107470000601386802F008F97B685BB2ABE04FF0B8
:10748000FF337B6107F1140304220092002244F2CF
:107490000601386802F0F8F8FB691946524802F014
:1074A00085F8FB691846FCF77FFAFCF759FB0346A1
:1074B00083F00103DBB2002B1AD06FF001037B6174
:1074C00007F1140304220092002244F206013868F6
:1074D00002F0DAF8454802F069F8FCF7FFF8FB69BA
:1074E0001946434802F062F8FB691846FCF75CFA5B
:1074F000FB697B6107F1140304220092002244F22D
:107500000601386802F0C0F87B685BB263E0394876
:1075100002F04CF807F118031846FBF742FE364B11
:107520001B685B6A7B6207F1240207F120031146A6
:107530001846FBF743FE3B6ABB61B7F91820B7F961
:107540001A309A4215D02D4B1B6819462C4802F070
:107550002DF84FF0FF33FB6107F11C03042200926A
:10756000002244F20601386802F08EF87B685BB2B4
:1075700031E0FCF7F5FA034683F00103DBB2002BA0
:1075800014D0204802F012F86FF00103FB6107F1FC
:107590001C0304220092002244F20601386802F023
:1075A00073F8FCF79BF87B685BB214E0134B1B6825
:1075B0001946154801F0FAFF104B1B68FB6107F1F3
:1075C0001C0304220092002244F20601386802F0F3
:1075D0005BF87B685BB218462837BD4680BD00BFAC
:1075E000A4FD0100D8FD010060FE010090FE010035
:1075F000C0FE0100F0FE01004C0000203800002019
:1076000030FF01007CFF0100B8FF010080B500AF32
:107610000248FCF7EFFE00BF80BD00BF4400002021
:1076200080B500AFFFF7F2FF80BD000080B582B0EB
:1076300000AF786039607B681B68184615F0F0F879
:107640003B68D3E9002315F055F902460B46104676
:1076500019464FF00002054B15F076FA02460B462C
:10766000104619460837BD4680BD00BF00005E4188
:1076700080B483B000AF78607B6800221A7000226B
:107680005A7000229A700022DA707B6818460C3714
:10769000BD4680BC704780B483B000AF78600846B8
:1076A00011461A460346FB700B46BB7013467B70AF
:1076B000FB7803F00703D9B27A68137861F34713B4
:1076C0001370BB7803F00103D9B27A68137861F3C1
:1076D000041313707B7803F00F03D9B27A68137820
:1076E00061F3030313707B6818460C37BD4680BCFA
:1076F000704780B483B000AF7860084611461A46E0
:107700000346FB700B46BB7013467B707A68137898
:1077100023F080031370FB7803F00103D9B27A6879
:10772000137861F386131370BB7803F00103D9B2A9
:107730007A68137861F3451313707B7803F00103C3
:10774000D9B27A68137861F3041313703B7C03F0A9
:107750000103D9B27A68137861F3C30313703B7DD8
:1077600003F00103D9B27A68137861F382031370CE
:107770003B7E03F00103D9B27A68137861F34103C9
:1077800013707A68137823F0010313707B6818462E
:107790000C37BD4680BC704780B483B000AF7860C2
:1077A000084611461A460346FB700B46BB7013464B
:1077B0007B70FB7803F00103D9B27A68137861F328
:1077C000C7131370BB7803F00703D9B27A68137834
:1077D00061F3061313707B7803F00303D9B27A6860
:1077E000137861F3830313703B7C03F00303D9B276
:1077F0007A68137861F3010313707B6818460C37BD
:10780000BD4680BC704780B483B000AF7860084646
:1078100011461A460346FB700B46BB7013467B703D
:107820007A68137823F0800313707A68137823F052
:1078300040031370FB7803F00103D9B27A68137820
:1078400061F345131370BB7803F00103D9B27A6872
:10785000137861F3041313707B7803F00103D9B23A
:107860007A68137861F3C30313703B7C03F0010360
:10787000D9B27A68137861F3820313703B7D03F009
:107880000103D9B27A68137861F3000313707A6840
:10789000137823F0020313707B6818460C37BD463B
:1078A00080BC704780B483B000AF78607B680022F2
:1078B0001A607B6818460C37BD4680BC70470000D4
:1078C00080B483B000AF7860044A7B681A607B683C
:1078D00018460C37BD4680BC704700BF3409020013
:1078E00080B483B000AF7860044A7B681A607B681C
:1078F00018460C37BD4680BC704700BF34090200F3
:1079000080B582B000AF78607868FFF7E9FF0421A6
:10791000786804F0A6F97B6818460837BD4680BD34
:1079200080B582B000AF3B1D1846FFF7BBFF084B88
:107930001B68DB6B7B603B7903F00203DBB2002B3F
:107940000CBF01230023DBB218460837BD4680BDBB
:107950004C00002080B582B000AF00237B60002384
:107960007B600DE0FFF7DCFF034683F00103DBB231
:10797000002B09D10120F9F75FF87B6801337B60A8
:107980007B68632BEED900E000BF7B68612B02D9D6
:10799000034801F00BFE00BF0837BD4680BD00BFA5
:1079A0004401020080B483B000AF0346FB71FA7952
:1079B000034B1B68DA6300BF0C37BD4680BC7047C1
:1079C0004C00002080B582B000AF0346FB71FFF78A
:1079D000C1FFFA79034B1B689A6300BF0837BD46A5
:1079E00080BD00BF4C00002080B584B000AF0346CE
:1079F000FB710023FB60FFF7ADFFFA79074B1B68B3
:107A00009A63FFF7A7FF054B1B689B6BFB60FB6846
:107A1000DBB218461037BD4680BD00BF4C000020C9
:107A200080B483B000AF0346FB7100BF0C37BD4686
:107A300080BC704780B483B000AF0346FB7100BFC9
:107A40000C37BD4680BC704780B485B000AFF8608D
:107A5000C7E90023F968D7E90023C1E90023F968E1
:107A6000D7E90623C1E90223FB6818461437BD464F
:107A700080BC704780B485B000AFF860C7E90023D0
:107A8000F968D7E90023C1E90023F968D7E906239B
:107A9000C1E9022300BF1437BD4680BC704780B4E3
:107AA00083B000AF78607B68D3E9002310461946A5
:107AB0000C37BD4680BC704780B483B000AF78609F
:107AC0007B68D3E90223104619460C37BD4680BCBB
:107AD000704700000000000080B582B000AF786001
:107AE0007B6800221A707B6800225A707B68002233
:107AF0005A607B6800229A607B680022DA607B68AB
:107B000000221A617B6800225A617B6800229A6118
:107B10007B680022DA617B6800221A627B6800229F
:107B20005A627B6800229A627B680022DA627B6874
:107B300000221A637B6800225A637B6800229A63E2
:107B40007B680022DA637B6800221A647B6803F199
:107B5000480105A3D3E90023084600F0ABFD7B688C
:107B600018460837BD4680BDFCA9F1D24D621040D1
:107B700080B582B000AF78607B684833184600F06B
:107B8000D5FD7B6818460837BD4680BD80B582B0FC
:107B900000AF78607B68303319460548FEF730F94E
:107BA00002460B46104619460837BD4680BD00BF49
:107BB000F01B002080B582B000AF78607B68343362
:107BC00019460548FEF71CF902460B4610461946B1
:107BD0000837BD4680BD00BF001C002080B582B0C4
:107BE00000AF78607B68383319460548FEF708F91E
:107BF00002460B46104619460837BD4680BD00BFF9
:107C0000001C002080B582B000AF78607B683C33F8
:107C100019460548FEF7F4F802460B461046194689
:107C20000837BD4680BD00BF201C002080B582B053
:107C300000AF78607B68403319460548FEF7E0F8EE
:107C400002460B46104619460837BD4680BD00BFA8
:107C5000301C002080B483B000AF786039607B684E
:107C60005A683B681A6000BF0C37BD4680BC70473D
:107C700080B483B000AF786039607B689A683B68F5
:107C80001A6000BF0C37BD4680BC704780B483B01B
:107C900000AF786039607B68DA683B681A6000BFC3
:107CA0000C37BD4680BC704780B483B000AF7860AD
:107CB00039607B681A693B681A6000BF0C37BD46A3
:107CC00080BC704780B483B000AF786039607B6857
:107CD0005A693B681A6000BF0C37BD4680BC7047CC
:107CE00080B483B000AF786039607B689A693B6884
:107CF0001A6000BF0C37BD4680BC704780B483B0AB
:107D000000AF786039607B68DA693B681A6000BF51
:107D10000C37BD4680BC704780B483B000AF78603C
:107D200039607B681A6A3B681A6000BF0C37BD4631
:107D300080BC704780B483B000AF786039607B68E6
:107D40005A6A3B681A6000BF0C37BD4680BC70475A
:107D500080B483B000AF786039607B689A6A3B6812
:107D60001A6000BF0C37BD4680BC704780B483B03A
:107D700000AF786039607B68DA6A3B681A6000BFE0
:107D80000C37BD4680BC704780B483B000AF7860CC
:107D900039607B681A6B3B681A6000BF0C37BD46C0
:107DA00080BC704780B483B000AF786039607B6876
:107DB0005A6B3B681A6000BF0C37BD4680BC7047E9
:107DC00080B483B000AF786039607B689A6B3B68A1
:107DD0001A6000BF0C37BD4680BC704780B483B0CA
:107DE00000AF786039607B68DA6B3B681A6000BF6F
:107DF0000C37BD4680BC704780B483B000AF78605C
:107E000039607B681A6C3B681A6000BF0C37BD464E
:107E100080BC704780B584B000AFF860B9607A600C
:107E20003B60474801F0C2FB4648FEF715F80246A2
:107E30000B46454801F0BAFB4248FEF721F80246DE
:107E40000B46424801F0B2FB3E48FEF72DF80246D1
:107E50000B463F4801F0AAFB3A48FEF739F80246C4
:107E60000B463C4801F0A2FB3648FEF745F80246B7
:107E70000B46394801F09AFB3248FEF751F80246AA
:107E80000B46364801F092FB2E48FEF75DF802469D
:107E90000B46334801F08AFB2A48FEF769F8024690
:107EA0000B46304801F082FB2648FEF775F8024683
:107EB0000B462D4801F07AFB2248FEF781F8024676
:107EC0000B462A4801F072FB1E48FEF78DF8024669
:107ED0000B46274801F06AFB1A48FFF757FE024697
:107EE0000B46244801F062FB1648FFF763FE02468A
:107EF0000B46214801F05AFB1248FFF76FFE02467D
:107F00000B461E4801F052FB0E48FFF77BFE02466F
:107F10000B461B4801F04AFB0A48FFF787FE024662
:107F20000B46184801F042FB174801F03FFBB868C8
:107F300005F088FD03465BB218461037BD4680BD8C
:107F40005C010200681A00209C010200AC010200E2
:107F5000BC010200CC010200DC010200EC010200C5
:107F6000FC010200100202002002020030020200A6
:107F70004002020050020200600202007002020091
:107F80008002020098020200B002020080B586B0B2
:107F900000AFF860B9607A603B60674801F006FBAB
:107FA00007F1140319466548FFF754FE7B697A69A7
:107FB0001946634801F0FAFA07F1140319465F48BD
:107FC000FFF756FE7B697A6919465E4801F0EEFAC2
:107FD00007F1140319465948FFF758FE7B697A697F
:107FE0001946594801F0E2FA07F1140319465348BB
:107FF000FFF75AFE7B697A691946544801F0D6FAB0
:1080000007F1140319464D48FFF75CFE7B697A6956
:1080100019464F4801F0CAFA07F1140319464748B8
:10802000FFF75EFE7B697A6919464A4801F0BEFA9D
:1080300007F1140319464148FFF760FE7B697A692E
:108040001946454801F0B2FA07F1140319463B48B6
:10805000FFF762FE7B697A691946404801F0A6FA8B
:1080600007F1140319463548FFF764FE7B697A6906
:1080700019463B4801F09AFA07F1140319462F48B4
:10808000FFF766FE7B697A691946364801F08EFA79
:1080900007F1140319462948FFF768FE7B697A69DE
:1080A0001946314801F082FA07F1140319462348B2
:1080B000FFF76AFE7B697A6919462C4801F076FA67
:1080C00007F1140319461D48FFF76CFE7B697A69B6
:1080D0001946274801F06AFA07F1140319461748B0
:1080E000FFF76EFE7B697A691946224801F05EFA55
:1080F00007F1140319461148FFF770FE7B697A698E
:1081000019461D4801F052FA07F1140319460B48AD
:10811000FFF772FE7B697A691946184801F046FA42
:10812000174801F043FAB86805F08CFC03465BB2CF
:1081300018461837BD4680BDD8020200681A0020D4
:10814000180302003003020048030200600302002B
:10815000780302008C030200A0030200B8030200AF
:10816000D0030200E803020000040200140402002D
:108170002C040200440402005C0402007C0402009F
:108180009804020000000000B0B594B006AFF8609B
:10819000B9607A603B60012387F837309C49B86842
:1081A00005F0DEF9B8629A49002005F0D9F9786245
:1081B0009749002005F0D4F938624FF00002954B42
:1081C000C7E906234FF000024FF00003C7E904237C
:1081D000BB6A002B08D1904801F0E8F9B86805F0B7
:1081E00031FC03465BB219E200233B6317E0BA6A35
:1081F0003B6B134493F90030002B15D0BA6A3B6BEC
:10820000134493F90030184604F0C4FB0146BA6ADF
:108210003B6B13444AB21A703B6B01333B633A6BBE
:108220007B689A42E3D300E000BF7B6A002B09D051
:10823000002387F8373007F118031A467749786A20
:1082400004F01AFF3B6A002B09D0002387F837306F
:1082500007F110031A467149386A04F00DFF08222D
:108260006F49B86A05F024F90346002B40F00081FD
:108270004FF000024FF00003CDE900234FF0000261
:10828000644B6848FFF7F6FB4FF000024FF0000325
:10829000CDE900234FF000024FF080436248FFF722
:1082A000E9FB4FF000024FF00003CDE900234FF04F
:1082B00000025E4B5E48FFF7DDFB4FF000024FF01F
:1082C0000003CDE900234FF000024FF080435948EE
:1082D000FFF7D0FB4FF000024FF00003CDE9002381
:1082E00049A3D3E900235448FFF7C4FB4FF0000231
:1082F0004FF00003CDE9002343A3D3E900234F4807
:10830000FFF7B8FB4FF000024FF00003CDE9002368
:108310004FF000024FF080434948FFF7ABFB4FF0AE
:1083200000024FF00003CDE900234FF00002454B5F
:108330004548FFF79FFB4FF000024FF00003CDE9E7
:1083400000234FF00002334B4048FFF793FB4FF000
:1083500000024FF00003CDE900234FF000022D4B47
:108360003B48FFF787FB4FF000024FF00003CDE9D9
:1083700000234FF00002274B3648FFF77BFB4FF0FE
:1083800000024FF00003CDE900234FF00002214B23
:108390003148FFF76FFB4FF000024FF00003CDE9CB
:1083A00000234FF000021B4B2C48FFF763FB4FF0FC
:1083B00000024FF00003CDE900234FF00002154BFF
:1083C0002748FFF757FB4FF000024FF00003CDE9BD
:1083D00000234FF000020F4B2248FFF74BFB4FF0FA
:1083E00000024FF00003CDE900234FF00002094BDB
:1083F0001D48FFF73FFB1D4801F0D8F8B86805F0AD
:1084000021FB03465BB209E1E3A59BC420B0134006
:10841000C00402000000F03FC80402002C05020066
:1084200030050200401B0020501B0020000030409F
:10843000601B0020701B0020901B0020A01B002050
:10844000801B002000000840B01B0020C01B002043
:10845000D01B0020E01B0020F01B0020001C00208F
:10846000101C0020201C0020301C00203C050200B5
:108470000023FB626B49B86A05F090F90346002BB4
:1084800001D1694BFB626949B86A05F087F9034677
:10849000002B01D1664BFB626649B86A05F07EF994
:1084A0000346002B01D1644BFB626449B86A05F0B6
:1084B00075F90346002B01D1614BFB626149B86A33
:1084C00005F06CF90346002B01D15F4BFB625F495D
:1084D000B86A05F063F90346002B01D15C4BFB62DF
:1084E0005C49B86A05F05AF90346002B01D15A4B92
:1084F000FB625A49B86A05F051F90346002B01D1D5
:10850000574BFB625749B86A05F048F90346002B00
:1085100001D1554BFB625549B86A05F03FF9034656
:10852000002B01D1524BFB625249B86A05F036F973
:108530000346002B01D1504BFB625049B86A05F04D
:108540002DF90346002B01D14D4BFB624D49B86A12
:1085500005F024F90346002B01D14B4BFB624B493C
:10856000B86A05F01BF90346002B01D1484BFB62AA
:1085700008224849B86A04F09BFF0346002B01D14A
:10858000454BFB6208224549B86A04F091FF034657
:10859000002B01D1424BFB62FB6A002B32D097F8D3
:1085A000373083F00103DBB2002B19D0D7E9060185
:1085B000D7E90423CDE9002302460B46F86AFFF70A
:1085C00059FAD7E90601D7E904233C6A0494CDE9B6
:1085D00002237B6A009302460B46324800F0E6FF16
:1085E000F86AFFF75CFA04460D46F86AFFF764FA8A
:1085F00002460B46CDE9002322462B462A4800F0CE
:10860000D5FF03E0B96A294800F0D0FF284800F000
:10861000CDFFB86805F016FA03465BB21846383746
:10862000BD46B0BD74050200401B00207C05020061
:10863000501B002084050200601B00208C050200F6
:10864000701B002094050200901B0020980502007A
:10865000A01B00209C050200801B0020A405020036
:10866000B01B0020AC050200C01B0020B4050200B6
:10867000D01B0020BC050200E01B0020C00502004A
:10868000F01B0020C8050200001C0020D0050200DD
:10869000101C0020D8050200201C0020E805020064
:1086A000301C0020F40502003806020068060200B3
:1086B000A8060200B0B584B000AFF860C7E9002397
:1086C000FB681846FFF7FCF8174AFB681A60F96860
:1086D000D7E90023C1E90223FB6810331D241D469E
:1086E00004E02846FEF7C4FF013C0435002CF8DA0C
:1086F000FB68002283F88820FB68002283F8892029
:10870000FB68002283F88A20FB68002283F88B2014
:108710000120FFF785F90120FFF78CF9FB68184667
:108720001037BD46B0BD00BF2009020080B582B041
:1087300000AF7860054A7B681A607B681846FFF7CF
:10874000CFF87B6818460837BD4680BD2009020077
:1087500080B582B000AF78607868FFF7E7FF9021BE
:10876000786803F07EFA7B6818460837BD4680BDFE
:1087700080B58CB004AF78600B46FB700020FFF72B
:1087800011F942F21070F8F757F907F11C000023B5
:1087900000220621FEF77FFF397F786800F0D6F8C7
:1087A0004FF47A70F8F748F907F1180001230293A3
:1087B0000123019300230093012300220121FEF7EE
:1087C00098FF07F1140000230093002307220021E3
:1087D000FEF7E2FF07F1100001230193012300934C
:1087E000012301220121FFF70EF83B7E1A460021EA
:1087F000786800F089F83B7D1A460121786800F01E
:1088000083F83B7C1A460621786800F07DF8FB78F7
:108810001A460721786800F077F800220821786866
:1088200000F072F807F10F031A460021786800F093
:10883000A4F83A7EFB7B9A4208D0FB7B19463B7E2C
:108840001A462C4800F0B2FE00234EE007F10F0359
:108850001A460121786800F090F83A7DFB7B9A4235
:1088600008D0FB7B19463B7D1A46234800F09EFE4C
:1088700001233AE007F10F031A460621786800F059
:108880007CF83A7CFB7B9A4208D0FB7B19463B7C08
:108890001A461A4800F08AFE062326E007F10F0365
:1088A0001A460721786800F068F8FB7BFA789A424C
:1088B00008D0FB7B1946FB781A46114800F076FE7B
:1088C000072312E007F10F031A460921786800F028
:1088D00054F8FB7B8B2B07D0FB7B8B221946094876
:1088E00000F064FE092300E0002318462037BD464F
:1088F00080BD00BFCC060200100702005407020032
:1089000098070200D807020080B584B000AF7860F5
:108910000B46FB701346BB7007F10C03184600F0C2
:1089200056F8FB7843F06003DBB21946786800F034
:1089300075F8BB781946786800F070F807F10C03F9
:10894000184600F056F81037BD4680BD80B584B09B
:1089500000AF7860397007F10C03184600F037F863
:108960003B781946786800F059F807F10C0318466F
:1089700000F03FF81037BD4680BD80B586B000AF2F
:10898000F8600B467A60FB7207F11403184600F09A
:108990001EF87B6800221A70FB7A43F04003DBB2BA
:1089A0001946F86800F03AF8F86800F045F8034610
:1089B0001A467B681B781343DAB27B681A7007F19A
:1089C0001403184600F015F81837BD4680BD80B571
:1089D00082B000AF78604FF47A70F8F72DF8FEF7A8
:1089E000B9FF0120FEF7DEFF7B6818460837BD4659
:1089F00080BD80B582B000AF78600120F8F71CF828
:108A0000FEF7A8FF0020FEF7CDFF4FF47A70F8F7CD
:108A100013F87B6818460837BD4680BD80B582B024
:108A200000AF78600B46FB70FB781846FEF7CAFF74
:108A300000BF0837BD4680BD80B584B000AF786008
:108A40000020FEF7D1FF0346FB73FB7B184610376F
:108A5000BD4680BD0000000080B582B002AF664810
:108A6000FFF73AF84FF000024FF00003CDE9002382
:108A70004FF00002614B6248FEF7E6FF4FF0000244
:108A80004FF00003CDE900234FF000024FF0804388
:108A90005C48FEF7D9FF4FF000024FF00003CDE92C
:108AA00000234FF00002584B5848FEF7CDFF4FF01F
:108AB00000024FF00003CDE900234FF000024FF019
:108AC00080435348FEF7C0FF4FF000024FF0000311
:108AD000CDE900234FF000024FF080434D48FEF7F0
:108AE000B3FF4FF000024FF00003CDE9002340A395
:108AF000D3E900234848FEF7A7FF4FF000024FF0EC
:108B00000003CDE900233AA3D3E900234348FEF74D
:108B10009BFF4FF000024FF00003CDE900234FF020
:108B200000023F4B3F48FEF78FFF4FF000024FF02F
:108B30000003CDE900234FF00002304B3A48FEF726
:108B400083FF4FF000024FF00003CDE900234FF008
:108B500000022A4B3548FEF777FF4FF000024FF036
:108B60000003CDE900234FF00002244B3048FEF70C
:108B70006BFF4FF000024FF00003CDE900234FF0F0
:108B800000021E4B2B48FEF75FFF4FF000024FF034
:108B90000003CDE900234FF00002184B2648FEF7F2
:108BA00053FF4FF000024FF00003CDE900234FF0D8
:108BB0000002124B2148FEF747FF4FF000024FF032
:108BC0000003CDE900234FF000020C4B1C48FEF7D8
:108BD0003BFF4FF000024FF00003CDE900234FF0C0
:108BE0000002064B1748FEF72FFF00BFBD4680BDB1
:108BF000E3A59BC420B01340681A00200000F03F9A
:108C0000401B0020501B002000003040601B002053
:108C1000701B0020801B0020901B0020A01B002048
:108C200000000840B01B0020C01B0020D01B00200B
:108C3000E01B0020F01B0020001C0020101C002066
:108C4000201C0020301C002080B500AF0348FEF738
:108C50008FFF0348FBF7CEFB00BF80BD681A0020E2
:108C60004800002080B500AFFFF7F6FE80BD80B55C
:108C700000AFFFF7E9FF80BDF0B587B004AF7860C3
:108C80007B681A785B781B0213439BB21E467B6895
:108C90001B7803F00103DBB2002B01D0592400E064
:108CA0004E247B681B7803F00203DBB2002B01D05B
:108CB000592500E04E257B681B7803F00403DBB2E6
:108CC000002B01D0592300E04E237A68127802F07D
:108CD0000802D2B2002A01D0592200E04E2279685F
:108CE000497801F00101C9B2002901D0592100E001
:108CF0004E217868407800F00200C0B2002801D010
:108D0000592000E04E2003900291019200932B46DF
:108D100022463146034800F049FC00BF0C37BD46EF
:108D2000F0BD00BF94090200F0B589B006AF7860CD
:108D30007B681B789C467B681B7803F00103DBB2E1
:108D4000002B01D0592500E04E257B681B7803F0ED
:108D50000203DBB2002B01D0592600E04E267B68CF
:108D60001B7803F00403DBB2002B01D0592300E091
:108D70004E237A68127802F00802D2B2002A01D09B
:108D8000592200E04E227968097801F01001C9B239
:108D9000002901D0592100E04E217868007800F0C8
:108DA0002000C0B2002801D0592000E04E207C688D
:108DB000247804F04004E4B2002C01D0592400E0EF
:108DC0004E240494039002910192009333462A4664
:108DD0006146034800F0EAFB00BF0C37BD46F0BD1A
:108DE000080A020080B582B000AF78607B681A780C
:108DF000597809020A43997809040A43DB781B066B
:108E000013431946034800F0D1FB00BF0837BD46A5
:108E100080BD00BF880A0200F0B587B004AF78605B
:108E20007B681B781E467B681B7803F00103DBB26E
:108E3000002B01D0592400E04E247B681B7803F0FE
:108E40000203DBB2002B01D0592500E04E257B68E0
:108E50001B7803F00803DBB2002B01D0592300E09C
:108E60004E237A68127802F01002D2B2002A01D0A2
:108E7000592200E04E227968097801F02001C9B238
:108E8000002901D0592100E04E217868007820F0B7
:108E90007F00C0B2002801D0592000E04E2003908E
:108EA0000291019200932B4622463146034800F07E
:108EB0007DFB00BF0C37BD46F0BD00BFB40A020009
:108EC00080B582B000AF78607B681A785978090263
:108ED0000A43997809040A43DB781B0613431946B1
:108EE000034800F063FB00BF0837BD4680BD00BFEC
:108EF000340B020080B582B000AF78607B681A78CE
:108F0000597809020A43997809040A43DB781B0659
:108F1000134319460D4800F049FB7B681846FFF7DC
:108F20007BFF0B4800F042FB7B6801331846FFF7DC
:108F3000FBFE074800F03AFB7B6802331846FFF758
:108F40009BFE00BF0837BD4680BD00BF640B02001A
:108F5000980B020080B584B002AF78607B681A7805
:108F6000597809020A43997809040A43DB781B06F9
:108F7000134318467B681B7803F00203DBB2002B17
:108F800001D0592200E04E227B68DB7803F04003D9
:108F9000DBB2002B01D0592100E04E217B68DB7849
:108FA00023F07F03DBB2002B01D0592300E04E23D6
:108FB00000930B460146034800F0F8FA00BF08375B
:108FC000BD4680BD9C0B02002DE9F04188B006AF84
:108FD00078607B681A78597809020A4399780904FD
:108FE0000A43DB781B0613439C467B681A79597940
:108FF00009020A43997909040A43DB791B061343E2
:109000009E467B681A7A597A09020A43997A0904BA
:109010000A43DB7A1B06134398467B681A7B597B0D
:1090200009020A43997B09040A43DB7B1B061343AD
:1090300018467B681A7C597C09020A43997C09040A
:109040000A43DB7C1B0613431C467B681A7D597D53
:1090500009020A43997D09040A43DB7D1B06134379
:109060001D467B681A7E597E09020A43997E0904CF
:109070000A43DB7E1B0613431E467B681A7F597F1B
:1090800009020A43997F09040A43DB7F1B06134345
:1090900004930396029501940090434672466146FC
:1090A000034800F083FA00BF0837BD46BDE8F081F1
:1090B000E80B020080B584B000AF78601C4B1B68E1
:1090C00003F00103002B14BF01230023DBB2002BAC
:1090D00000D001BE7868FFF777FF164800F066FA07
:1090E000154B1B681846FFF77DFE124800F05EFA2C
:1090F000124B1B681846FFF7E3FE0E4800F056FAC5
:109100000F4B1B681846FFF725FF0A4800F04EFA80
:109110000C4B1B681846FFF7EDFE064800F046FAB8
:109120000023FB60FB68984700BF1037BD4680BD39
:10913000F0ED00E06C0C02005C00002064000020F8
:109140006C0000206800002080B586B000AF786019
:10915000124800F02BFA7B689B693B617B685B6976
:10916000FB6039690E4800F021FAF9680D4800F0FB
:109170001DFA00237B6104E002F0C0FD7B6901332E
:109180007B617B69B3F5805FF6D30023BB60BB686E
:10919000984700BF1837BD4680BD00BF700C020065
:1091A000800C0200900C020080B586B000AF7860A1
:1091B000124800F0FBF97B689B693B617B685B6947
:1091C000FB6039690E4800F0F1F9F9680D4800F0CC
:1091D000EDF900237B6104E002F090FD7B6901332F
:1091E0007B617B69B3F5805FF6D30023BB60BB680E
:1091F000984700BF1837BD4680BD00BFA00C0200D5
:10920000800C0200900C020080B586B000AF786040
:10921000124800F0CBF97B689B693B617B685B6916
:10922000FB6039690E4800F0C1F9F9680D4800F09B
:10923000BDF900237B6104E002F060FD7B6901332E
:109240007B617B69B3F5805FF6D30023BB60BB68AD
:10925000984700BF1837BD4680BD00BFB40C020060
:10926000800C0200900C020080B500AF0248FBF7B2
:10927000C1F800BF80BD00BF5000002080B500AF26
:10928000FFF7F2FF80BD000090B589B000AFF86035
:10929000B9607A603B600023FB61FB68002B02D061
:1092A000BB68002B01D10023DCE07B6B002B16D0C8
:1092B000BB6B002B13D0B96B786B04F03FF90346FE
:1092C0001A46796BF86804F0F3F80346002B14BFD4
:1092D00001230023DBB2002B01D00023C2E0BB68D6
:1092E000BB61BB69202B01D92023BB6197F83C30BF
:1092F00083F00103DBB2002B39D00023FB6129E0AE
:10930000FA68FB69134493F90030602B15DDFA68A5
:10931000FB69134493F900307A2B0EDCFA68FB6981
:10932000134493F90030DBB2203BDBB259B24F4A11
:10933000FB6913440A461A7009E0FA68FB69134492
:1093400093F90010494AFB6913440A461A70FB69F5
:109350000133FB61B969F86804F0F0F80246FB6973
:10936000934234BF01230023DBB2002BC8D13F4B13
:109370000022DA7700233B610023FB6148E0FB69B0
:109380001B017A6813441B7A7B61BA687B699A4235
:1093900001D2BB687B61FB691B017A6813441B68BF
:1093A0007A691946314804F083F80346002B0CD043
:1093B000FB691B017A6813441B687A691946F868CF
:1093C00004F076F80346002B1FD1FB691B017A6875
:1093D00013441B7A1A46FB6813443B61FB691B016B
:1093E0007A681344DC68FB691B017A6813441868C7
:1093F000FB691B017A6813441B7A1A46BB689A1AE8
:109400003B6C3969A04701232CE0FB690133FB6108
:10941000FA693B689A42B2D397F83030002B18D1E2
:109420001249134800F0C2F80023FB610BE00F4A19
:10943000FB69134493F9003019460E4800F0B6F862
:10944000FB690133FB61FB69092BF0D90A4800F085
:10945000ADF897F83030002B03D13968786800F008
:109460000DF8002318462437BD4690BD481C002047
:10947000D40C0200F00C0200F80C020080B584B09D
:1094800000AF786039600023FB6010E0FB681B01CF
:109490007A6813441968FB681B017A6813445B6897
:1094A0001A46074800F082F8FB680133FB60FA684F
:1094B0003B689A42EAD300BF00BF1037BD4680BD6B
:1094C000200D020080B586B000AFF860B9607A6008
:1094D000BB68002B01D1002312E000237B610AE06E
:1094E000BA687B69134493F90030184602F0C4FB54
:1094F0007B6901337B617A697B689A42F0D37B6830
:1095000018461837BD4680BD80B586B000AFF860FC
:10951000B9607A60FB68B3F1804F03D3FB680D4AF2
:10952000934209D97B68BA68F9680B4803F0DCFB01
:10953000FA687B68134409E0FB687B617A68B96864
:10954000786904F009FA02467B6813441846183714
:10955000BD4680BD00800040280D020080B586B069
:1095600000AFF860B9607A60BB68002B02D0FB687E
:10957000002B01D1002315E0FB683B6100237B61D8
:109580000BE0BA687B69134493F9003039691846D7
:1095900003F0FAFB7B6901337B617A697B689A424D
:1095A000EFD37B6818461837BD4680BD0FB480B531
:1095B00082B000AF07F114033B603B683A690021B9
:1095C0000548F9F71FFB78607B6818460837BD46E9
:1095D000BDE8804004B07047C59400000EB480B56B
:1095E00085B000AF786007F12003BB60BB68FA6903
:1095F00079680A48F9F706FBF860FB68002B04DB82
:10960000FB687A68134400221A70FB681846143706
:10961000BD46BDE8804003B0704700BF099500001B
:109620000CB480B584B000AF7860396007F11C03DA
:10963000BB60BB68BA6979680548F9F7E3FAF86076
:10964000FB6818461037BD46BDE8804002B0704741
:10965000099500000EB480B585B000AF786007F1C1
:109660002003BB60BB68FA6979680648F9F7CAFA53
:10967000F860FB6818461437BD46BDE8804003B06B
:10968000704700BF5D95000090B587B002AFF860ED
:109690007A603B600B467B81FB68002B0AD0FB683D
:1096A0001B681C6879893B6A00933B687A68F86894
:1096B000A04702E00348FFF779FF00BF1437BD461B
:1096C00090BD00BF500D020080B483B000AF786041
:1096D000044A7B681A607B6818460C37BD4680BC1C
:1096E000704700BF100F020080B582B000AF7860F5
:1096F0007868FFF7E9FF0421786802F0B2FA7B6826
:1097000018460837BD4680BD80B582B000AF78608E
:10971000054A7B681A607B681846FFF7D5FF7B68AF
:1097200018460837BD4680BDD40E020080B582B011
:1097300000AF78607868FFF7E7FF1C21786802F0D7
:1097400090FA7B6818460837BD4680BD80B483B068
:1097500000AF78607B685B6918460C37BD4680BCFB
:10976000704780B485B000AF786039603B68FB60BB
:109770007B685B691A46FB68934208DBFB687A6882
:109780005269B3FBF2F101FB02F29B1AFB60FB682A
:10979000002B0BDA7B685969FB687A685269B3FB66
:1097A000F2F000FB02F29B1A0B44FB607B685B68E3
:1097B000FA681A607B689B681B78DBB2184614371E
:1097C000BD4680BC704780B485B000AF786039601A
:1097D0003B68FB607B685B691A46FB68934208DB69
:1097E000FB687A685269B3FBF2F101FB02F29B1A43
:1097F000FB60FB68002B0BDA7B685969FB687A68B1
:109800005269B3FBF2F000FB02F29B1A0B44FB60BF
:109810007B685B68FA681A607B689B681B78DBB2C0
:1098200018461437BD4680BC704780B483B000AF83
:1098300078607B68DB68002B01D1002302E07B6845
:10984000DB681B6818460C37BD4680BC704780B487
:1098500083B000AF78607B681B69002B01D10023C7
:1098600002E07B681B691B6818460C37BD4680BC4C
:10987000704790B585B000AF786039600023FB81F8
:109880007B681B680C331B683A68114678689847F8
:1098900003461CB27B681B680C331B683A680132B4
:1098A00011467868984703461BB21B021BB223433C
:1098B0001BB2FB81FB8918461437BD4690BD90B59D
:1098C00085B000AF786039600023FB607B681B685F
:1098D0000C331B683A6811467868984703461C4663
:1098E0007B681B680C331B683A6801321146786844
:1098F000984703461B021C437B681B680C331B689C
:109900003A68023211467868984703461B041C43A4
:109910007B681B680C331B683A6803321146786811
:10992000984703461B062343FB60FB681846143721
:10993000BD4690BD2DE9F04186B004AF78607B68EC
:109940005B6818467B689B681C467B68DB681D4625
:109950007B681B6919467B685B697A689269029229
:10996000019300912B46224601461448FFF71EFE44
:109970007B685B681D687B689B681B78DBB29846D8
:109980007B68DB681E687B681B691C687B681B68DA
:1099900018331B687868984702467B689B691B6888
:1099A0000293019200943346424629460448FFF749
:1099B000FDFD00BF0837BD46BDE8F081B00D0200D7
:1099C000340E020080B487B000AF78607B681B69FA
:1099D000002B03D07B68DB68002B01D1002322E041
:1099E0007B681B691B687B617B685B697A699A424B
:1099F00001D900237B617B68DB681B683B617B6866
:109A00005B693A699A4201D900233B617A693B69F3
:109A1000D31AFB60FB68002B04DA7B685A69FB6889
:109A20001344FB60FB6818461C37BD4680BC70477A
:109A300080B582B000AF786039607B689B69002B8D
:109A40000BD07B689B691A4639680648FFF7AEFD64
:109A50007B689B693A681A6000E000BF0837BD4622
:109A600080BD00BF980E020080B58AB000AFF860DC
:109A7000B9607A603B607B681B683A6B9A4203D29C
:109A80003B6B5A1E7B681A60FB681B6818331B68A7
:109A9000F868984738617B681B683A699A4203D234
:109AA0003B695A1E7B681A60FB681B69002B03D058
:109AB000FB68DB68002B01D1002354E0FB681B69C5
:109AC0001B687B62FB685B697A6A9A4201D9002352
:109AD0007B62FB68DB681B683B62FB685B693A6A18
:109AE0009A4201D900233B627A6A3B6AD31AFB612E
:109AF000FB69002B04DAFB685A69FB691344FB61BC
:109B0000FB685B691A46FB69934202DDFB685B698F
:109B1000FB610023BB610023BB611EE0BA693B6AA5
:109B20001344BA6813447B61FB685B697A699A42A3
:109B300004D3FB685B697A69D31A7B61FB685B6855
:109B40007A691A60FB689A683968BB690B441278B5
:109B5000D2B21A70BB690133BB617B681B68BA69FA
:109B60009A42DBD3BB6918462837BD4680BD00004A
:109B700080B483B000AF7860044A7B681A607B6869
:109B800018460C37BD4680BC704700BF100F02005E
:109B900080B483B000AF786039603B681A687B6836
:109BA000D1B2002001431970110AC9B2002001434B
:109BB0005970110CC9B2002001439970120E002196
:109BC0000A43DA707B6818460C37BD4680BC704784
:109BD00080B483B000AF786039603B681A687B68F6
:109BE0001A607B6818460C37BD4680BC704780B44D
:109BF00083B000AF786039603B681A687B681A6090
:109C00007B6818460C37BD4680BC704780B485B071
:109C100000AFF860B9607A603B60FB68BA681A60B0
:109C2000FB687A685A60FB683A689A60FB68BA69B0
:109C3000DA60FB6818461437BD4680BC70470000E8
:109C400080B483B000AF7860044A7B681A607B6898
:109C500018460C37BD4680BC704700BFAC170200E9
:109C600080B483B000AF7860044A7B681A607B6878
:109C700018460C37BD4680BC704700BFAC170200C9
:109C800080B582B000AF78607868FFF7E9FF042103
:109C9000786801F0E6FF7B6818460837BD4680BD4E
:109CA00080B483B000AF78607B68074A1A607B6835
:109CB00000229A807B680022DA807B6818460C3785
:109CC000BD4680BC704700BFBEBAAD1B80B582B038
:109CD00000AF78607B681B6819467B689B881A46D2
:109CE0007B68DB88034802F0FFFF00BF0837BD46F2
:109CF00080BD00BF480F020080B582B000AF786021
:109D00007B681846FFF79CFF054A7B681A607B68F2
:109D100001221A717B6818460837BD4680BD00BF16
:109D20002017020080B582B000AF7860054A7B68DA
:109D30001A607B681846FFF793FF7B681846083760
:109D4000BD4680BD2017020080B582B000AF7860AC
:109D50007868FFF7E7FF0821786801F082FF7B68E9
:109D600018460837BD4680BD80B483B000AF786028
:109D70000B46FB707B68FA781A7100BF0C37BD4642
:109D800080BC704780B483B000AF78607B681B797B
:109D900018460C37BD4680BC7047000080B487B0C1
:109DA00000AFF860B9607A603B6000237B610EE031
:109DB000BA687B6913441B680A4A934204D13B6822
:109DC0007A691A60012308E07B6901337B617B6853
:109DD000043B7A699A42EBD3002318461C37BD46F0
:109DE00080BC7047BEBAAD1B80B487B000AFF860CE
:109DF000B9607A603B607B68043B7B61BA687B69D1
:109E000013441B68064A934204D13B687A691A607E
:109E1000012300E0002318461C37BD4680BC704774
:109E2000EDAD0F0A80B487B000AFF860B9607A601A
:109E30003B603B687B610EE0BA687B6913441B683A
:109E40000A4A934204D13B6A7A691A60012308E006
:109E50007B6901337B617B68043B7A699A42EBD36F
:109E6000002318461C37BD4680BC7047BEBAAD1BE8
:109E700080B487B000AFF860B9607A603B603B683F
:109E80007B610EE0BA687B6913441B680A4A9342FF
:109E900004D13B6A7A691A60012308E07B690133C7
:109EA0007B617B68043B7A699A42EBD900231846B0
:109EB0001C37BD4680BC7047EDAD0F0A80B483B03F
:109EC00000AF7860082318460C37BD4680BC704749
:109ED00080B483B000AF7860082318460C37BD46C5
:109EE00080BC704780B483B000AF7860042318460C
:109EF0000C37BD4680BC704780B483B000AF78603B
:109F0000082318460C37BD4680BC704780B483B028
:109F100000AF78604FF6FF7318460C37BD4680BC23
:109F2000704780B485B000AFF860B9607A603B607C
:109F3000002318461437BD4680BC704780B485B0F6
:109F400000AFF860B9607A603B604FF000024FF0FC
:109F50000003104619461437BD4680BC704780B4D4
:109F600087B000AFF860B9607A603B603B68083347
:109F70007A689A4201D2002305E0BA683B6813442C
:109F80007B617B69DB8818461C37BD4680BC704707
:109F9000B0B487B000AFF860B9607A603B603B68EE
:109FA00008337A689A4204D24FF000044FF000055B
:109FB00009E0BA683B6813447B617B699B889BB26C
:109FC00000221C46154622462B46104619461C37D1
:109FD000BD46B0BC704780B487B000AFF860B960D0
:109FE0007A603B603B6808337A689A4201D200236A
:109FF0000CE0BA683B6813447B617B699B881A4616
:10A000007B6A934201D1012300E0002318461C37EC
:10A01000BD4680BC7047000080B588B000AFF860D6
:10A02000B9607A603B603B6810337A689A4201D22B
:10A03000002335E0BA683B681344FB61FB69DB88A9
:10A040001A463B68134410337A689A4201D20023BF
:10A0500026E0FB691B68144A934201D000231FE0ED
:10A06000FB69DB881A463B6813440833BA6813441B
:10A07000BB61BB695B680D4A934201D000230FE0CE
:10A08000FB69DB8808331946F869F6F723FD786128
:10A09000BB691B687A699A4201D0002300E0012362
:10A0A00018462037BD4680BDBEBAAD1BEDAD0F0AC8
:10A0B00080B588B000AFF860B9607A603B60BB687B
:10A0C000002B0AD03B68002B02D1FB6A002B04D185
:10A0D000FB6A10337A689A4201D200232EE007F11E
:10A0E00010031846FFF7DCFD3B8DBB82FB6A9BB279
:10A0F000FB8207F1100308221946B86803F02CFC14
:10A100003B68002B06D0BB680833FA6A39681846EA
:10A1100003F022FCFB6A0833BA681344FB61FB6A54
:10A1200008331946B868F6F7D5FCB861FB69BA6917
:10A130001A60FB69034A5A60FB6A103318462037DD
:10A14000BD4680BDEDAD0F0A80B586B000AFF860AA
:10A15000B9607A603B607B687B6117E0BB681B6815
:10A1600014331B687969B86898470346124A9342CA
:10A170000CBF01230023DBB2002B04D03B687A69BB
:10A180001A60012313E07B6901337B61BB681B68A4
:10A1900018331B68B86898470346043B7A699A42AB
:10A1A00034BF01230023DBB2002BD7D10023184694
:10A1B0001837BD4680BD00BFBEBAAD1B80B586B0A6
:10A1C00000AFF860B9607A603B607B68083B7B61F8
:10A1D00018E0BB681B6814331B687A691146B868BD
:10A1E000984703460B4A93420CBF01230023DBB27E
:10A1F000002B04D07A693B681A60012306E07B6972
:10A20000013B7B617B69002BE3DA0023184618379A
:10A21000BD4680BDBEBAAD1B80B586B000AFF8604C
:10A22000B9607A603B607B687B6118E0BB681B6843
:10A2300014331B687A691146B868984703460C4A7C
:10A2400093420CBF01230023DBB2002B04D07A69B8
:10A250003B6A1A60012307E07B69013B7B617A69F5
:10A260003B689A42E2DA002318461837BD4680BDA3
:10A27000BEBAAD1B80B586B000AFF860B9607A6039
:10A280003B607B687B6117E0BB681B6814331B680D
:10A290007969B86898470346124A93420CBF012374
:10A2A0000023DBB2002B04D03B687A691A600123DB
:10A2B00013E07B6901337B61BB681B6818331B6843
:10A2C000B86898470346043B7A699A4294BF0123D1
:10A2D0000023DBB2002BD7D1002318461837BD4628
:10A2E00080BD00BFEDAD0F0A80B586B000AFF8604D
:10A2F000B9607A603B607B687B6117E0BB681B6874
:10A3000014331B687969B868984703460D4A93422D
:10A310000CBF01230023DBB2002B04D03B6A7A6917
:10A320001A60012309E07B6901337B613A687B682D
:10A3300013447A699A42E1D9002318461837BD467A
:10A3400080BD00BFEDAD0F0A80B586B000AFF860EC
:10A35000B9607A603B607B687B6118E0BB681B6812
:10A3600014331B687A691146B868984703460C4A4B
:10A3700093420CBF01230023DBB2002B04D07A6987
:10A380003B6A1A60012307E07B69013B7B617A69C4
:10A390003B689A42E2DA002318461837BD4680BD72
:10A3A000EDAD0F0A90B585B000AFF860B9607A6086
:10A3B0007B6803F10804BB681B6818331B68B86826
:10A3C000984703469C428CBF01230023DBB2002B3D
:10A3D00001D0002309E0BB681B6810331B687A6852
:10A3E00006321146B8689847034618461437BD46EA
:10A3F00090BD000090B58FB000AFF860B9607A6092
:10A400003B60012387F82F30BB681B6814331B683F
:10A410007968B8689847B862BB681B6810331B68D6
:10A420007A6806321146B86898470346FB8497F865
:10A430002F30002B0CD0BB681B6814331B68796865
:10A44000B868984703461A4679689648FFF7AEF809
:10A4500097F82F30002B10D07B681C1DBB681B6841
:10A4600010331B687A6804321146B868984703466F
:10A470001A4621468C48FFF799F897F82F30002BA1
:10A4800010D07B689C1DBB681B6810331B687A6802
:10A4900006321146B868984703461A462146834853
:10A4A000FFF784F83A687B68D41ABB681B681833D6
:10A4B0001B68B868984703469C428CBF0123002361
:10A4C000DBB2002B13D097F82F30002B0DD0BB68D8
:10A4D0001B6818331B68B868984701463A687B6860
:10A4E000D31A1A467248FFF761F80023D5E0BB6A19
:10A4F000704A93420AD097F82F30002B04D0BA6AE2
:10A500006C496D48FFF752F80023C6E0BB681B6832
:10A5100014331B68F98C7A680A4408321146B8680B
:10A5200098473862BB681B6814331B68F98C7A68DB
:10A530000A440C321146B8689847F86197F82F30F2
:10A54000002B15D0FA8C7B68134403F10804BB6818
:10A550001B6814331B68F98C7A680A440832114668
:10A56000B868984703461A4621465448FFF71EF834
:10A5700097F82F30002B15D0FA8C7B68134403F129
:10A580000C04BB681B6814331B68F98C7A680A4496
:10A590000C321146B868984703461A462146484887
:10A5A000FFF704F8FB69474A934201D0002374E0A7
:10A5B0003B68043B7B637B6B002B01DA00237B63EE
:10A5C00097F82F30002B04D07A68796B3E48FEF75D
:10A5D000EDFFBB6C1B687A681A60BB6C5B687A6BBA
:10A5E0001A6000233B6300233B631CE0BB6C9A684A
:10A5F00007F1140311461846FFF7F9FA7B69C3F314
:10A600001E031A467B6B934205D07B69C3F3C0736C
:10A61000DBB2012B01D1012300E00023002B08D184
:10A620003B6B01333B63FB8C20333A6B9A42DDD3A7
:10A6300000E000BFBB6C9A6807F11803114618468A
:10A64000FFF7C6FA97F82F30002B0AD0BB6CDB68F7
:10A650001968BB69C3F31E031A463B6B1B48FEF720
:10A66000A5FF97F82F30002B09D0BB6C1B68196829
:10A67000BB6C5B681B681A461548FEF797FFBB6CFE
:10A68000DB681B683A6A9A4214BF01230023DBB2DD
:10A69000002B01D0002300E0012318463C37BD46C3
:10A6A00090BD00BF940F0200E00F020024100200D2
:10A6B00068100200BEBAAD1BB81002000011020003
:10A6C0003C110200EDAD0F0A84110200BC11020022
:10A6D0001412020080B485B000AFF860B9607A60EF
:10A6E0003B60002318461437BD4680BC704780B4D9
:10A6F00085B000AFF860B9607A603B604FF000024F
:10A700004FF00003104619461437BD4680BC704711
:10A71000F0B587B000AFF860B9607A603B607B68E5
:10A7200003F10806BB681B6818331B68B8689847B4
:10A7300003469E428CBF01230023DBB2002B04D0D2
:10A740004FF000044FF000050EE0BB681B681033AB
:10A750001B687A6804321146B86898470346FB8242
:10A76000FB8A00221C46154622462B4610461946F7
:10A770001C37BD46F0BD90B587B000AFF860B9603A
:10A780007A603B607B6803F10804BB681B68183380
:10A790001B68B868984703469C428CBF012300237E
:10A7A000DBB2002B01D0002311E0BB681B68103323
:10A7B0001B687A6804321146B86898470346FB82E2
:10A7C000FB8ABA6A9A4201D1012300E000231846AD
:10A7D0001C37BD4690BD80B582B000AF7860786808
:10A7E000FFF774FA00BF0837BD4680BD80B483B060
:10A7F00000AF7860044A7B681A607B6818460C37A3
:10A80000BD4680BC704700BF0C17020080B483B007
:10A8100000AF7860044A7B681A607B6818460C3782
:10A82000BD4680BC704700BF0C17020080B582B0E7
:10A8300000AF78607868FFF7E9FF0421786801F0DD
:10A8400010FA7B6818460837BD4680BD80B582B0D7
:10A8500000AF78607B681846FFF7C8FF034A7B6843
:10A860001A607B6818460837BD4680BDDC160200BA
:10A8700080B582B000AF7860054A7B681A607B685B
:10A880001846FFF7C3FF7B6818460837BD4680BDF2
:10A89000DC16020080B582B000AF78607868FFF700
:10A8A000E7FF0421786801F0DCF97B681846083777
:10A8B000BD4680BD80B586B000AFF860B9607A60F3
:10A8C00000237B610EE0FB681B6810331B68F8688F
:10A8D00098470346D8B2BA687B69591C796113441A
:10A8E00002461A707A697B689A420AD2FB681B6832
:10A8F0000C331B68F86898470346002B01D00123EE
:10A9000000E00023002BDED17B6918461837BD46D6
:10A9100080BD80B586B000AFF860B9607A60002372
:10A920007B6114E0BA687B6913441B78002B13D059
:10A93000FB681B6814331B68B9687A690A4412788B
:10A9400052B21146F86898477B6901337B617A6996
:10A950007B689A42E6D300E000BF00BF1837BD46CF
:10A9600080BD000080B483B000AF78603960064AD3
:10A970007B681A607B683A685A607B6818460C37B7
:10A98000BD4680BC704700BFC816020080B483B0CB
:10A9900000AF7860044A7B681A607B6818460C3701
:10A9A000BD4680BC704700BFC816020080B582B0AB
:10A9B00000AF78607868FFF7E9FF0821786801F058
:10A9C00050F97B6818460837BD4680BD80B483B017
:10A9D00000AF7860044A7B681A607B6818460C37C1
:10A9E000BD4680BC704700BFA816020080B483B08B
:10A9F00000AF7860044A7B681A607B6818460C37A1
:10AA0000BD4680BC704700BFA816020080B582B06A
:10AA100000AF78607868FFF7E9FF0421786801F0FB
:10AA200020F97B6818460837BD4680BD80B485B0E4
:10AA300000AFF860B9607A6000BF1437BD4680BCD3
:10AA4000704780B485B000AFF860B9607A6000BF2D
:10AA50001437BD4680BC704780B485B000AFF86045
:10AA6000B9607A6000BF1437BD4680BC704780B4BF
:10AA700085B000AFF860B9607A6000BF1437BD469A
:10AA800080BC704780B584B000AFF860B9607A6070
:10AA90003B60FB68B9681846FFF764FF2F4AFB6804
:10AAA0001A60FB6800229A60FB6803F5805300225D
:10AAB0009A81FB6803F580531A467B681361FB6833
:10AAC00003F580531A463B685361FB6803F58053D6
:10AAD0001A46BB699361FB6803F580531A46FB690C
:10AAE000D361FB6803F58053002283F82020FB68C4
:10AAF00003F58053002283F82120FB6803F580537F
:10AB00001A4600235362FB6803F580531A4600235C
:10AB10009362FB6803F580531A460023D362FB68F7
:10AB200003F580531A4600231363FB6803F5805333
:10AB30001A4600235363FB6803F582531946D7E98D
:10AB40000A2341E90223D7E90A23F86800F008F84C
:10AB5000FB6818461037BD4680BD00BF9016020046
:10AB600090B585B000AFF860C7E90023FB6803F536
:10AB700082531946D7E9002341E90223FB6803F514
:10AB8000805300229A81FB6803F580531A46002304
:10AB90005362FB6803F580531A4600239362FB68F7
:10ABA00003F580531A460023D362FB6803F58053F4
:10ABB0001A4600231363FB6803F580531A460023EB
:10ABC0005363FB6803F58053002283F82120FB6860
:10ABD0000C334FF480520021184602F0B1FBFB68A1
:10ABE00003F5805393F82030002B20D0FB6803F549
:10ABF00080531B691B6820331B68FA6802F580527A
:10AC00001269104698470446FB6803F580531B6998
:10AC10001B6824331B68FA6802F5805212691046DB
:10AC2000984703461A4621460348FEF7BFFC002317
:10AC300018461437BD4690BD5812020080B485B046
:10AC400000AFF860C7E90023FB6803F5825319469B
:10AC5000D7E9002341E90223FB6803F58053002272
:10AC60009A81FB6803F580531A4600235362FB6800
:10AC700003F580531A4600239362FB6803F5805363
:10AC80001A460023D362FB6803F580531A4600235B
:10AC90001363FB6803F580531A4600235363FB6874
:10ACA00003F58053002283F821200023184614372F
:10ACB000BD4680BC7047000090B5ADF5805D87B0A3
:10ACC00000AF07F1180343F8140C07F1180353F809
:10ACD000143C5B681B680C331B6807F1180252F8C0
:10ACE000142C526810469847034683F00103DBB2E8
:10ACF000002B01D000231BE107F1180353F8143C8B
:10AD00005B681B6824331C6807F1180353F8143C74
:10AD1000586807F118030C3B4FF480521946A047BE
:10AD200007F5805303F11003186007F5805303F112
:10AD300010031B68002B01DC0023F9E0002307F55A
:10AD4000805202F114021360E4E007F1180353F893
:10AD5000143C03F5805393F82030002B0ED007F1FC
:10AD600018031A4607F5805303F114031B681344B4
:10AD70000C3B1B781946714801F0B6FF07F1180328
:10AD80001A4607F5805303F114031B6813440C3B68
:10AD90001B785BB207F11802194652F8140C00F048
:10ADA000CFF807F1180353F8143C03F5805393F8D8
:10ADB000213083F00103DBB2002B79D007F11803B7
:10ADC00053F8140C00F014F9034607F5805202F111
:10ADD0000F02137007F5805303F10F031B78002B4C
:10ADE00000F08D8007F1180353F8143C03F58053ED
:10ADF0001B691B6834331C6807F1180353F8143CB3
:10AE000003F58053186907F1180353F8143C03F154
:10AE10000C0107F1180353F8143C03F580539B8988
:10AE20001A4607F1180353F8143C03F580535B6A84
:10AE3000A047024607F1180353F8143C03F580536A
:10AE4000DA6207F1180353F8143C03F580531B69C9
:10AE50001B6820331B6807F1180252F8142C02F506
:10AE60008052126910469847024607F1180353F8BA
:10AE7000143C03F580531A6307F1180353F8143C8C
:10AE800003F580531B691B6824331B6807F1180204
:10AE900052F8142C02F58052126910469847024667
:10AEA00007F1180353F8143C03F580535A6326E066
:10AEB00007F1180353F8143C03F580539B89194696
:10AEC00007F1180353F8143C03F580531A6B07F18C
:10AED000180353F8143C03F580535B6B1A4407F1D5
:10AEE000180353F8143C03F58053DB6A134499426A
:10AEF00005D307F1180353F8140C00F0CBF807F54D
:10AF0000805303F114031B68013307F5805202F1EB
:10AF10001402136007F5805303F114031A6807F550
:10AF2000805303F110031B689A42FFF60EAF012312
:10AF3000184607F580571C37BD4690BD84120200A5
:10AF400080B584B000AF78600B46FB707B6803F57A
:10AF500080539B89B3F5805F13D27B6803F58053E0
:10AF60009B891946FA787B680B441A737B6803F552
:10AF700080539B8901339AB27B6803F580539A8191
:10AF80002FE07B6803F5805393F82030002B0AD024
:10AF90007B6803F10C017B6803F580539B891A469B
:10AFA0001248FEF703FB7B6803F58053DB691B68DF
:10AFB00014331B687A6802F58052D0697A6802F10E
:10AFC0000C017A6802F580529289FA6007F10C024E
:10AFD00098477B6803F5825353E902237868FFF7AB
:10AFE000BFFD00BF1037BD4680BD00BF8C12020000
:10AFF00090B583B000AF78607B6803F5805393F819
:10B00000213083F00103DBB2002B16D07B6803F5FF
:10B0100080539B891C467B6803F580531B691B6822
:10B0200020331B687A6802F58052126910469847EF
:10B0300003469C4201D3012300E00023002B24D0CF
:10B040007B6803F580531B691B6810331C687B68A1
:10B0500003F5805318697B6803F10C017B6803F5E5
:10B0600080539B891A467B6803F581530433A047BC
:10B070000346002B07D07B6803F58053012283F839
:10B080002120012302E0002300E0002318460C37B2
:10B09000BD4690BDF0B58FB004AF78607B680022EC
:10B0A0009A60002387F827307B6803F580531B697B
:10B0B0001B6814331C687B6803F5805318697B6830
:10B0C00003F10C017B6803F580539B891A467B686A
:10B0D0000833A047034683F00103DBB2002B01D005
:10B0E0000023DFE17B6803F580531B691B6838335D
:10B0F0001C687B6803F5805318697B6803F10C01B9
:10B100007B6803F580539B891D467B6803F580535C
:10B110005A6A7B689B68009313462A46A0470346F9
:10B12000002B00F08F817B6803F5825353E90223E3
:10B13000B3F1FF3F08BFB2F1FF3F37D07B6803F5A3
:10B1400080531B691B683C331C687B6803F5805384
:10B1500018697B6803F10C017B6803F580535A6A18
:10B160007B689B68A0470346002B1FD17B6803F5D3
:10B17000825353E902457B6803F580531B691B68C2
:10B1800040331E687B6803F5805318697B6803F1C0
:10B190000C017B6803F580535A6A7B689B68B04753
:10B1A00002460B469D4208BF944201D1012300E0B4
:10B1B0000023002B00F0DD80002387F826300023D9
:10B1C0003B6278E07B6803F580531B691B6848335A
:10B1D0001C687B6803F580531D697B6803F10C06CE
:10B1E0007B6803F580539B899C467B6803F58053FD
:10B1F0005B6A3B607B6899687B6803F5805358699C
:10B200003A6A13465B0013449B0003441B68019396
:10B2100000913B68624631462846A0470346002B12
:10B2200046D07B6803F580535A6A7B6803F58053E8
:10B230001B6B134408337A6813440433FB617B6847
:10B2400003F5805359693A6A13465B0013449B0027
:10B250000B449C687B6803F5805359693A6A13462E
:10B260005B0013449B000B441E687B6803F580530E
:10B270001B691B6834331D687B6803F580531869AC
:10B280007B6803F10C017B6803F580539B891A46A8
:10B290007B6803F580535B6AA84702467B68F969BF
:10B2A0003046A047012387F82630012387F827304E
:10B2B0003B6A01333B627B6803F580539B693A6AC2
:10B2C0009A42FFF47FAF97F8263083F00103DBB298
:10B2D000002B00F097807B6803F5805393F82030B3
:10B2E000002B26D07B6803F580531B691B68443311
:10B2F0001C687B6803F5805318697B6803F10C01B7
:10B300007B6803F580535A6A7B689B68A0470246B6
:10B310000B46796801F580518969786800F580509D
:10B32000406A7C68A4680294019000915F48FEF72F
:10B330003DF97B6803F58053DB691B680C331B68A0
:10B340007A6802F58052D0697A6802F58052526AB2
:10B35000083279680A44141D7A6891687A6802F59F
:10B360008052526A8A1AFA6007F10C022146984705
:10B3700048E07B6803F5805393F82030002B22D0FF
:10B380007B6803F5825353E902457B6803F58053DC
:10B390001B691B6840331E687B6803F5805318697E
:10B3A0007B6803F10C017B6803F580535A6A7B6864
:10B3B0009B68B04702460B46CDE9002322462B4648
:10B3C0003B48FEF7F3F87B6803F58053DB691B68A5
:10B3D0000C331B687A6802F58052D0697A6802F5EE
:10B3E0008052526A083279680A44141D7A6891685A
:10B3F0007A6802F58052526A8A1A3A6107F110029D
:10B40000214698477B6803F58053DB691B6810333E
:10B410001B687A6802F58052D0697A6802F580521A
:10B42000526A083279680A44141D7A6891687A6809
:10B4300002F58052526A8A1A7A6107F11402214693
:10B4400098471FE07B6803F5805393F82030002B6A
:10B4500002D01848FEF7AAF87B6803F58053DB6931
:10B460001B6808331B687A6802F58052D0697A68D5
:10B4700002F10C017A6802F580529289BA6107F1F3
:10B48000180298477B6803F58053002283F8212037
:10B490007B6803F5825353E902237868FFF7CEFBFC
:10B4A00097F8273018462C37BD46F0BDE41202004D
:10B4B000341302009C13020090B5ADF5815D83B09A
:10B4C00002AF07F1200444F8140C084607F12001EC
:10B4D00041F81C2C07F1200242F8203C07F1200320
:10B4E000024623F8162C07F1200353F8143C03F509
:10B4F00080531B691B684C331C6807F1200353F809
:10B50000143C03F58053186907F120031A4607F12C
:10B5100020010C3907F5815303F110031B680193D7
:10B5200007F1200333F8163C009352F8203C4FF407
:10B530008052A04707F5805303F1140318600023DD
:10B5400007F5805202F11C02136025E007F1200389
:10B5500053F8143C5B681B6814331B6807F1200226
:10B5600052F8142C506807F12002114607F580525A
:10B5700002F11C0212680A440C3A127852B21146C7
:10B58000984707F5805303F11C031B68013307F547
:10B59000805202F11C02136007F5805303F11C0373
:10B5A0001A6807F5805303F114031B689A42CDD340
:10B5B00007F1200353F8143C03F5805393F820302F
:10B5C000002B3CD007F1200333F8163C07F58152DD
:10B5D00002F11002126819461C48FDF7E7FF00232C
:10B5E00007F5805202F11802136019E007F12003F9
:10B5F0001A4607F5805303F118031B6813440C3BEC
:10B600001B781946124801F06FFB07F5805303F1D0
:10B6100018031B68013307F5805202F1180213600A
:10B6200007F5805303F118031A6807F5805303F1F7
:10B6300014031B689A42D9D3064801F043FC00BFAB
:10B6400007F581570437BD4690BD00BFCC130200FB
:10B65000F4130200FC13020080B584B000AFF86060
:10B66000B9607A603B60FB681846FEF781FA0D4AC4
:10B67000FB681A60FB68BA685A60FB687A689A606F
:10B68000FB683A68DA60FB68BA691A61FB68FA69B4
:10B690005A61FB683A6A9A61FB6818461037BD46E2
:10B6A00080BD00BFD40E020080B584B000AFF8604A
:10B6B000B9607A603B601D4AFB681A60FB68BA6833
:10B6C0005A60FB687A689A60FB683A68DA60FB68DF
:10B6D000BA691A61FB68FA695A61FB683A6A9A6149
:10B6E000FB687A6ADA61FB68002283F820203B68F5
:10B6F0001B6820331B68386898470246FB681A634A
:10B700003B681B6824331B68386898470246FB680F
:10B710005A63F968D7E90C23C1E90E23FB680022BC
:10B720001A64FB6818461037BD4680BD84160200B7
:10B7300090B5ADF5815D81B002AF07F1180444F812
:10B740000C0C084607F1180141F8142C07F11802F7
:10B7500042F8183C07F11803024623F80E2C07F1B3
:10B76000180353F80C3CDB681B684C331C6807F16A
:10B77000180353F80C3CD86807F118031A4607F170
:10B780001801083907F5815303F108031B68019379
:10B7900007F1180333F80E3C009352F8183C4FF4AD
:10B7A0008052A04707F5805303F11003186007F19A
:10B7B000180353F80C3C1B691B6808331C6807F11D
:10B7C000180353F80C3C186907F11803083B07F5F8
:10B7D000805202F1100212681946A04707F11803BF
:10B7E00053F80C3C93F82030002B3CD007F11803A1
:10B7F00033F80E3C07F5815202F10802126819462F
:10B800001C48FDF7D3FE002307F5805202F1140215
:10B81000136019E007F118031A4607F5805303F186
:10B8200014031B681344083B1B781946124801F0A7
:10B830005BFA07F5805303F114031B68013307F526
:10B84000805202F11402136007F5805303F11403D0
:10B850001A6807F5805303F110031B689A42D9D385
:10B86000064801F02FFB00BF07F580571C37BD4687
:10B8700090BD00BFCC130200F4130200FC130200C1
:10B8800080B584B000AFF860B9607A603B60FB6857
:10B890001846FEF7DBFF0B4AFB681A60FB680022C4
:10B8A0001A71FB68BA689A60FB687A68DA60FB68AC
:10B8B0003A681A61FB68BA695A61FB681846103722
:10B8C000BD4680BD5416020080B582B000AF7860DE
:10B8D000054A7B681A607B681846FEF7C9FF7B68DB
:10B8E00018460837BD4680BD5416020080B582B0A8
:10B8F00000AF78607868FFF7E7FF1821786800F0FC
:10B90000B0F97B6818460837BD4680BD80B584B065
:10B9100000AF78607B689B68002B01D1002310E0AA
:10B920007B689A6807F10C0311461846FEF730F958
:10B930003B7B03F00103DBB2002B0CBF0123002390
:10B94000DBB218461037BD4680BD80B485B000AF6D
:10B9500078607B68DB68002B03D07B681B69002B59
:10B9600001D100230BE00023FB607B68DB681B68D0
:10B97000FB607B681B691B68FB60FB685BB2184659
:10B980001437BD4680BC704780B588B000AFF86002
:10B99000B9607A60FB689B68002B07D0FB68DB68A6
:10B9A000002B03D0FB681B69002B01D1002327E08B
:10B9B000F86800F03FF8F861FB69002B01D1002323
:10B9C0001EE0FA697B689A4201D97B68FB6100231B
:10B9D000BB6110E0FB68DB681B687B61FB681B696F
:10B9E0001B687B617969BA68BB691344CAB21A7073
:10B9F000BB690133BB61BA69FB699A42EAD3FB694F
:10BA000018462037BD4680BD80B483B000AF786053
:10BA10000B46FB707B685B69002B04D07B685B691D
:10BA200097F903201A6097F9033018460C37BD4682
:10BA300080BC704780B584B000AF78607B689B683D
:10BA4000002B01D100230BE07B689A6807F10C03FF
:10BA500011461846FEF79CF8FB68C3F309239BB216
:10BA600018461037BD4680BD80B483B000AF786003
:10BA700000BF0C37BD4680BC704780B483B000AFB8
:10BA8000786000BF0C37BD4680BC704780B483B07F
:10BA900000AF7860012318460C37BD4680BC704764
:10BAA00080B582B000AF78607B681846FEF78EFFE5
:10BAB000034A7B681A607B6818460837BD4680BD1C
:10BAC0003416020080B582B000AF7860054A7B680A
:10BAD0001A607B681846FEF789FF7B6818460837AE
:10BAE000BD4680BD3416020080B582B000AF7860DC
:10BAF0007868FFF7E7FF0421786800F0B2F87B6808
:10BB000018460837BD4680BD80B586B000AFF860E6
:10BB1000B9607A60BB68002B03D07B681B68002B80
:10BB200006D17B681B6819461348FDF73FFD1FE0EF
:10BB30007B681B687B617B69202B01D920237B619B
:10BB40000E48FDF733FD00233B610AE0BA683B690C
:10BB500013441B7819460A48FDF728FD3B69013359
:10BB60003B613A697B699A42F0D30648FDF71EFDB6
:10BB70001837BD4680BD00BF00140200301402001B
:10BB8000F41302006014020080B586B000AFF860C4
:10BB9000B9607A60BB68002B03D07B681B68072BF9
:10BBA00006D87B681B6819460A48FDF7FFFC0DE0C4
:10BBB000BB687B617B681B6819460748FDF7F6FC8C
:10BBC0007869FEF783F80548FDF7F0FC1837BD46A5
:10BBD00080BD00BF641402009C14020060140200C7
:10BBE00080B485B000AFF860B9607A6000BF1437E8
:10BBF000BD4680BC7047000080B400AF024B1846C1
:10BC0000BD4680BC704700BFA800002080B582B050
:10BC100000AF786039607B681B68184610F000FE42
:10BC20003B68D3E9002310F065FE02460B46104640
:10BC300019464FF00002054B10F086FF02460B46F6
:10BC4000104619460837BD4680BD00BF00005E4162
:10BC500080B483B000AF786000BF0C37BD4680BCB5
:10BC6000704780B483B000AF7860396000BF0C3794
:10BC7000BD4680BC7047000080B582B000AF7860E0
:10BC80007B685BB219460448FFF7BEFE7B68184626
:10BC90000837BD4680BD00BFD41C002080B400AF73
:10BCA00000BFBD4680BC704780B582B000AF7860F1
:10BCB000786801F0ADF800BF0837BD4680BD0000D0
:10BCC00080B500AF0248FDF771FC00BF80BD00BF2A
:10BCD000C814020080B582B000AF0123FB71064892
:10BCE00000F00EF90346002B01D00023FB71FB7915
:10BCF00018460837BD4680BD304E002080B500AFE5
:10BD0000024800F0FDF800BF80BD00BF304E0020AB
:10BD100080B584B002AF786039603A4B1B68986890
:10BD200000230222002101F0D5F80A213648FFF74E
:10BD30006BFE0A213448FFF767FE0A213248FFF7FD
:10BD400063FE0A213048FFF75FFE0A212E48FFF705
:10BD50005BFE0A212C48FFF757FE0A212A48FFF70D
:10BD600053FE0A212848FFF74FFE0A212648FFF715
:10BD70004BFE48212448FFF747FE65212248FFF784
:10BD800043FE6C212048FFF73FFE6C211E48FFF761
:10BD90003BFE6F211C48FFF737FE20211A48FFF7B2
:10BDA00033FE45211848FFF72FFE53211648FFF7B1
:10BDB0002BFE43211448FFF727FE2D211248FFF7E1
:10BDC00023FE46211048FFF71FFE57210E48FFF7BC
:10BDD0001BFE0A210C48FFF717FE202300932023A7
:10BDE0000A4A0B490B48FDF7E1FBF4F79DFE0A48B0
:10BDF00000F095F80021084800F0B3F8FFF76AFF5B
:10BE0000FCE700BFCC000020D41C0020E41402009A
:10BE1000E814020014150200304E002080B584B0F2
:10BE200000AFF860B9607A603B60FB68B96818469B
:10BE3000FEF798FD314AFB681A60FB6803F58053F2
:10BE40000833184600F09FF8FB6803F58053002282
:10BE50001A84FB6803F5805300225A84FB6803F5BB
:10BE60008053012283F82420FB6803F580530022CD
:10BE700083F82520FB6803F58053002283F82620F1
:10BE8000FB6803F58053002283F82720FB6803F545
:10BE90008053012283F82820FB6803F580531A465B
:10BEA0007B68D362FB6803F580531A463B681363D3
:10BEB000FB6803F580531A46BB695363FB6803F5BF
:10BEC00080531A46FB699363FB6803F580531A4657
:10BED0003B6AD363FB6803F580531A46BB8CA2F818
:10BEE0004030FB6803F580531A4697F8283082F8F3
:10BEF0004230FB6818461037BD4680BD2016020050
:10BF000080B582B000AF7860786800F04CF878684F
:10BF100000F089F8034618460837BD4680BD80B555
:10BF200082B000AF78607B6803F5805300221A84EA
:10BF30007B6803F5805300225A847B6808334FF4F2
:10BF400080520021184601F0FBF97B6803F580530D
:10BF50000833184600F005F9002318460837BD4697
:10BF600080BD80B483B000AF78600B46FB707B6807
:10BF700003F580531A46FB7882F8243000BF0C3753
:10BF8000BD4680BC704780B483B000AF78607B68EA
:10BF900000221A617B6800225A617B6818460C37C0
:10BFA000BD4680BC704780B584B000AF7860002388
:10BFB000FB737B6803F580539B6B1B681B687A6877
:10BFC00002F58052926B104698470346002B25D00D
:10BFD0007B6803F580530833184600F0D1F8034618
:10BFE00083F00103DBB2002B18D00023BB730123C5
:10BFF000FB737B6803F58053083307F10E0211468B
:10C00000184600F0CFF87B685B681B6814331B6828
:10C010007A68526897F90E1010469847FB7B1846CD
:10C020001037BD4680BDF0B58BB006AF78600023F9
:10C03000FB73786800F0D7F80346BB60BB68002B41
:10C0400000F08A807B6803F580531B8CB3F5805F1A
:10C0500005D37B6803F5805340F6FF721A847B6832
:10C0600003F580531B8C1A467B68134400221A7216
:10C070007B6803F5805393F84230002B29D07B680E
:10C0800003F108007B6803F580531B8C1E467B6818
:10C0900003F58053D96A7B6803F580531C6B7B687A
:10C0A00003F58053DB6B7A6802F58052B2F84020CA
:10C0B00015467A68049200220392029501930023A8
:10C0C000009323460A463146FDF7DEF80346FB732C
:10C0D00028E07B6803F108007B6803F580531B8C24
:10C0E0001E467B6803F58053D96A7B6803F580534D
:10C0F0001C6B7B6803F58053DB6B7A6802F580521A
:10C10000B2F8402015467A68049200220392029504
:10C1100001930123009323460A463146FDF7B4F804
:10C120000346FB737B6803F5805300221A84FB7B74
:10C13000002B11D07B6803F580535B6B002B0BD079
:10C140007B6803F580535B6B984703464FF0FF32E3
:10C150001946786800F048F9FB7B18461437BD464D
:10C16000F0BD80B483B000AF78607B6800221A61B4
:10C170007B6800225A6100BF0C37BD4680BC704707
:10C1800080B483B000AF78607B681A697B685B69B4
:10C190009A420CBF01230023DBB218460C37BD4680
:10C1A00080BC704780B582B000AF78603960786835
:10C1B000FFF7E6FF0346002B01D000230FE07B686A
:10C1C0001B697A68D2563B681A707B681B691946EE
:10C1D000786800F035F902467B681A610123184639
:10C1E0000837BD4680BD80B584B000AF7860786800
:10C1F00000F036F90346FB7297F90B3013F1020F8A
:10C2000001D10023ECE07B6803F580531B8CB3F570
:10C21000805F05D37B6803F5805340F6FF721A8474
:10C2200097F90B300A2B0DD17B6803F580531B8CDB
:10C230001A467B68134400221A727B6803F5805308
:10C240001B8CCDE097F90B30082B03D097F90B30FE
:10C250007F2B20D17B6803F580531B8C013B9AB266
:10C260007B6803F580531A847B6803F580531B8C2D
:10C27000B3F5805F04D37B6803F5805300221A84F2
:10C280007B6803F580531B8C1A467B68134400229D
:10C290001A720023A4E097F90B301B2B0FD17B6897
:10C2A00003F5805300221A847B6803F580531B8CAE
:10C2B0001A467B68134400221A72002390E097F913
:10C2C0000B30092B6BD17B6808334FF48051184633
:10C2D00001F034F903469AB27B6803F580531A845F
:10C2E0007B6803F580531B8C1A467B68134493F9D3
:10C2F00008300A2B09D17B6803F580531B8C013B66
:10C300009AB27B6803F580531A847B6803F58053E7
:10C310001B8C1A467B68134493F908300D2B09D106
:10C320007B6803F580531B8C013B9AB27B6803F555
:10C3300080531A847B6803F580531B8CB3F5805FB0
:10C3400005D37B6803F5805340F6FF721A847B683F
:10C3500003F580531B8C1A467B68134400221A7223
:10C360000023FB6011E07B685B681B6814331B686B
:10C370007A6850687968FA680A44083292F90020AD
:10C3800011469847FB680133FB607B6803F58053D7
:10C390001B8C1A46FB689342E5D3002320E07B68A0
:10C3A00003F580531B8C1A467B681344FA7A1A7281
:10C3B0007B6803F580531B8C01339AB27B6803F5CD
:10C3C00080531A847B6803F580531B8CB3F5805F20
:10C3D00005D37B6803F5805340F6FF721A8400236F
:10C3E00018461037BD4680BD80B586B000AFF860F6
:10C3F000B9607A6000237B6112E0BA687B691344FC
:10C4000093F90030002B16D0BA687B69134493F976
:10C4100000301946F86800F095F87B6901337B61BC
:10C420007A697B689A4207D2FB6803F580535B8C7C
:10C430000F2BE2D900E000BF00BF1837BD4680BD1A
:10C4400080B485B000AF786039603B68013303F099
:10C450000F03FB60FB6818461437BD4680BC70476D
:10C4600080B584B000AF78607B685B681B680C3374
:10C470001B687A68526810469847034683F00103A8
:10C48000DBB2002B02D06FF0010357E07B685B68E2
:10C490001B6810331B687A68526810469847034639
:10C4A000FB7397F90F30072B02DC6FF0010345E0B7
:10C4B0007B6803F580531A46FB7B82F8263097F998
:10C4C0000F300D2B05D17B6803F58053012283F8D3
:10C4D000272097F90F300A2B0CD17B6803F5805386
:10C4E00093F926300D2B05D07B6803F5805300228D
:10C4F00083F827207B6803F5805393F82430012BC1
:10C500000ED197F90F30092B0AD07B685B681B6846
:10C5100014331B687A68526897F90F1010469847D1
:10C520007B6803F5805393F82530012B04D197F9EC
:10C530000F301846FFF7A0FB97F90F301846103759
:10C54000BD4680BD80B582B000AF78600B46FB7001
:10C5500097F903300D2B02D197F9033021E07B6866
:10C5600003F5805393F82730002B0DD097F9033053
:10C570000A2B09D17B685B681B6814331B687A68D7
:10C5800052680D21104698477B685B681B6814331E
:10C590001B687A68526897F903101046984797F914
:10C5A000033018460837BD4680BD000080B582B014
:10C5B00000AF7860054A7B681A607B681846FEF712
:10C5C000E5F97B6818460837BD4680BD2016020095
:10C5D00080B582B000AF78607868FFF7E7FF41F27E
:10C5E00044017868FFF73DFB7B6818460837BD4675
:10C5F00080BD000080B582B000AF7860054A7B68DE
:10C600001A607B681846FEF7C1F97B681846083740
:10C61000BD4680BD9016020080B582B000AF786044
:10C620007868FFF7E7FF4FF482517868FFF719FB4E
:10C630007B6818460837BD4680BD000090B589B0BC
:10C6400008AF8948FFF72CFA8848FDF755FB884B5F
:10C650001B6803F14801864B1B6803F14402844BBD
:10C660001B6803F14C00824B1B6844337E24019409
:10C67000009303467F48FFF703F97D4B1B6803F1E6
:10C6800054017B4B1B6803F15002794B1B6803F18B
:10C690005800774B1B6850332124019400930346C4
:10C6A0007548FFF7EDF8724B1B6803F16001704BA2
:10C6B0001B6803F15C026E4B1B6803F164006C4B5A
:10C6C0001B685C3340240194009303466B48FFF7DA
:10C6D000D7F8674B1B6803F16C01654B1B6803F1CE
:10C6E0006802634B1B6803F17000614B1B68683381
:10C6F00023240194009303466148FFF7C1F85C4B83
:10C700001B6803F178015A4B1B6803F17402584B04
:10C710001B6803F17C00564B1B687433242401947E
:10C72000009303465748FFF7ABF8574B1B78194661
:10C730004FF0FF324FF0FF33CDE904230023029383
:10C74000494B01930091514B484A4B495048FEF7E1
:10C7500099F94D4B1B7819464FF0FF324FF0FF33DC
:10C76000CDE90423002302933F4B01930091474BF3
:10C770003E4A42494748FEF785F9434B1B78194624
:10C780004FF0FF324FF0FF33CDE904230023029333
:10C79000354B019300913D4B344A37493E48FEF7F3
:10C7A00071F9334B1B6803F5B071314B1B6803F50E
:10C7B000B2722F4B1B6803F5B4702D4B1B6803F549
:10C7C000B673009303463548FDF720FA284B1B68E3
:10C7D00003F5AA71264B1B6803F5AC70244B1B684C
:10C7E00003F5A674224B1B6803F5A873204A126850
:10C7F00002F5AE7202924FF48062019200932346DA
:10C8000002462748FEF728FF1F4B1B7819464FF0BA
:10C81000FF324FF0FF33CDE9062300230493124B80
:10C8200003930291194B0193124B00930F4B1B4A38
:10C830001B491C48FEF738FF1B4B1B7819461B4B46
:10C840001B6801220492002203920293184B019369
:10C85000184B00930B46184A0A491848FFF7DEFAAE
:10C8600000BF0437BD4690BD681C00206C1C002032
:10C870004C000020741C00208C1C0020A41C0020F4
:10C88000BC1C0020D41C002094F30100041A0020DA
:10C89000F01C0020302D0020703D0020B04D002005
:10C8A000C04D0020E04D002058DD0100284E002042
:10C8B000A4000020F9BB0000CC080020304E00206E
:10C8C00080B500AF1448FFF771FE1448F7F792FDEA
:10C8D0001348FCF719FF1348FFF78CFE1248FFF7C7
:10C8E00089FE1248FFF786FE1148FEF7EDFF11485A
:10C8F000FEF7EAFF1048FEF7E7FF1048FEF7E4FFF7
:10C900000F48FEF7E1FF0F48FDF70CFA0E48FFF75E
:10C91000D9F800BF80BD00BF304E0020A400002029
:10C92000C04D0020703D0020302D0020F01C002064
:10C93000D41C0020BC1C0020A41C00208C1C002047
:10C94000741C00206C1C0020681C002080B500AF07
:10C95000FFF774FE80BD80B500AFFFF7B1FF80BD6B
:10C96000002301461A46184601F09AB808B500217E
:10C97000044601F0DFF8034B1B6803B198472046DB
:10C98000F3F750FFAC5F0020014BC0F8EC3070476C
:10C9900034180200034B1B5C03F00303022B08BF97
:10C9A0002038704735180200024A0349034800F056
:10C9B00069B900BFC000002065190100D000002047
:10C9C0000C4B416810B59942044601D004F0CAFFEF
:10C9D000A168094B994202D0204604F0C3FFE168E8
:10C9E000064B994204D02046BDE8104004F0BABF7F
:10C9F00010BD00BF745E0020DC5E0020445F00209C
:10CA000008B54B6EDA0702D48B899B0501D500204F
:10CA100008BD886D00F0B8FE002008BD08B54B6E5B
:10CA2000DA0702D48B899B0501D5002008BD886DEB
:10CA300000F0B2FE002008BD2DE9F84300250423D4
:10CA4000304C314A3149DFF8C890DFF8C880324FA6
:10CA5000324E116004F15C0029460822C4E9033516
:10CA6000C4E90055C4E90555A560656600F068FC99
:10CA700004F15800C4E90749C4E90987E66200F0F7
:10CA80007BFE274B2946082204F1C4006367C4E9F2
:10CA90001A55C4E91E552567C4F8CC50C4F8805017
:10CAA00000F04EFC04F1680304F1C000C4F88430C7
:10CAB000C4E92298C4E9247600F05EFE194B2946A9
:10CAC00004F596700822C4F8DC30C4E93455C4E992
:10CAD0003855C4F8D850C4F83451C4F8E85000F0C0
:10CAE0002FFC04F1D003C4E93D87C4F8F09004F5AD
:10CAF0009470C4F8FC60C4F8EC30BDE8F84300F072
:10CB00003BBE00BF745E0020AC5F0020A9C90000DE
:10CB100029D1000051D1000091D10000B5D1000011
:10CB20000900010012000200F8B506462A4800F08C
:10CB30002BFE2A4B1B68002B43D0294FD7E9013429
:10CB4000013B04D524E05A1C04F1680420D0B4F958
:10CB50000C50013B002DF6D1224B04F15800E3604C
:10CB6000656600F009FE1C4800F016FE0822294602
:10CB7000C4E90155C4E904552560A56104F15C00D0
:10CB800000F0DEFBC4E90C55C4E911552046F8BDA0
:10CB90003D680DB12F46D1E74FF4D671304601F014
:10CBA00091F9044680B104230560294625460C30DE
:10CBB0004FF4D072A060636000F0C2FB3C602F466F
:10CBC000BCE7FFF739FFB8E703483C6000F0E4FD3D
:10CBD0000C233360DAE700BFD05F0020AC5F002099
:10CBE000C00000200100FFFF10B504460A4800F015
:10CBF000CBFD636B23B9094B094A1B68626323B100
:10CC0000BDE81040044800F0C7BDFFF715FFBDE8C0
:10CC10001040014800F0C0BDD05F0020AC5F002094
:10CC2000C1C90000014800F0AFBD00BFD05F0020C7
:10CC3000014800F0B1BD00BFD05F002008B5054835
:10CC400000F0A2FDBDE808400020034A034900F0BF
:10CC500019B800BFD05F0020C000002001CA00004A
:10CC600008B50020044A054900F00CF8BDE808406A
:10CC7000034800F091BD00BFC00000201DCA0000A5
:10CC8000D05F00202DE9F8434FF0000980460F46A1
:10CC90001646D6E90154013D10D4A389012B08D9C9
:10CCA000B4F90E30013304D021464046B84749EA72
:10CCB0000009013D6B1C04F16804EED13668002EBA
:10CCC000E7D14846BDE8F8830EB400B582B003ABA7
:10CCD00053F8042B8168019302F0E4FF02B05DF881
:10CCE00004EB03B0704700BF0FB400B5074A83B030
:10CCF00004AB106853F8042B8168019302F0D2FF53
:10CD000003B05DF804EB04B0704700BFCC00002016
:10CD100070B505460E46144610B1436B002B2FD05C
:10CD2000636ED80702D4A389990520D5A368013B77
:10CD3000002BA36019DAA26993420FDBF0B20A2834
:10CD40000CD0054623685A1C22601E70636EDA07F9
:10CD500002D4A3899B050ED5284670BD28462246DD
:10CD6000314600F02BFA0546F0E7F0B2E9E7A06D96
:10CD700000F00AFDDAE7A06D00F00EFD284670BD58
:10CD8000FFF732FFCCE700BF1E4B70B51E680546AB
:10CD90000C4616B1736B002B2FD0636ED80702D4EC
:10CDA000A389990520D5A368013B002BA36019DA5C
:10CDB000A26993420FDBE8B20A280CD0064623682A
:10CDC0005A1C22601D70636EDA0702D4A3899B058A
:10CDD0000ED5304670BD30462246294600F0EEF9A9
:10CDE0000646F0E7E8B2E9E7A06D00F0CDFCDAE72F
:10CDF000A06D00F0D1FC304670BD3046FFF7F4FE68
:10CE0000CBE700BFCC0000208268FFF781BF00BFE6
:10CE1000024B014618688268FFF77ABFCC000020F9
:10CE200030B5054689B008460C4600F00BFE0123DC
:10CE30000222234907936B6B0691029204A9421CBC
:10CE400004940191AC68059003926BB3636EB4F9DE
:10CE50000C20D80701D491051FD5900405D442F4C5
:10CE6000005223F40053A2816366990420D4214622
:10CE7000284601AA04F0D6FEE8B90A25636EDA074F
:10CE800002D4A3899B0502D5284609B030BDA06D08
:10CE900000F082FC284609B030BDA06D00F074FCA3
:10CEA000B4F90C20636ED8E72846FFF79DFECDE766
:10CEB0004FF0FF35E3E74FF0FF35636EDFE700BF6C
:10CEC00038190200024B01461868FFF7A9BF00BFDE
:10CED000CC0000202DE9F043664C0E46D4F80080CB
:10CEE000174604461D4683B0B8F1000F04D0D8F8A9
:10CEF0003430002B00F0A680022F05D0012F00F265
:10CF0000A580002DC0F2A280636EDA0751D52146BC
:10CF1000404604F023FE216B41B104F140039942E5
:10CF200002D0404600F0C2FE002323630023B4F980
:10CF30000CC0A3611CF0800F63605DD12CF44A6CBF
:10CF40002CF0030C022FA4F80CC063D001AB2146D7
:10CF500040466A4605F04AF8A3891843A081002D8F
:10CF60002ED0002E2DD0D8F83430002B37D0009A98
:10CF7000B4F90C30AA421CBF43F40063A381012F13
:10CF800004BF43F00103A38113F00802C4E9046560
:10CF9000266028D0D90753D50022A260626E6D4268
:10CFA000D207A56123D49B0521D4A06D00F0F4FB2A
:10CFB0001DE0A3899B05AAD4A06D00F0E5FBA6E7C0
:10CFC000009D284600F06EFF0646002841D0A38948
:10CFD00043F08003A381D8F83430002BC7D14046FA
:10CFE000FFF702FEC3E7A260626ED207DBD5002521
:10CFF000284603B0BDE8F0834046216900F056FEA4
:10D00000B4F90CC0022F2CF44A6C2CF0030CA4F8D9
:10D010000CC09BD100250021012204F143032360B1
:10D020002361636E4CF00200A081D807A1606261A9
:10D03000DED41CF4007FDBD1A06D00F0ADFBD7E7A0
:10D04000A560D1E74046FFF7CFFD55E74FF0FF352C
:10D05000CEE7DDF80090A94506D0484600F022FF53
:10D06000064608B14D46B2E74FF0FF35B4F90CC0A3
:10D07000D1E700BFCC0000200EB44FF40172F0B530
:10D0800000269CB021AD55F8047BADF814201B960A
:10D090000290069000F0D6FC4FF6FF7204460A4B51
:10D0A0000A49ADF816200A933A462B46086802A9A9
:10D0B0000E96139601950394079401F0C3F91CB0E2
:10D0C000BDE8F04003B070474DD10000CC00002017
:10D0D0000CB44FF401732DE9F04100269CB022AD51
:10D0E0000746084655F8048BADF8143002910691B6
:10D0F0001B9600F0A7FC4FF6FF7304460949ADF8F4
:10D1000016300A91424638462B4602A90E961396CF
:10D1100001950394079401F095F91CB0BDE8F04126
:10D1200002B070474DD1000010B50C46B1F90E1099
:10D1300000F0B2FA002803DB236D0344236510BD21
:10D14000A38923F48053A38110BD00BF0020704742
:10D150002DE9F0410C46B1F90C101F46CB050546F0
:10D1600016460BD421F48051A1813B463246284615
:10D17000B4F90E10BDE8F04100F0A4BAB4F90E10F5
:10D180000223002200F072FAB4F90C10EAE700BFA3
:10D1900010B50C46B1F90E1000F068FAB4F90C3075
:10D1A000421C0EBF23F4805343F480532065A381B7
:10D1B00010BD00BFB1F90E1000F010BAF8B5064668
:10D1C0000D46144610B1436B002B4AD0B4F90C3015
:10D1D000A2691807A2601FD52269EAB1EDB29904CD
:10D1E0002F46626E24D592042FD422682369616988
:10D1F000D31A99422CDD0133A1680139A160511C79
:10D200002160157062699A4219D0A389DB0701D5A4
:10D210000A2D14D03846F8BD2146304600F02EF8CD
:10D2200098B9B4F90C30EDB299042F46626EDAD495
:10D2300043F4005322F40052A3816266D3E72146EF
:10D24000304604F08BFC0028E4D04FF0FF37E1E7D4
:10D250002146304604F082FC0028F6D101232268E2
:10D26000CAE7FFF7C1FCB1E703460A46024908686E
:10D270001946FFF7A3BF00BFCC00002038B52F4BE5
:10D2800005461B680C4613B15A6B002A4BD0B4F903
:10D290000C3018071CD5226922B313F0010107D006
:10D2A00000206169A0604942A1613AB1002038BD07
:10D2B000980758BF6169A160002AF7D1190658BFC5
:10D2C0001046F4D543F04003A3814FF0FF3038BD42
:10D2D000D9062CD55A0712D4226943F00803A3813A
:10D2E000002ADAD103F42071B1F5007FD5D02146B0
:10D2F000284604F00DFEB4F90C302269CDE7216B0D
:10D3000051B104F14002914204D0284600F0CEFC15
:10D31000B4F90C30002222630021226923F0240397
:10D32000C4E90021D9E71846FFF75EFCAFE7092200
:10D3300043F040032A60A381C7E700BFCC00002070
:10D3400070B5860747D0541E002A3ED00346CAB2A5
:10D3500001E0013C39D303F8012B9D07F9D1032CDF
:10D360002CD9CDB205EB05250F2C1A4605EB05454A
:10D3700034D9A4F1100C2CF00F0603F1100EB644B2
:10D380004FEA1C1CC2E90055C2E902551032724531
:10D39000F8D10CF1010214F00C0F03EB021204F0AF
:10D3A0000F0C13D0ACF1040323F003030433134434
:10D3B00042F8045B9342FBD10CF003042CB1C9B2D8
:10D3C0001C4403F8011BA342FBD170BD6446134605
:10D3D000002CF4D1F9E703461446C0E7A446E1E780
:10D3E00011F0FF01034600F0030239D08ABB026846
:10D3F00010B501EB012E0EEB0E4E8EEA0204A2F1E7
:10D40000013323EA0203A4F1013222EA04021343A6
:10D4100013F0803F0FD150F8044F84EA0E0CA4F1B2
:10D420000133ACF1013223EA040322EA0C02134374
:10D4300013F0803FEFD0037823B936E010F8013FB6
:10D44000002B32D09942F9D110BD8A4228D09A07D8
:10D4500029D01A7818460133002AF6D110467047B1
:10D46000CAB90268A2F1013323EA020313F0803F34
:10D4700008D150F8042FA2F1013323EA020313F07C
:10D48000803FF6D003785BB110F8013F002BFBD151
:10D490007047990705D0184613F8012B002AF8D1D8
:10D4A00070471846DDE71846A1E7184610BD00BFD3
:10D4B000002A3ED0844630B50446084380070B4618
:10D4C0002ED1032A07D82BE0043A25D01EF0803F46
:10D4D00022D1032A22D919462068A446A0F101339B
:10D4E00023EA000E0B4653F8045B0434A842EBD049
:10D4F0009CF800000C7884421DD1E64668B11EF805
:10D50000010F11F8014FA2EB0E03A04203F1FF330C
:10D5100011D11CEB0303F1D1002030BDA446194604
:10D520009CF800000C78A04205D1012AF4D0E64610
:10D53000E4E710467047001B30BD00BF71B10346E1
:10D5400000EB010C01E0634506D01A461178013367
:10D550000029F8D1101A7047181A7047084670470A
:10D56000024A01231268503200F002B8CC000020B9
:10D5700018B3F0B407468C4617F8015B01E0A542EA
:10D5800014D01CF8014B002CF9D1DDB13E460C46FD
:10D5900016F8015B00E063B114F8013B9D42FAD13B
:10D5A0004DB100233B701660F0BC704773B1384634
:10D5B000E0E73746EAE72E46F5E710680028D8D1BD
:10D5C0000020704700201560F0BC704717600370A2
:10D5D000EAE700BF0123FFF7CBBF00BF002238B549
:10D5E000064D044608462A60F3F700F9431C00D0B4
:10D5F00038BD2B68002BFBD0236038BDB05F002006
:10D60000194B1B6883422ED0416C70B5054681B121
:10D6100000268C593CB121462468284600F046FB80
:10D62000002CF8D1696C0436802EF2D1284600F027
:10D630003DFBA96B11B1284600F038FB2C6C34B1CE
:10D6400021462468284600F031FB002CF8D1E96C13
:10D6500011B1284600F02AFB6B6B1BB12846BDE8D0
:10D660007040184770BD7047CC00002038B50C469C
:10D67000114600228446074D20462A601A46644619
:10D68000F3F721F9431C00D038BD2B68002BFBD0E9
:10D69000236038BDB05F002038B50C46114600222B
:10D6A0008446074D20462A601A466446F3F724F95B
:10D6B000431C00D038BD2B68002BFBD0236038BD45
:10D6C000B05F002038B50C46114600228446074D55
:10D6D00020462A601A466446F3F71AF9431C00D024
:10D6E00038BD2B68002BFBD0236038BDB05F002015
:10D6F000014B1868704700BFCC00002070B50F4B7D
:10D700000F4DAB42A3EB050607D00024B61055F829
:10D71000043B01349847A642F9D81BF0F3FA094DAF
:10D72000094B5E1BAB424FEAA60606D0002455F813
:10D73000043B01349847A642F9D870BD1C8D020005
:10D740001C8D02001C8D0200348D020038B5074D7F
:10D75000074C2C1BA41005D0013C55F8043D9847FC
:10D76000002CF9D1BDE838401BF0D2BA508D020030
:10D77000348D0200704700BF704700BF704700BF84
:10D78000704700BF704700BF704700BF012070475F
:10D7900001207047704700BF704700BF80EA010C4E
:10D7A0001CF0030F37D110F0030C20F0030021F020
:10D7B000030150F8042B08BF51F8043B0ED08CF045
:10D7C000030C6FF07F434FEACC0C23FA0CFC51F8AA
:10D7D000043B42EA0C0243EA0C0300BFA2F1013C05
:10D7E0009A4201BF2CEA020C1CF0803F50F8042B37
:10D7F00051F8043BF2D04FEA02604FEA12220128AE
:10D8000028BFB0EB036F08BF1B0AF4D003F0FF037F
:10D81000000EC01A704710F0030F0AD010F8012B49
:10D8200011F8013B012A28BF9A42F4D0A2EB030071
:10D8300070474DF8045D50F8042B01F0030521F00A
:10D84000030151F8043B022D26D04DD822F07F452C
:10D85000B5EB132FA2F1013C2CEA020C0DD11CF008
:10D86000803C08BF51F8043B0AD185EA0205B5EBBC
:10D87000036F0CD150F8042BE8E74FEA13235BE069
:10D880003CF07F4C54D10B784FEA126554E04FEADC
:10D89000126503F0FF034FE04FEA0245A2F1013C9D
:10D8A0004FEA15452CEA020CB5EB134F18D11CF0CA
:10D8B000803C08BF51F8043B07D185EA0205B5EB6F
:10D8C000034F09D150F8042BE6E75FEA0C4C2FD147
:10D8D0000B884FEA12452FE04FEA03434FEA124507
:10D8E0004FEA134328E000BF02F0FF05B5EB136FCA
:10D8F000A2F1013C2CEA020C0DD11CF0803C08BFC7
:10D9000051F8043B0AD185EA0205B5EB032F0AD191
:10D9100050F8042BE8E74FEA13630DE012F0FF0F15
:10D9200006D051F8043B4FEA122523F07F4303E071
:10D930004FF0000020BC704705F0FF0203F0FF002D
:10D94000012828BF904204BF2D0A1B0AF4D0A2EB85
:10D95000000020BC704700BF844641EA000313F07A
:10D96000030349D1403A23D30B6803604B684360FB
:10D970008B688360CB68C3600B6903614B6943614B
:10D980008B698361CB69C3610B6A03624B6A436233
:10D990008B6A8362CB6AC3620B6B03634B6B43631B
:10D9A0008B6B8363CB6BC36340304031403ADBD237
:10D9B00030320BD30B6803604B6843608B68836025
:10D9C000CB68C36010301031103AF3D20C3205D35B
:10D9D00051F8043B40F8043B043AF9D2043208D031
:10D9E000D2071CBF11F8013B00F8013B01D30B88A3
:10D9F00003806046704700BF082A13D38B07B1D05D
:10DA000010F00303AED0C3F10403D21ADB071CBF2E
:10DA100011F8013B00F8013BA4D331F8023B20F898
:10DA2000023B9FE7043AD9D3013A11F8013B00F8D1
:10DA3000013BF9D20B7803704B7843708B7883707D
:10DA40006046704720F0030110F00300C0F10000B1
:10DA500051F8043B00F1040C4FEACC0C6FF00002CB
:10DA60001CBF22FA0CF213434FF0010C4CEA0C2CB1
:10DA70004CEA0C4CA3EB0C0222EA030212EACC1291
:10DA800004BF51F8043B0430F4D0C2F1000102EAB3
:10DA90000102B2FA82F2C2F11F0200EBD20070471B
:10DAA0002DE9F8431B4D0646286898460F469146D7
:10DAB000FFF76AFE184B1C681CB3286865681F2DA9
:10DAC00022DC4EB96B1C0235636044F82570FFF709
:10DAD00063FE0020BDE8F883012304EB8501C1F853
:10DAE0008890D4F88821AB401A43022EC4F88821CC
:10DAF000C1F80881E6D1D4F88C211A43C4F88C21EE
:10DB0000E0E7064C1C60D8E7FFF746FE4FF0FF3019
:10DB1000E0E700BF1002002064610020D45F002015
:10DB2000024B13B10248FEF71BBF70470000000014
:10DB30004DD700002DE9F04F82462C4B2C4F83B07F
:10DB400018688B46CDF804A0FFF71EFE3E684EB362
:10DB50004FF000094FF001087468651E22D40134AB
:10DB600006EB8404BBF1000F23D173682268013BEC
:10DB7000AB420CBF7560C4F8009072B1D6F8881142
:10DB800008FA05F30B42D6F804A01CD1904773683D
:10DB90003A68534523D1B24221D1013D6B1CA4F117
:10DBA0000404DFD1114B186803B0BDE8F04FFFF754
:10DBB000F3BDD4F800315B45D7D0013D6A1CA4F118
:10DBC0000404F6D1EEE7D6F88C01D4F880100342B5
:10DBD00009D10198904773683A685345DBD0002A11
:10DBE000E0D01646B8E708469047D0E7100200207C
:10DBF000646100202DE9F84306460820894605F0B7
:10DC0000BDF80546DFF89880304600F00FFCD8F8E4
:10DC100008305F6827F00307A7F11104A4EB09049B
:10DC20002C44B4FBF5F4013C05FB04F4A54208DCEC
:10DC30000021304605F090F8D8F808303B4498426F
:10DC400005D0304600F0F8FB0020BDE8F8833046F0
:10DC5000614205F081F801300FD0124AD8F808303F
:10DC60003F1B47F001075F60136830461B1B1360C2
:10DC700000F0E2FB0120BDE8F8830021304605F00A
:10DC80006BF8D8F80820831A0F2BDADD43F0010374
:10DC90005360054B03491B68C01A0860D1E700BFF9
:10DCA00020020020686100201402002000297CD09E
:10DCB000F8B50C46064600F0B9FB54F8043C764F24
:10DCC000A4F1080523F001016818D7F808C04268DC
:10DCD000844522F0030200F08380DB07426000EB02
:10DCE000020C33D454F8084CDCF804302D1B2144CA
:10DCF000AC6807F1080C644503F0010364D0D5F863
:10DD00000CE0C4F80CE0CEF80840002B00F0818055
:10DD100041F001036B600160B1F5007F22D2012266
:10DD2000CB0849098A40796801330A437A6057F879
:10DD3000331007EBC302083AC5E9021247F8335023
:10DD4000CD603046BDE8F84000F076BBDCF804302A
:10DD5000DB072BD541F00103B1F5007F44F8043C0B
:10DD60000160DCD3B1F5206F4FEA512353D28B0908
:10DD700003F1390003F13802C300F818FB580838E2
:10DD8000984203D161E09B68984204D05A6822F01F
:10DD900003028A42F7D8D868C5E902308560304668
:10DDA000DD60BDE8F84000F047BB7047114407F163
:10DDB000080C836863453FD0C268DA60936041F025
:10DDC00001036B606950A7E7002B5FD10A44D0E9DB
:10DDD0000213CB60996042F001036B60AA50B0E778
:10DDE0000A44D90707D454F8083CED1A1A44D5E977
:10DDF0000213CB60996042F001036B60274BBD605A
:10DE00001B6893429DD8264B30461968FFF7F2FEF7
:10DE100097E71144CDE7142B08D9542B1DD80B0BD1
:10DE200003F16F0003F16E02C300A6E703F15C008B
:10DE300003F15B02C300A0E741F00103C7E9045509
:10DE4000C5E902CC6B6069507BE70121921001FAB1
:10DE500002F279680A437A609EE7B3F5AA7F06D892
:10DE6000CB0B03F1780003F17702C30085E740F2A2
:10DE70005452934206D88B0C03F17D0003F17C02CF
:10DE8000C3007AE74FF47E737E2276E741F0010308
:10DE90006B60016055E700BF2002002018020020DF
:10DEA00098610020024B0146186800F00BB800BFD3
:10DEB000CC000020024B01461868FFF7F7BE00BFF8
:10DEC000CC0000202DE9F04F01F10B05162D064680
:10DED00083B024D8102900F2AD8000F0A7FA1025F5
:10DEE00018234FF0020CB84F3B445C68A3F10802C2
:10DEF000944200F01D8130466368E268A16823F017
:10DF00000303CA60234491605A68083442F0010256
:10DF10005A6000F091FA204603B0BDE8F08F35F06A
:10DF2000070500F18780A94200F2848000F07EFAA4
:10DF3000B5F5FC7FC0F06F816B0A7FD0042B00F237
:10DF40001E81AB0903F1390C03F1380E4FEACC0006
:10DF50009D4F384444680838A04207D10DE0002A9C
:10DF6000E16880F2DF80884207D00C46636823F0C6
:10DF700003035A1B0F2AF2DDF446DFF850823C6996
:10DF8000444500F0BC80636823F00309A9EB050356
:10DF90000F2B00F34581002BC7E9048880F22F8105
:10DFA000B9F5007FD7F804E080F0C98001234FEA7B
:10DFB000D9014FEA5919194403FA09F357F83120E6
:10DFC0004EEA030E07EBC103083BA260E360C7F80B
:10DFD00004E047F83140D46001204FEAAC03984098
:10DFE000704532D810EA0E0F07D12CF0030C400018
:10DFF00010EA0E0F0CF1040CF9D007EBCC0AD64650
:10E00000E146DEF80C300BE059681C4621F00301B4
:10E010004A1B0F2ADB6800F3BF80002A80F2E280EF
:10E020009E45F1D109F1010919F0030F0EF1080E17
:10E03000E7D11FE10C23336000246CE74FF400703C
:10E040004FF0400C4FF03F0E82E7BC68636823F04E
:10E050000309A94503D3A9EB05030F2B52DC5C4B45
:10E0600008201B6803F1100804EB0903009304F077
:10E0700085FE584A83461368A844013305D008F149
:10E08000FF388044434203EA08084146304604F022
:10E0900063FEB0F1FF3F82464E4A00F0DC8004EBA5
:10E0A0000903834200F2D5804B4B0BF1FF31186816
:10E0B00040448446186040F0FB801AEA010F40F0AB
:10E0C000F780D7F808A0C84448F00102CAF8042035
:10E0D0005446424B1968814238BF1860404B19685A
:10E0E000814238BF186022F00308A845A8EB050359
:10E0F00001D30F2B06DC304600F09EF99CE7D7F8E1
:10E1000004E069E7621943F0010345F00105656029
:10E110003046BA600834536000F08EF9204603B0F0
:10E12000BDE8F08FA2683046D16023448A60EBE6F8
:10E13000DC68A3427FF4DFAE0CF1020C1DE7B9F5F9
:10E14000206F4FEA59227DD3142A00F2118102F187
:10E150005C03DB005B32F918FB580839994203D1A4
:10E16000ECE09B68994204D05A6822F003024A45C9
:10E17000F7D8D968C4E902318C60DC602CE7142B35
:10E180006CD9542B00F2FD802B0B03F16F0C03F1C3
:10E190006E0E4FEACC00DBE6D4F808C030466619B4
:10E1A00045F001056560CCF80C30C3F808C042F0BA
:10E1B0000103C7E90466C6E902887360625000F093
:10E1C0003BF90834A7E600BF200200202802002007
:10E1D00098610020140200206861002094610020F2
:10E1E0009061002021444A68304642F001024A60B2
:10E1F00054F8082FD3609A6000F01EF98BE6A14412
:10E20000D9F80430304643F00103C9F8043000F077
:10E2100013F908347FE64FEAD50C05F1080362E6EE
:10E22000621943F0010145F0010565603046C7E918
:10E230000422C2E90288516044F8093000F0FCF879
:10E24000083468E64FEA991202F13903DB003832EC
:10E2500081E7BC4224D0BC68626844E703F15C0CEF
:10E2600003F15B0E4FEACC0072E65AF808395345C9
:10E2700040F0D8801CF0030F0CF1FF3CF5D17B6817
:10E2800023EA00037B60400098423FF6DEAE18B9F7
:10E29000DBE6400009F104091842FAD0CC46ACE6AE
:10E2A000614B0BF1FF31186808EB000CC3F800C09C
:10E2B0001068013070D004EB0902AAEB020262443C
:10E2C0001A601AF00702CDE9002340D0C2F108021B
:10E2D0009244D04408EA01005A44121A02EA010B9F
:10E2E0005946304604F038FD421C019B71D0A0EB2A
:10E2F0000A0000EB0B08186848F001025844BC42C1
:10E30000C7F808A01860CAF804203FF4E1AEB9F1DC
:10E310000F0F44D94FF0050C6168A9F10C0222F0EF
:10E32000070201F00101114361600F2A04EB0201B1
:10E33000C1E901CC55D8DAF80420C9E601209210D1
:10E3400000FA02F24EEA020EC7F804E012E70AEB06
:10E3500008020A40ABEB020202EA010B59463046C2
:10E3600004F0FAFC431C019BC1D1DDF800B0C2E708
:10E37000542A18D84FEA193202F16F03DB006E32CB
:10E38000E9E6B3F5AA7F18D8EB0B03F1780C03F19B
:10E39000770E4FEACC00DBE5C2F800A091E701233D
:10E3A000CAF80430A7E6B2F5AA7F25D84FEAD932D9
:10E3B00002F17803DB007732CDE640F2545293420B
:10E3C00025D8AB0C03F17D0C03F17C0E4FEACC0099
:10E3D000BEE5009A4FF0000B083A9044A8EB0A08FB
:10E3E00089E7304604F108010093FFF75FFC009BCA
:10E3F000D7F808A018689EE740F254539A420DD807
:10E400004FEA994202F17D03DB007C32A3E64FF430
:10E410007E704FF07F0C4FF07E0E99E54FF47E73C7
:10E420007E2298E67B682EE7686100200148FFF7AE
:10E43000ABB900BFC45F00200148FFF7ADB900BF12
:10E44000C45F00202DE9F04FADF53B7D02AFC7E979
:10E450001202B1F90C203B6396048A464B6E05D438
:10E4600042F4005223F400538A814B669D04C3F3A7
:10E47000403401F1E180A1460822214607F158000D
:10E48000FEF75EFFBC62BC63FC617C633C64774B5F
:10E49000D3F8E44004F020FC07F158020092034650
:10E4A000FA6CB86C07F15401A047002861DBFB6CE3
:10E4B00006460344FB647B6D002B00F04B81012872
:10E4C00067D0252B6ED00028E1D0FB6C01389E1B55
:10E4D000DAF8043034181A46002A06F1FF3517DD41
:10E4E000DAF800306A781878691C904203F1010369
:10E4F00040F03081DAF804208C4202F1FF32CAF891
:10E500000030CAF8042000F03081002A0D46E7DC14
:10E510005146B86C08F0A2FD0028E1D03B6C23B155
:10E52000BAF80C305A0640F11581BB6B002B01F094
:10E530008380BB6BDE8818687EB100248146A046CC
:10E54000051F55F8043F01341868FFF7B3FC2B682A
:10E55000B442C3F80080F4D148464FF0FF333B6427
:10E5600008B1FFF7A7FC386C07F53977BD46BDE861
:10E57000F08F4FF6FD730822002107F158007B65EC
:10E58000FEF7DEFEFB6C0133FB647B6D002B00F0BD
:10E59000E180374AD25C100700F1C7850126252BA0
:10E5A000304692D100242546F96C0A78A2F1250361
:10E5B00001F10108552B00F2CD80DFE813F0AB0725
:10E5C000CB00CB00CB00CB009A07CB00CB00CB001D
:10E5D000CB00CB00D206D206D206D206D206D20695
:10E5E000D206D206D206D206CB00CB00CB00CB009F
:10E5F000CB00CB00CB00DD06CB003505E700DD0608
:10E60000DD06DD06CB00CB00CB00CB00E000CB006D
:10E61000CB004605CB00CB00CB008005CB00CB0068
:10E62000CB00CB002007CB00CB008307CB00CB0077
:10E63000CB00CB00CB00DD06CB003705E900DD06C3
:10E64000DD06DD065707A207E000CB008E07630753
:10E65000710748055407CB00CB008205DB004C074F
:10E66000CB00CB002007CB00DB0000BF1007002051
:10E670003518020004F01003012D38BF01251A4699
:10E680007B6414F0010301F00182002A41F0498209
:10E690003B6B240653F804BB3B6301F16D82D84603
:10E6A000D7F844B05B46DC46C7F83CB000269B4632
:10E6B000644604F011FBB0423FF430AFDAE90032B7
:10E6C00013F8011B013ACAF8042007F5BC729155F2
:10E6D000FA69CAF80030032A06F1010307F170064F
:10E6E00002D13268042A06D0082200213046FB629B
:10E6F000FEF726FEFB6A009607F5BC724146B86C31
:10E70000FB6208F073FA0246F861501C3FF406AF52
:10E71000FB6A002A41F06A8299447B6C013D002B20
:10E7200041F07282C8F80030FB6B002B01F0AE8222
:10E73000A8EB0406BBEBA60F01F2A88220464FEA25
:10E74000CB0106F0CDFB0446002841F099824FF042
:10E75000FF333B64BB6B002B3FF405AFBB6B18680A
:10E760003B6C01337FF4FCAEE3E602354D44A5EB90
:10E7700006098CE62307EDD14A78414616E72207C1
:10E78000E8D14A7844F0020441460FE744F001041E
:10E790000A234FF0030B7B63724BBB62DAF8043041
:10E7A000002B00F35F845146B86C08F057FC00283A
:10E7B0007FF4B4AEC7F84C80600641F15C810BF188
:10E7C000FF33032B3FF656AFDFE813F0A602E70155
:10E7D0003D010400B86C04F091FA44F4F0637B64EA
:10E7E000036800263B626B1EB3F5B27F07F5BC7B66
:10E7F00034BF4FF0000CA5F5B27C5C4628BF4FF447
:10E80000B275C7E90466FE63FE62BE61C7F80CC05C
:10E81000C7F824B0DAF800100A78A2F12B034E2BC7
:10E8200050D8DFE813F0BB034F00BB034F004F008D
:10E83000A100A500A500A500A500A500A500A500B4
:10E84000A500A5004F004F004F004F004F004F00A4
:10E850004F00B0033F033F033F03DD03D4034F00EA
:10E860004F00C3034F004F004F004F0096034F006F
:10E8700075034F004F004F0070034F004F004F00D3
:10E880005903AB034F004F004F004F004F004F00A4
:10E890004F00B0033F033F033F03DD03D4034F00AA
:10E8A0004F00C3034F004F004F004F0096034F002F
:10E8B00075034F004F004F0070034F004F004F0093
:10E8C0005903AB037B6C9B0570D5D7F820B09BF840
:10E8D000003093426AD1C7E901544FF00008554611
:10E8E000B24606E0296091F800E09BF800008645FA
:10E8F0001CD11BF8010F44464E46013108F10108B6
:10E9000009F10109002800F07E86686801380028B6
:10E910006860E7DC2946B86C08F0A0FB30B92968CC
:10E920009BF8000091F800E08645E2D0224633468D
:10E930005646BC68AA46D7E9085BA844C7E90864FC
:10E94000914644469846BE6C14F8011D5246304626
:10E9500008F046FBA542F7D1D7E90864A8EB0909FE
:10E9600026E000BFAD6401007B6CD90500F1518544
:10E97000FB6B9B191AD11E467B6CFE6323F4C0739C
:10E980007B64013D04F8012BDAF8043009F1010938
:10E99000013B002BCAF8043040F3BC83DAF80030A6
:10E9A0000133CAF80030002D7FF434AFD7F824B01B
:10E9B000FB6A002B40F03383FB6B013B012B41F2E0
:10E9C0002780731E062B40F247867B6CD80540F1EA
:10E9D000AA84590500F1468714F8011C651E6529B3
:10E9E00009F1FF360AD0452908D05246B86C08F024
:10E9F000F7FA14F8021CA9F10206A51E5246B86CDB
:10EA000008F0EEFA7B6C13F0100340F04A86B14632
:10EA10002B707B69002B40F0558700225946B86C5B
:10EA200007F0D6FB7A6C3B6BD20705460E4603F126
:10EA3000040440F12B861B68C3E900563C633B6C21
:10EA400001333B6423E507F5BC7B4FF000085E46CD
:10EA50006B1EB3F5B27F34BF0021A5F5B271CB4672
:10EA600028BF4FF4B275D146C246B0467A6B44F423
:10EA70005864F963D9F8000090F800C0ACF12B039A
:10EA80004D2B62D8DFE813F0BC026100BC026100CC
:10EA9000610021031C021C021C021C021C021C023D
:10EAA0001C02C202C20261006100610061006100DB
:10EAB000610061004E004E004E004E004E004E00C0
:10EAC000610061006100610061006100610061003E
:10EAD000610061006100610061006100610061002E
:10EAE0006100B002610061006100610061006100CD
:10EAF000610061004E004E004E004E004E004E0080
:10EB000061006100610061006100610061006100FD
:10EB100061006100610061006100610061006100ED
:10EB20006100B0020A2A10DD24F4386406F801CB33
:10EB3000D9F80430013B002BC9F8043040F3E082DF
:10EB40000130C9F80000013D94D14346E005D046AC
:10EB50007A63CA46D9469B4605D59E4200F2728426
:10EB60005E453FF4F7AD14F0100211D159467B6BAE
:10EB7000BD6AB86C3270A8473B6BA10603F104056F
:10EB800040F158841B6818603B6C3D6301333B6463
:10EB9000A6EB0B064644B14479E4002D08BF4FF0C4
:10EBA000FF35E60704F0100340F1DD82002B40F052
:10EBB000B5843A6B200652F8041B79643A6340F13D
:10EBC0008F86FB6300293FF4C5AD8020FFF76AF90B
:10EBD000FB6B024600283FF4BAAD796C0860B96B54
:10EBE000CC888E88B44280F09085086896464FF0B5
:10EBF000200C796C40F82410B96B0134CC80DAF821
:10EC00000010B24E097816F8018018F008086BD190
:10EC10003E622E461546C7F824E0C7F82CC0FB63B9
:10EC200004F05AF840453FF479ACDAE9003213F8C1
:10EC3000011B013ACAE90032FB6907F5BC7B032BD3
:10EC40000BF8081007F1700408F1010802D12368DD
:10EC5000042B04D0082200212046FEF771FB00940B
:10EC60005A4643462946B86C07F0C0FF421CF8617B
:10EC70003FF454AC002800F0AC85FB6902331FD090
:10EC8000286808F07FF8002840F09F86FB69C1449F
:10EC9000032B02D12368042B00D0013EFB6B002B19
:10ECA00040F01A867B6C0435002B00F015867B6AD9
:10ECB000EC1AFB6AB3EBA40F40F2B986D7F83C809C
:10ECC000DAF80430002B40F35586DAF800303A6A5F
:10ECD0001B78D35C1B0701D4002EA1D12A46D7F89C
:10ECE00024E0D7F82CC0FB6B002B7FF4D0AB136073
:10ECF0007B6C002B3FF4A3AEA2EB0E02931001330A
:10ED00009C457FF69CAE7C6C111D206806F0E8F8EF
:10ED1000002840F0C58092E6002D08BF4FF0FF3577
:10ED200004F01003E607FB6240F19282002B40F0F2
:10ED300032843A6B200652F8043B7B623A6340F11E
:10ED4000D585002B3FF406AD8020FFF7ABF8786443
:10ED500000283FF4FCAC7B6A7A6C1A60BB6BDC88E1
:10ED60009E88B44280F0EB8418687B6A40F82430B7
:10ED7000BB6B0134DC807B6CBB6120233B620024D5
:10ED8000A046FE6907F5BC7BC7F83C9003F0A4FFE2
:10ED900040453FF4C3ABDAE9003213F8011B013AF6
:10EDA000032E0BF80810CAF80420CAF8003008F146
:10EDB000010807F1600903D1D9F80030042B04D011
:10EDC000082200214846FEF7BBFACDF800907C6C83
:10EDD000434621465A46B86C07F008FF411C0646D8
:10EDE0003FF49CAB002840F0DF83206004460822FB
:10EDF000002107F16800FEF7A3FADFF8D4C022462D
:10EE000007F170042146B86CDCF8E0C007F1680334
:10EE1000E047012814BF002497F8704007F17803F9
:10EE20001B5D002B00F06E85FB6B032E4344FB63E0
:10EE300000F0C383013DFB6A5BB97B6C7A6A0433E3
:10EE40007B6432B1BA699C1A3B6AB3EBA40F40F2FF
:10EE5000CA83DAF804304FF00008002B40F3BF8279
:10EE6000002D93D1D7F83C90FE61FB6A002B7FF414
:10EE70000EAB7A6C13607B6A002B3FF4E0AD134657
:10EE8000BA69991A8B103A6A01339A427FF6D7AD64
:10EE90007C6A0431206806F023F800283FF4CFADE7
:10EEA0002060CCE5796C08057FF580ADFB6B9B1984
:10EEB0007FF47CAD1E4621F4C0737B64FE6360E585
:10EEC000044B24F4386433F912202FE6351802007D
:10EED00010070020CC1C0200796C01F41863B3F514
:10EEE000807F7FF463ADFB6A012B7FF45FAD21F47B
:10EEF000807343F400637B64302304F8013B0023F8
:10EF0000013DFB623DE5062E7FF450AD072638E556
:10EF10007B6C19057FF54AAD796C01F4A063B3F5FC
:10EF2000806F05D048057FF541ADFB6A002B49D0C5
:10EF30007B6C990504D4FB6AB9695B1AC7E9044381
:10EF40007B6C23F4786343F4C0737B640023FB621F
:10EF500017E5FB6B002B40F01F82FB6A33B97B6C1B
:10EF600003F4E063B3F5E06F00F02185012E02D0D9
:10EF7000042E7FF41BAD0136F6B202E5072E7FF4B6
:10EF800015AD0826FDE47B6C1B0500F1FF81FB6BD2
:10EF9000012B7FF40BAD0223FB63F2E47B6C1906BB
:10EFA0007FF504AD23F080037B64EAE4002E40F09B
:10EFB000FB81FB6A8BBB7B6C03F4E063B3F5E06F12
:10EFC00000F0EE840023D7F824B0FB62F4E47B6CFD
:10EFD000180500F1D581022E7FF4E8AC0326D0E4B9
:10EFE000796C0B0598D561E704F4C063B3F5007F35
:10EFF0007FF4ABAD24F40074102244F4A06495E5D2
:10F0000023067FF5A2AD24F080048FE58D4B33F904
:10F010001220082A3FF788AD97E5D7F824B07B6C1B
:10F0200023F480737B64C7E444F001044FF0000BC9
:10F03000C7F84C8044F04004DAF80430002B3FF766
:10F04000BBABD7F84C80FFF7AEBB44F001040823FC
:10F050007B637D4B4FF0030BBB62DAF80430002B6F
:10F060007FF7A1ABDAF80020784E1378F35C19072C
:10F0700040F16884334656469A4605E0326013787C
:10F080001AF803301B0715D5736809F10109013B14
:10F09000002B736002F10102F0DC3146B86C07F01E
:10F0A000DDFF002840F0C582326813781AF803307B
:10F0B0001B07E9D4B246C7F84C80FFF780BB44F089
:10F0C00001044FF0020BFFF769BB23057FF52EAD5E
:10F0D00012B9082244F40074610500F1A781FB6BAA
:10F0E00024F4607413B1013BFB630135D9F804309B
:10F0F0000AF1010A013B002BC9F804303FF720ADAB
:10F100004946B86C7A6407F0A9FF7A6C00283FF48E
:10F110001AAD1AE55146B86C07F0A0FF00287FF43D
:10F1200045AC002D7FF476AB40E4DAF80420BC6CEB
:10F130000FE0DAF8003045491A7801338A5C11078C
:10F140007FF5A5A9DAF8042009F10109013ACAE915
:10F150000032002AEDDC5146204607F07FFF0028F0
:10F16000E7D0FFF794B9002B40F03F833B6B53F897
:10F1700004BB3B6314F0800300F08A83BBF1000FF3
:10F180003FF4E8AA2020FEF78DFE044600283FF455
:10F19000CCA9BB6BCBF80000DE88B3F804804645F1
:10F1A00080F082821868BB6B40F826B00136DE80A2
:10F1B0002023DAF80000254E0278B25C110700F136
:10F1C0008D823246A0461E464B469146DAF8042010
:10F1D000013ACAF80420421CCAF80020027804F858
:10F1E000012BA4EB0802BBF1000F02D0B24280F069
:10F1F0005883013D0BD0DAF80420002A40F39883AD
:10F20000DAF80000027819F802201207DED59946D4
:10F210003346A4EB08018944013100222270BBF17E
:10F22000000F3FF40CAC8B427FF609ACDBF800001A
:10F2300005F056FE00283FF402ACCBF80000FFF7C3
:10F24000FEBB00BFCC1C02001D6601003518020089
:10F25000FB6A002B40F06B813B6B14F0800453F889
:10F2600004BB3B6300F04A83BBF1000F3FF472AA7A
:10F270002020FEF717FE064600283FF456A9BB6B78
:10F28000CBF80000DC889A88944280F029821868C4
:10F29000BB6B40F824B00134DC802023DAF8001086
:10F2A00007F178080A7818F80220002A3FF452AAD9
:10F2B000C7F844903446D946C34698463046DAF8F3
:10F2C00004604B1C013ECAE90036097800F8011BB6
:10F2D000061BB9F1000F01D046456DD20646013D2F
:10F2E0000BD0DAF80410002940F36D81DAF8001031
:10F2F00008781BF800000028E0D1341BCB464346B9
:10F30000D7F844903FF426AA00223270BBF1000FD8
:10F3100003D0611C8B4200F219833B6CA144013382
:10F320003B64FFF7B4B87A6C12F010037FF4AFA817
:10F33000237002F4C063B3F5806F7FF46AABBB69DE
:10F34000FA6A93423FF469AB9A1A07F2D2239C42BD
:10F3500028BF07F2D1242046BC4902F0E3FEFFF7A4
:10F360005CBB14F08F0F7FF4F5A905EB850502EB6C
:10F370004505303DFFF700BA4FF0040BFFF70EBA1A
:10F38000FB6B9B197FF427AEFFF7F5BAFB6B9B195C
:10F390007FF4FDADFFF7EFBAFB6B022B7FF4E6AD18
:10F3A0000323FB63FFF7EDBA032E3FF4E4AD052E14
:10F3B0003FF4E1ADFFF7FABA4FEA4808204641466C
:10F3C00005F08EFD044600283FF4AFA80644C9F8B6
:10F3D000000084E7DAF80430002B3FF7D7AC514641
:10F3E000B86C07F03BFE00283FF43AAD4446D7F82E
:10F3F0003C90FE61002C3FF438ADFFF78FB844F429
:10F40000007410237B63924B4FF0030BBB62FFF73A
:10F41000C5B923F080037B64FB6A0133FB62FB68A0
:10F42000002B40F05681013DFFF7AEBA24F4B064E2
:10F43000FFF77CBB220740F1A4813B6B1B6818706F
:10F44000FFF7A2BB16F8011C5246B86C013E07F04C
:10F45000C7FDFFF785BB0A237B637D4B4FF0030B92
:10F46000BB62FFF79BB944F40874CAE723077FF433
:10F4700071A94A78682A00F07881414644F0040472
:10F48000FFF794B814F08F037FF464A9BA6B002AD5
:10F4900000F001824A7844F080044146FFF786B8C4
:10F4A000E1060BD43A6B52F8043B3A63220700F1B1
:10F4B0009981660740F15482A3F80090C7F84C8008
:10F4C000FEF7E5BF414607F1780002F0BFFD4FF0BF
:10F4D000010B44F04004F864AEE522077FF43AA93A
:10F4E0004A786C2A00F04781414644F00104FFF756
:10F4F0005DB825437FF42EA94A7810244146FFF7D2
:10F5000055B800237B63534B4FF0030BC7F84C8077
:10F51000BB6291E5C7F84C80FEF7D5BF4FF0000CF9
:10F5200007F15402E646C7F844C0FFF768BBDAF8B3
:10F53000003007F178081A7818F80220002A3FF402
:10F5400009A90133CAF80030DAF80430012D03F1BB
:10F55000FF33CAF804301BD0BC6C11E0DAF800307D
:10F560001A78013318F8022092B1CAF80030DAF89C
:10F5700004300BF1010B013B5D45CAF8043007D0A4
:10F58000002BEBDC5146204607F068FD0028E5D053
:10F59000D944FEF77CBF002207F154033A627B6432
:10F5A000BA617A62FFF7EBBB821C3FF413AF7B6C4E
:10F5B0001C68631C7FF41BAC30E4D9F80030042BCA
:10F5C0007FF438AC37E45146B86C07F047FD0028AB
:10F5D0003FF48CAEA642CB464346D7F844903EF467
:10F5E0009DAF341B90E61046D90005F079FCB86158
:10F5F00000283FF4ACA83B6A02197A647A6A5B007F
:10F6000010603B6225E4BC687B6C204623F42073C9
:10F610004246396ABE617B645646AA467D6802F05E
:10F6200057FEBB6904469946FB6A013DBB61FFF783
:10F63000ABB9B246FEF772BF4FF0FF333B64386C94
:10F6400007F53977BD46BDE8F08F00BF3C190200D1
:10F650001D660100AD640100022E40F2FA81032E06
:10F660003FF4B3A9043EF6B2F543D7F848802544E9
:10F6700014F8011D5246404607F0B2FCAC42F7D1E7
:10F6800009F1FF39A9EB0609FFF79FB93B6BD3F8E6
:10F6900000807B6C9B0740F18E80C8E90056FFF725
:10F6A000CDB9B146FEF7F3BE4FF6F67398453EF678
:10F6B00040AFBB6B08F1080818684FEA880105F0F5
:10F6C0000FFC00283EF435AFBB6BA3F80480186034
:10F6D00069E5FB68013BFB60FFF756B901219CE53A
:10F6E0004FF6F6739A423EF624AFBB6B02F1080860
:10F6F00018684FEA880105F0F3FB00283EF419AFC3
:10F70000BB6BA3F804801860C2E54FF6F6718E4219
:10F71000FB62F8633FF61BA8D7F838800836D8F8A4
:10F720000000B10005F0DCFB00283FF410A8FB6AE4
:10F73000FA6BA8F80460C8F80000FFF757BA4FF654
:10F74000F6739E423FF603A8D7F838800836D8F8FB
:10F750000000B10005F0C4FB00283EF4F8AFA8F8A3
:10F760000460C8F80000FFF700BB8A7844F0080482
:10F770000231FEF71BBF8A7844F002040231FEF723
:10F7800015BF630769D414F0010240F00681A40795
:10F7900040F10381BA4BB96AB86C994259467B6B08
:10F7A00000F0658107F01CF90B463A6B1168C1E95E
:10F7B0000003FFF7E9B902460B460DF035FB0028C0
:10F7C0005FD1284631460DF08DFBC8F80000FFF7E9
:10F7D00035B9286007F0D6FA002840F0F680C14419
:10F7E000FFF75BBA83F8009068E6DAF80030A54EC0
:10F7F0001A78B25C14073EF54AAE0133CAF80030FD
:10F80000DAF80430012D03F1FF33CAF8043008BFE1
:10F8100009F101093EF43BAE0124D7F8488011E01C
:10F82000DAF800301A780133B25C100712D4CAF843
:10F830000030DAF804300134013BA542CAF8043044
:10F8400000F0C080002BEBDC5146404607F006FC80
:10F850000028E5D0A144FEF71ABE3B6B1B68188058
:10F86000FFF792B95C455E467EF674AFBD6C14F846
:10F87000011D5246284607F0B3FBB442F7D1FEF70C
:10F8800069BF814803F032FBC8F80000FFF7D6B823
:10F890005C469B468DE482B0CDE9023302ABBB638C
:10F8A000F8E5760040463146FB637A6405F018FBC4
:10F8B000804600283EF439AE7A6CFB6BCBF8000032
:10F8C000841896E43C690A230022B86C611C06F097
:10F8D000EDFD7B69C21A38E54FF00008FFF7F0B97B
:10F8E0007A6C9C469E467B64FFF789B97B6A7B6491
:10F8F000FB6A3B62BB617B62FFF741BA5E4623460F
:10F90000A346CBE4D7F83C90FE61B8F1000F3FF47A
:10F91000ACAA4546BE6C0BEB0804013D524630468E
:10F9200014F8011D07F05CFB002DF6D1FFF79DBA1E
:10F930005146B86C7B6407F091FB7B6C00283FF468
:10F940005FAC64E4C7F84C80FEF739BFDBF8000019
:10F9500005F0C6FA00283FF4E0ACCBF80000DCE488
:10F96000E5072CD4A4072AD54FEAE972C3F8009022
:10F970005A60A3E55146B86C07F070FB00283FF4CD
:10F98000A4A92A46D7F824E0D7F82CC0FB6BB8F11D
:10F99000000F7EF4C3ADFFF7A7B93B6BFFF7F2B8DA
:10F9A0007B6C012623F4F0637B64FEF7EABF7B6C7B
:10F9B00023F4F0637B640123FB63FEF7E2BFC3F82B
:10F9C00000907BE5A944FEF762BD2A46D7F824E003
:10F9D000D7F82CC0FB6BB8F1000F3FF485A90BEBF7
:10F9E00008044546F3469046BE6CC7F83CC0FB622F
:10F9F000013D5246304614F8011D07F0F1FA002D82
:10FA0000F6D14246DE46D7F83CC0FB6AFFF76CB938
:10FA10005C455E467EF69EAEBD6C14F8011D5246F6
:10FA2000284607F0DDFAB442F7D1FEF793BE786AB4
:10FA3000D90005F055FA786200283EF488AEFB6ADA
:10FA40007A6C5B00D7F83C8005191060FB62FFF709
:10FA500037B95C457EF67EAE5D4614F8011D524610
:10FA6000B86C07F0BDFAAC42F7D1FEF773BE07F0F1
:10FA70009FF80B4699E6D7F84C80FFF7F3BA00BF22
:10FA80001D660100351802000C1C02007A6C002A69
:10FA90004DD13B6B53F8046B3B6323065ED5002EC0
:10FAA0003EF458AE2846FEF7FDF9804600283EF4A5
:10FAB0003CADBB6B3060B3F806B09C88A345C0F08A
:10FAC00093804FF6F6739C423EF633ADBB6B083421
:10FAD0001868A10005F004FA00283EF42AADBB6BBB
:10FAE0009C801860BA6B0BF10103D38040F82B6047
:10FAF000CDF800A041462B460122B86C07F0CAFAA7
:10FB00000446002800F09A80A842BFF406AC0146E3
:10FB1000306805F0E5F900283FF4FFAB3060FFF7EF
:10FB2000FCBB00239C469B469846FEF7BDBD1C4689
:10FB3000DAE900239D4202EB03014BDDCAF8001015
:10FB4000B86C51461C44ED1A07F088FA0028EFD033
:10FB5000002C3EF4E3ACA144FEF799BCCDF800A024
:10FB60002B4631460122B86C07F094FA044600286F
:10FB70007FF4D3ABFEF7D2BCBBF1000F3EF4EAAD8D
:10FB80008020FEF78FF9804600283EF4E0ADBB6B85
:10FB9000CBF80000DE889C88A64219D34FF6F67396
:10FBA0009C423EF6D4ADBB6B08341868A10005F04A
:10FBB00097F900283EF4CBADBB6B9C801860BB6B03
:10FBC00040F826B00136DE80C4462023FEF76CBD27
:10FBD0001868F4E75B1B2A442C44CAF80430CAF8BE
:10FBE0000020A144FEF753BC18687BE7FA69911C1A
:10FBF0002FD0032A994402D13368042B00D0013D51
:10FC00007B6C002B3EF490ADDAF804300026002B1C
:10FC100025DD002D7EF44DAD5B46D7F83CB0A44603
:10FC2000BBF1000F04D0A8EB0C01B3EBA10F30D84F
:10FC30007B6C002B7EF42BACFEF701BF3B6C002BE2
:10FC40003EF477ACBAF80C305B067EF587ADFEF774
:10FC500070BCDAF804201E46002A3EF72AAD514651
:10FC6000B86C07F0FBF90028D3D05B46A446D7F860
:10FC70003CB0002E7EF452ACBBF1000FD3D1D7E7DD
:10FC8000FB6B00EB060818604FEA4B0B08F1040809
:10FC9000BAE7DBF8000005F023F90028C8D0CBF85C
:10FCA0000000C5E72DE9F04FDDB0914609911C46F3
:10FCB00083460F9303F022F8036818461993FDF763
:10FCC000C1FE0822189000212CA8FDF739FBBBF1DA
:10FCD000000F04D0DBF83430002B01F03E80099A8D
:10FCE000536EB2F90C20D90702D4970540F16E8605
:10FCF000960406D4099942F4005223F400538A81F1
:10FD00004B669D0401F1F883099AB2F90C3019078A
:10FD100040F1C7801269002A00F0C38003F01A0284
:10FD20000A2A00F0CD80002300249E46CDE931331D
:10FD3000002333AACDE91634DA4614464D46CDE900
:10FD40001BEE3092CDF868E0CDF880E0CDF874E09D
:10FD5000CDF82CE0CDF848E02F468B4BD3F8E4608B
:10FD600002F0BAFF0DF1B00C03463A46504628A9FE
:10FD7000CDF800C0B047002800F0C180C0F2B780C5
:10FD8000289B252B01D00744E7E7B7EB050806467B
:10FD900040F0B98000224FF0FF3393460A937B78FE
:10FDA0007E1C8DF897200C9299460136A9F120030C
:10FDB0005A2B00F2EB80DFE813F02203E900E900A0
:10FDC0001E03E900E900E9000003E900E9006A0018
:10FDD0004D03E90061023003E9002C035B005B0086
:10FDE0005B005B005B005B005B005B005B00E900AD
:10FDF000E900E900E900E900E900E9006101E90042
:10FE0000F101B602610161016101E900E900E90067
:10FE1000E900B202E900E9006502E900E900E90051
:10FE20000A02E9009602E900E900BE06E900E900DD
:10FE3000E900E900E900E900E900E9006101E90001
:10FE4000F1013B02610161016101A8023B02ED0188
:10FE5000E900CD02E900F102DF06DF02ED01E90071
:10FE60000A027200E206E900E900E606E900720013
:10FE70000022A9F1300316F8019B02EB820203EB8A
:10FE80004202A9F13003092BF5D90C928EE70F9BA2
:10FE900053F8042B002A0C920F93C0F2EC813378B4
:10FEA00082E7099D58462946FDF7E8F9002841F008
:10FEB0008684B5F90C3003F01A020A2A7FF433AFB6
:10FEC0000999B1F90E20002AFFF62DAF4A6ED50729
:10FED00002D4980541F1E58023464A4658460999DF
:10FEE00001F0F0FC0B900B985DB0BDE8F08F08229C
:10FEF00000212CA8FDF724FA012007442DE7B7EBD9
:10FF00000508064610D0329BC4E90058434432939A
:10FF1000319B0133072B319310DC08340B9B434496
:10FF20000B93002E7FF436AF329B002B41F0A28062
:10FF30000022099B3192B3F90C3019E0504609991F
:10FF400030AA01F0FFFC80B933ACE7E750460999CD
:10FF500030AA01F0F7FC002800F08580D3460E9B04
:10FF60001BB158460E99FDF7A1FE099BB3F90C3061
:10FF7000099A526ED10740F103815B0601F1C682F6
:10FF80000B985DB0BDE8F08F100700201096B9F116
:10FF9000000FC9D0012300228DF80C91069343ADC8
:10FFA0008DF897200D93CDE913220E920A921192AB
:10FFB0001BF0020302D00699023106911BF084085F
:10FFC000329E05D10C9906980F1A002F00F39B80E2
:10FFD0006AB101226260319A013601320DF1970156
:10FFE000072A32963192216000F3C583083463B149
:10FFF00002236360319B0236013326AA072B329617
:020000021000EC
:100000003193226000F3AC830834B8F1800F00F024
:10001000BD820A9B0D9A9F1A002F00F3F8821BF4F1
:10002000807F40F01C820D9B25601E446360319BE5
:1000300032960133072B319300F3308308341BF0E1
:10004000040F05D00C9B069A9D1A002D00F3A08387
:10005000DDE90B3206998A42ACBF9B185B180B9303
:10006000002E7FF473AF002331930E9B1BB15046DB
:100070000E99FDF71BFE33AC109D6DE60F9B10969D
:10008000073323F00703F3E802670F9327F00043D9
:100090001F931E964FF0FF32DDE91E01B24BCDE9F2
:1000A00016670CF0C1FE002840F0EF84DDE91E0168
:1000B0004FF0FF32AC4B0CF099FE002840F0E58485
:1000C00000220023304639460CF086FE002841F01D
:1000D00019819DF8972000210320A44DA44B2BF0FB
:1000E000800B0E910690B9F1470FD8BF1D46CDE9A0
:1000F00013110A910D901191002A3FF459AF069BFC
:100100000133069354E7102F319A41F3F181DFF860
:1001100064C221463046099C2E46CDF854C065463F
:10012000219304E0103F102F01F1080116DD102388
:1001300001321030072ACDE931200D604B60F1DD2E
:100140002146504630AA01F0FDFB00287FF406AF9F
:10015000DDE93120103F102F33A9E8DC35460C468D
:100160000646219B013215993E44072ACDE93126E6
:100170002160676000F3E1859DF89720083427E748
:100180009A053FF5FAAE099CA06DFDF705FBB4F9A1
:100190000C30F2E633784BF0200B05E60F9BB9F1FB
:1001A000430F109603F1040600F024851BF0100F96
:1001B00040F020850F9B43AD1B688DF80C31012367
:1001C00006930D9300220F968DF89720EBE60023FF
:1001D0000F9F109657F8045B8DF89730002D00F0B4
:1001E000ED84B9F1530F00F0CE851BF0100311938D
:1001F00040F0C9850A9B002BC0F229871A46284681
:10020000119902F027FE0E90002801F082820E9BC9
:1002100011995B1B0D9323EAE3734FF07309CDE94A
:1002200013119DF897200F970A9106930E9163E79B
:100230001BF0200F10967CD00F9B073323F0070391
:100240001846596850F8083B0A460F900029C0F23A
:1002500002840A990029C0F2748253EA02012BF049
:10026000800740F06F820A9A002A40F07082BB46F5
:100270000D925CAD61E10C9B5B420C9333784BF0CB
:10028000040B91E510964BF0100B1BF0200200F0D0
:100290008E830F9B073323F0070319465A6851F8E2
:1002A000083B0F9100212BF4806700200A9D8DF8F8
:1002B0009700002DC0F22A8153EA020027F0800B3C
:1002C00040F02381002D40F04D85002940F0C68488
:1002D00017F001030D9300F0AC8330230DF26F157E
:1002E0008DF86F3129E110964BF0100717F02002BE
:1002F00000F04F830F9B0121073323F007031846BB
:100300005A6850F8083B0F90CFE73378682B03BF4B
:1003100073784BF4007B01364BF0400B44E53378A7
:100320004BF0080B40E54BF0100B1BF0200F109624
:1003300082D10F9A1BF0100F52F8043B0F9240F03D
:1003400085831BF0400F00F07D8343F3C0321146DC
:100350001BB27BE733786C2B03BF73784BF0200B19
:1003600001364BF0100B1FE5FFFFEF7F481902002D
:1003700044190200001D020047F630030F9AA948F5
:10038000ADF8983052F8043B02210F924FF07809F3
:10039000002210964BF002071A9086E71BF0200F00
:1003A000109600F061830F9B0B9A1B681A60D2179E
:1003B0005A600F9B04330F935EE6504602F09EFC9A
:1003C000436818461D93FDF73DFB209007465046B5
:1003D00002F094FC83681B93002F3FF460AD1B9ADE
:1003E0003378002A3FF4E0AC1278002A3FF4DCAC0A
:1003F0004BF4806BD8E433784BF0010BD4E49DF8D8
:1004000097203378002A7FF4CFAC20228DF89720F4
:10041000CAE433784BF0800BC6E4314611F8019BF7
:10042000B9F12A0F01F01682A9F13003092B98BF08
:10043000002201F2708011F8019B02EB820203EBB3
:100440004202A9F13003092BF5D942EAE2730E46C4
:100450000A93ABE42B238DF897303378A4E4B9F1F9
:10046000650F40F32681DDE91601002200230CF020
:10047000A9FC002800F0C78101236360319B6A4A10
:1004800001330136072B32963193226000F36F84DB
:100490000834279B129A934280F2A182189B199AE2
:1004A0001E44C4E90023319B32960133072B31935C
:1004B00000F379830834129B5D1E002D7FF7BFADDA
:1004C000102D319B40F3DE80DFF860911027DDF8BE
:1004D0002480CDF8549004E00834103D102D40F3F2
:1004E000D38001331036072BC4E90097CDE93136AC
:1004F000F2DD4146504630AA01F024FA00287FF48C
:100500002DADDDE9313633ACE7E75F46012900F078
:10051000198102295CAD1ED11A9803F00F01415CCC
:100520001B0943EA0273120905F8011D53EA02018F
:10053000F3D1BB465CAB5B1B0D930A9A0D9900236C
:100540008A42B8BF0A46CDE9133306920E939DF84E
:1005500097201193D0E503F00701DB0843EA4273CB
:10056000D208303153EA0206284605F8011DF2D1BF
:10057000FE07DED53029DCD03023023805F8013CF7
:100580005CAB1B1ABB4605460D93D6E70C9B069A3F
:100590009F1A002F7FF73DAD102F319B41F37A80DA
:1005A0002248224631464FF010080646099C159015
:1005B00004E0103F102F02F1080215DD0133103165
:1005C000072BC2E90068CDE93131F2DD2146504602
:1005D00030AA01F0B7F900287FF4C0ACDDE9313171
:1005E000103F102F33AAE9DC14460E460133159A4A
:1005F0003E44072BCDE931362260676000F3C782A5
:100600000A9B0D9A08349F1A002F7FF708AD074AFE
:10061000102F319B159229DD32464FF010082E46DF
:10062000099D0AE05419020084190200F01C02001E
:10063000103F102F04F1080416DD0133B7491032C2
:10064000072BC4E90018CDE93132F1DD29465046C7
:1006500030AA01F077F900287FF480ACDDE931326F
:10066000103F102F33ACE8DC354616460133159A9F
:100670003E44072BCDE931362260676000F37D816F
:100680000834CCE4A54A1592159A01332E44072B61
:1006900022606560CDE931367FF7D0AC50460999CC
:1006A00030AA01F04FF900287FF458AC329E33ACE9
:1006B000C5E4129B319F012B06F1010607F10107EA
:1006C00004F1080940F310810123072FCDE93176A9
:1006D0002560636000F3C682189B0137199A1E4497
:1006E000072FC9E90023CDE9317600F3C88209F16B
:1006F0000809129B0022DDE916015C1E00230CF0A4
:1007000061FB002840F00E81013701352644072F98
:10071000CDE93176C9F80050C9F8044000F3F08003
:1007200009F108091C9B01371E44C9F80430072F42
:100730002AABCDE93176C9F80030AFDC09F1080405
:100740007DE45F460A2B72F1000180F0A582303310
:100750008DF86F310123BB460D930DF26F15ECE65A
:100760005046099930AA01F0EDF800287FF4F6AB65
:10077000329E33AC49E45046099930AA159301F0F2
:10078000E1F800287FF4EAAB329E159B33AC2EE4EF
:10079000102D319B40F31587DFF884811027DDF899
:1007A0002490CDF8548004E0103D102D04F108048D
:1007B00015DD01331036072BC4E90087CDE931364A
:1007C000F2DD4946504630AA01F0BCF800287FF41B
:1007D000C5ABDDE93136103D102D33ACE9DC01331A
:1007E000159A2E44072BC4E90025CDE931367FF751
:1007F0002FAC5046099930AA01F0A4F800287FF4E4
:10080000ADAB329E24E42799002940F3ED80DDE969
:1008100011839845A8BF9846B8F1000F0ADD319BB7
:1008200046440133072BC4E900583296319300F354
:1008300044860834119FB8F1000FA8BFA7EB080742
:10084000002F00F30183DDF844901BF4806FA9446E
:1008500040F05D85279B129A9342C0F2E3811BF022
:10086000010F40F0DF81129AAF18A7EB0907D51AE4
:10087000AF42A8BF2F46002F0BDD319B3E44013312
:10088000072BC4F8009067603296319300F34886D6
:100890000834002FA8BFED1B002D7FF7D0AB102D23
:1008A000319B7FF7EFAEDFF874901027DDF82480DE
:1008B000CDF8549004E00834103D102D7FF7E4AEDD
:1008C00001331036072BC4E90097CDE93136F2DD4C
:1008D0004146504630AA01F035F800287FF43EAB7F
:1008E000DDE9313633ACE7E71BF0010F7FF4ECAE06
:1008F0000123072FCDE93176256063607FF712AFC2
:100900005046099930AA01F01DF800287FF426AB63
:10091000DDE931760DF1CC0904E700BFF01C0200DF
:10092000001D0200129B012B7FF7FCAE112B40F340
:100930007387AB4BCDF828B010259B46DDF824809B
:10094000159305E009F10809103C102C40F3C18211
:1009500001371036072FC9E900B5CDE93176F1DD51
:100960004146504630AA00F0EDFF00287FF4F6AA79
:10097000DDE931760DF1CC09E6E75046099930AA58
:1009800000F0E0FF00287FF4E9AA329E33ACFFF7C5
:1009900046BB0F9951F8043B0F9117F010014FD14E
:1009A00017F0400047D00A469BB201217DE40F9921
:1009B00051F8043B0F911BF010017FF473AC1BF056
:1009C000400000F095820A469BB26BE4099DA86D39
:1009D000FCF7DAFEB5F90C206B6EFFF789B91BF056
:1009E000010F3FF42CAB59E501236360319B7D4A35
:1009F00001330136072B32963193226000F32E85A6
:100A00000834002940F04682129A0BF00103134388
:100A10003FF415AB189B199A1E44C4E90023319B7F
:100A200032960133072B319300F32E8304F1080231
:100A300041E25CAD81E517F400721CBF0246DBB2F7
:100A4000012132E41BF4007F40F0EB82DA171146FB
:100A50000029BFF6FEAB5B425F464FF02D004FF022
:100A6000010162EB420221E41BF0100F40F0E6812D
:100A70001BF0400F40F0CF821BF4007F00F0DE81BE
:100A80000F9B0B9A1B681A7093E4DDE9160102466E
:100A90000B460CF0C9F9002840F02586B9F1610F2A
:100AA00000F01785B9F1410F00F0C1820A9B0133B4
:100AB00000F0118629F02003472B00F0E1850E900D
:100AC000DDE91612002A13464BF48078C0F2D38475
:100AD00000231593DDE91623CDE92223A9F1410373
:100AE000252B00F21782DFE813F02103150215020F
:100AF0001502E102AE0315021502150215021502D8
:100B0000150215021502150215021502150215022D
:100B1000150215021502150215021502150215021D
:100B20001502150215021502150221031502150200
:100B30001502E102AE032C4B10961A931BF0200213
:100B40007ED00F9B073323F0070319465A6851F8EC
:100B5000083B0F911BF0010F09D053EA020106D0A8
:100B600030218DF899904BF0020B8DF898100221EE
:100B70002BF48067FFF799BB1096FFF786BB5F46A3
:100B80001096FFF7B3BB194B10961A93D6E7504651
:100B9000099930AA00F0D6FE00287FF4DFA9329E22
:100BA00033ACFFF736BA5046099930AA00F0CAFEB6
:100BB00000287FF4D3A9329E33AC7CE40A9B2946FB
:100BC000062B28BF06232A460A950E95CDE9131158
:100BD000074D06930F970D931191FFF78DBA00BF44
:100BE000F01C020084190200681902005419020066
:100BF0007C190200082200212EA8FCF7A1FB0F9A05
:100C000043AD2EAB29465046126806F049F803461C
:100C100001330D9000F004860D9B23EAE3730693E5
:100C2000FFF7D0BA189A19991644C4E90012319AFC
:100C300032960132072A319200F34D84083412E6CD
:100C40000F9951F8043B0F911BF0100182D11BF05A
:100C5000400000F054810A469BB27BE70A9B5CADE2
:100C60000D936AE45046099930AA00F06BFE002803
:100C70007FF474A9DDE931760DF1CC092CE55046FD
:100C8000099930AA00F05EFE00287FF467A9DDE92B
:100C900031760DF1CC092CE5CDE90D9707F480668E
:100CA0004FF0000EDFF864B21B9F0DF5B87C069480
:100CB00006E00A2B72F1000237D343462246AC46C7
:100CC000991841F10001ABFB010424F0030000EB93
:100CD00094004FF0CC34091A581A04FB00F462F166
:100CE0000009A0FB0B800BFB09440444052008F01D
:100CF0000109A9FB000940184FEA5808303048EABA
:100D0000C4780EF1010E0CF1FF350CF8010C6408EB
:100D1000002ECED039788E45CBD1BEF1FF0FC8D092
:100D20000A2B72F1000280F0D2821B97069CCDF84C
:100D300048E0DDE90D97FFF7FCBB5046099930AA62
:100D4000159300F0FFFD00287FF408A99DF8972077
:100D5000329E159B33ACFFF73BB95846FBF744FF77
:100D6000FEF7BDBF01295F467FF4D3ABEFE45046E9
:100D7000099930AA00F0E6FD00287FF4EFA8329E22
:100D800033ACFFF786BB0DF1B808082200214046BE
:100D90002995FCF7D5FA0A9B002BC0F28982002620
:100DA0000694CDF83490344699460FE043465046B9
:100DB00043A905F075FF431C06F10406204400F02A
:100DC0007984484506DC00F0E4840446299B9A595E
:100DD000002AEBD1DDF834900D94069C0D9B002B7E
:100DE00000F05183632B40F3FB835046591CFDF701
:100DF00069F80546002800F046850E90082200217B
:100E00004046FCF79DFA0D9E294633465046CDF8E4
:100E1000008029AA05F096FF864240F02D85002328
:100E20000D9ACDE9133322EAE271AB549DF8972075
:100E30000F9706910A931193FFF75EB90F9B0B9AD8
:100E40001B681A60FFF7B5BA102F319B40F30D8570
:100E50002F4932464FF010090E46DDF824801591D7
:100E600004E00834103F102F40F33E82013310326B
:100E7000072BC4E90069CDE93132F2DD4146504625
:100E800030AA00F05FFD00287FF468A8DDE9313268
:100E900033ACE7E7189B199A1E44C4E90023319B41
:100EA00032960133072B319300F3EE8004F10802F0
:100EB0000029C0F29983129901330E44072BCDE922
:100EC0003136156051603FF7E9AB02F10804FFF7D6
:100ED000B6B8DDF828B00137159B2644072FCDE9B9
:100EE0003176C9F80030C9F804407FF719AC07E53E
:100EF0001BF400721CBF0246DBB2FFF7D3B91BF430
:100F000000721CBF0246DBB224E600BFCDCCCCCCC5
:100F1000F01C02000A9B50460193022300932EAB63
:100F2000049329AB039327AB0293DDE9222302F05C
:100F3000B7F81BF0010F054640F03F832E9B1B1AAC
:100F40001293279B1193119BDA1C03DB0A9A9A4296
:100F500080F28E81119BA9F10209013B00212793A8
:100F60005FFA89F2002B8DF8A820B6BF2D222B2224
:100F7000119B8DF8A920B8BFC3F10103092B40F3E1
:100F80006D830DF1BF073A46DFF8D0C21E4610460A
:100F9000ACFB0321C90801EB8102A3EB4202303212
:100FA000632E00F8012C0B4600F1FF32EEDC3033EB
:100FB00002F8013C831EBB4280F03A840DF1A90285
:100FC00013F8011BBB4202F8011FF9D15CAB181AE0
:100FD000A0F1AD031C93129B1C9A012B1A440D9295
:100FE00040F374830D9B189A13440D932BF4806384
:100FF00043F4807B00230D9A149322EAE272069256
:1010000013931193159B002B40F021819DF897209D
:101010000A93FFF771B80F9B0B9A1B681A80FFF7B2
:10102000C8B943F3C01211465BB2FFF70FB958239A
:101030008DF8993030238DF898300A9B4BF0020BD5
:10104000632B00F30083002343AD0E9338E528465D
:10105000FCF7F8FC119B20EAE0714FF07309CDE931
:1010600013339DF897200F970D900A9306910E93D6
:10107000FFF742B85046099930AA00F063FC0028F7
:101080003EF456AFFEF771BF5046099930AA00F002
:1010900059FC00287EF462AFDDE93136279933AA86
:1010A00006E7886DFCF778FBFEF716BF02230A9A65
:1010B0000132069200932EAB069E049329AB039354
:1010C00027AB019602935046DDE9222301F0E8FFA9
:1010D00029F02007462F054618BF4527064405D1AD
:1010E0002B78302B00F02B82279B1E440022DDE959
:1010F000220100230BF066FE002840F05A822E9B4E
:10110000B34206D230215A1C2E9219702E9B9E4259
:10111000F9D8279A11925B1B472F12933FF413AF14
:10112000462F00F01A82119B013B17E727AADDE941
:10113000220101F0DFFE00224FF07F530BF0DAFBBB
:1011400002460B46CDE90623002200230BF03AFEAF
:1011500008B1012327930A9B414A591E414B2E4651
:10116000B9F1610F08BF1A460D94CDF84490CDF83F
:1011700048B01395D346DDE90645894692460A9262
:1011800007E0002200230BF01DFE002840F0EE8255
:10119000B9460022344B204629460BF0ABFB0D46E6
:1011A00004460BF057FE80460BF03AFB02460B4616
:1011B000204629460BF0E6F91AF80830B9F1FF3F4E
:1011C000324604460D4609F1FF3706F8013BD8D1F7
:1011D0001746264B0022CDE90645DA46DDE912B571
:1011E000DDF844900D9C0BF015FE002800F02483E0
:1011F0000A992E9716F8012CC97B33468A4209D1E9
:10120000302003F8010C2E9B5A1E2E9213F8012C4D
:101210008A42F6D0392A0BBF0A9A0132927AD2B2A8
:1012200003F8012C33465B1B1293279BB9F1610F26
:10123000119303F1FF33279300F0BA8250224FF04D
:10124000410901218EE60A9B0693032332E72D22F2
:1012500000238DF897200A93FEF751BFCDCCCCCC5C
:101260006819020054190200000030400000E03FFD
:10127000DDE91123934200F3A8811BF0010F119BBC
:1012800000F05482189A13440D931BF4806F00F001
:101290005982119B4FF06709002B00F372810D9B5F
:1012A00023EAE37306930023C346CDE91333A9E68B
:1012B000002350461946CDF8008029AA05F042FDCA
:1012C000034601330D9000F0F581299586E5209BBA
:1012D0001D99ED1A1A46284600F0C4FF7B7803B129
:1012E00001374FF0000EE8E416460133159A3E44EC
:1012F000072BCDE931362260676000F3CF810834D7
:10130000FFF7A1BA2D228DF89720FEF7E4BE129BBD
:101310002246EB180A93139B4C46002B3146DDF80E
:101320005080CDF844B0DDF86C90209EDDF824B0FC
:1013300014952EDDB8F1000F7DDD08F1FF383198EE
:101340001D9B013031440728C2E9003632913190AB
:1013500066DC08320A9B99F800001F1B8742A8BF71
:101360000746002F0BDD3198394401300728C2E9C8
:1013700000473291319064DC99F800000832002F68
:10138000B4BF0546C51B002D15DC0444139B002B80
:10139000D0DCB8F1000FD0DCCDF86C90A146149DE4
:1013A000129B1446EB1899450E4628BF9946DDF866
:1013B00044B0FFF74FBA102D3198AF4B23DD0D9499
:1013C00010272C461D4604E0103C102C02F10802A8
:1013D00016DD0130A84B10310728C2E90037CDE9EE
:1013E0003101F1DD5946504630AA00F0ABFA002831
:1013F0007EF4B4ADDDE93101103C102C33AAE8DCF9
:101400002B4625460D9C013029440728CDE93101A2
:101410001360556043DC99F8000008320444B5E7D6
:101420005946504630AA00F08DFA00287EF496AD59
:10143000329933AA8EE7139B09F1FF39013B1393CD
:101440007DE75946504630AA00F07CFA00287EF429
:1014500085AD99F80000329933AA90E75046099972
:1014600030AA00F06FFA00287EF478AD2799329EFA
:1014700033ACFFF7C6BA22912D2103F10043159139
:101480002393FFF72BBB0D9B9DF89720CDE91333DA
:101490000F9706930A9311930E93FEF72DBE5946AC
:1014A000504630AA00F04EFA00287EF457AD99F865
:1014B0000000329933AA044468E75046099930AADB
:1014C00000F040FA00287EF449AD329E33ACFFF7BD
:1014D000B1B97823ACE55046099930AA00F032FA48
:1014E00000287EF43BAD279B329E33ACFFF7BBB99F
:1014F00062491591FEF736BEDC0707D4099B9B892C
:10150000980503D4099B986DFCF746F94FF0FF331B
:101510000B93FEF735BD00230E460A93FEF746BC3B
:101520005046099930AA00F00DFA00287EF416AD55
:10153000279D129B329E33AC5D1BFFF7AAB9002298
:10154000DDE9220100230BF03DFC002800F0328190
:10155000279B1E441193731B129311990A9A0BF047
:101560000103002943EA020340F34381002B40F0CA
:1015700017814FF06609119B0D931BF4806F3FF4A8
:101580008EAE1B990B78FF2B00F072810026119A0A
:10159000304604E001300131FF2B00F0D680934249
:1015A00080F2D380D21A4B78002BF3D10B7801361E
:1015B000F2E7279A33461192ADE50A9B4727C618F2
:1015C00094E52E4A1592FFF70AB9129B189A9A18B9
:1015D000119B0D92002B40F3AB804FF06709CCE7D5
:1015E000002343AD0E9309E44F4210311DDADFF8BA
:1015F00088801024CDF8548003E00832103F102F6B
:1016000015DD01331036072BC2E90084CDE93136F0
:10161000F3DD5046099930AA00F094F900287EF4D1
:101620009DACDDE9313633AAE8E713491591013362
:1016300015993E44072BCDE931361160576000F310
:10164000CB80083237E45046591CFCF73BFC05467A
:10165000002800F0E5800E90FFF732BA00293FD154
:1016600030228DF8AA200DF1AB02303302F8013B95
:101670002AABD31A1C93AEE4F01C0200001D02003A
:101680000A9B002B7FF41BAA0A9B0E9301230A934B
:10169000FFF716BA804A1592FEF7A8BF504609997F
:1016A00030AA00F04FF900287EF458AC329E33ACDB
:1016B000FFF7C9B80022D346099B0E92B3F90C304C
:1016C00043F04003099A9381FEF749BC1BF0010FD8
:1016D0003FF48CAC86E406230E900A93FFF7F0B932
:1016E0000DF1AA02C1E7179B0320002BB8BF2D22E2
:1016F0004FF00003A8BF9DF8972019460E93674D41
:10170000674BB8BF8DF897202BF0800B0690FEF743
:10171000EABC0A9B4FF07309CDE913009DF89720AE
:101720000F9706930D930A90FEF7E6BC0D93ACE578
:10173000C3F101031A4422EAE2734FF067090D92E4
:101740000693B0E54FF06709A9E5CDE913061B91B3
:101750001192DDE91323209913440D9AC34601FB2E
:1017600003230D9323EAE37306934BE449460029D0
:10177000DA46DDE912B50D9CDDF84490FFF652AD76
:101780004B1C30223146334401F8012B8B42FBD1F4
:1017900049E50A9BDDF83490069C0D93FFF71EBBCC
:1017A0001346189A4FF0660913440B440D93E4E670
:1017B000702246E5069BC3F10103279395E4099A3D
:1017C000536EDF073FF5A2AE93899E053FF59EAEAF
:1017D000906DFBF7E1FF99E65046099930AA00F0B9
:1017E000B1F800287EF4BAABDDE9313633AAFFF751
:1017F00062BB2BB901234FF0660906930D9352E5A6
:10180000189B4FF0660903F1010B0A9B5B440D9393
:1018100023EAE373069346E51F4B1593FFF75BBB83
:10182000099AB2F90C3043F040039381FEF7A0BB54
:1018300002231C93FFF7CFBB0022DDE90601194B01
:101840000BF0C0FA00283FF4EDAC18F0010F3FF4A4
:10185000E9ACCDE40F9A73780E4652F8041B0F9250
:1018600041EAE1720A92FEF79FBA0B4A15923CE5F3
:101870000023CDE913336CE7099BD346B3F90C3051
:1018800043F040031EE7099BD346B3F90C300E909A
:1018900043F0400316E700BFF01C0200501902009D
:1018A0004C1902000000E03F8C4600B58646134606
:1018B000034A714610685DF804EB6246FEF7F2B920
:1018C000CC000020F0B54FF480640026ADF26C4DE2
:1018D0001AADCDE905461F46064600950495154606
:1018E0008B8916A823F00203ADF80C304B6E0294DE
:1018F0001993CB890C46ADF80E30CB6907934B6A30
:101900000993FBF739FF2A463B4669463046FEF706
:10191000C9F9051E07DB6946304600F01FF90028AB
:1019200018BF4FF0FF35BDF80C305B0603D5A38917
:1019300043F04003A3811698FBF722FF28460DF2DF
:101940006C4DF0BD936810B514461BB918460023C2
:10195000636010BD00F066F90023A360002363609C
:1019600010BD00BF70B500293FD006460C4610B12F
:10197000436B002B3CD0636EB4F90C20DD0732D4EE
:10198000900538D52146304600F054F8E36A054604
:1019900033B13046E16998470028B8BF4FF0FF35B2
:1019A000A3891A0639D4216B41B104F1400399424D
:1019B00002D03046FCF77AF900232363616C21B131
:1019C0003046FCF773F900236364FBF72BF9002220
:1019D000636EA281DB071CD5A06DFBF7D1FEFBF780
:1019E00027F9284670BD002ACCD10025284670BDB5
:1019F000FBF7FAF8BFE7A06DFBF7C6FEB4F90C30B1
:101A0000002BBFD1636ED907EFD4A06DFBF7C4FEE6
:101A1000EBE7A06DFBF7C0FEDEE730462169FCF77F
:101A200045F9C0E7024B01461868FFF79BBF00BFAE
:101A3000CC000020B1F90C20F8B516070C4607467B
:101A400048D4496842F400630029A3815FDDA56A98
:101A5000002D3DD0002112F480523E683960E169CA
:101A600061D101233846A847451C02466AD0B4F923
:101A70000C30A56AE169580705D56368D21A236B53
:101A80000BB1E36BD21A00233846A847411C4CD156
:101A90003968B4F90C301D293FD82F4ACA40D20703
:101AA0003BD5002262602269DD04226023F40062DB
:101AB000A28101D5002943D0216B3E6041B104F1E0
:101AC0004003994202D03846FCF7F0F80023236324
:101AD0000020F8BD0E69002EFAD0920718BF00232F
:101AE0000D6808BF4B690E60AD1B8B600CE02B4688
:101AF0003246D4F824C03846E169E047B0F1000C22
:101B0000A5EB0C05664406DD002DF0DCE0E7E16B9B
:101B100000299CDCDCE7B4F90C3043F040034FF0C3
:101B2000FF30A381F8BD226DA5E70022B4F90C3087
:101B300062602269226023F40062DB04A281BBD5CB
:101B40002065B9E73B68002B91D01D2B01D0162BE7
:101B5000E1D13E60BCE700BF0100402038B505463A
:101B60000C4608B1436B03B3B4F90C0088B1636E43
:101B7000DB0701D481050FD528462146FFF75AFF20
:101B8000636E0546DA0702D4A3899B0508D528466B
:101B900038BD0546284638BDA06DFBF7F5FDEBE7DF
:101BA000A06DFBF7F9FD284638BDFBF71DF8DBE714
:101BB00050B338B5174B04461D680DB16B6BBBB104
:101BC000B4F90C0088B1636EDB0701D4810513D52D
:101BD00028462146FFF72EFF636E0546DA0702D43A
:101BE000A3899B050CD5284638BD0546284638BD37
:101BF0002846FAF7F9FFE3E7A06DFBF7C5FDE7E735
:101C0000A06DFBF7C9FDEEE7034A04490448FBF762
:101C100039B800BFCC000020C00000205D1B0100CF
:101C2000D00000209368002B00F0F0802DE9F04FE9
:101C3000B1F90CC090461CF0080F81460C4683B0E9
:101C40002BD00B694BB31CF00207D8F8006032D0E0
:101C50004FF0000A5546D4F824B0E169AB4FC5B146
:101C6000BD422B46524628BF3B464846D84700282F
:101C700040F3C280D8F8083082441B1A2D1AC8F8E5
:101C80000830002B00F0AE80D4F824B0E169002DBC
:101C9000E6D1D6E900A50836E1E721464846FBF73C
:101CA000EDFA002840F0AD80B4F90CC0D8F800601F
:101CB0001CF00207CCD11CF0010A63D157462368FF
:101CC000A16818468B46002F58D01CF4007F00F006
:101CD000B180B9420A4600F2DD801CF4906F2FD02B
:101CE000216962695D1A02EB420202EBD2726B1C3F
:101CF00052103B44934292BF93469B461A461CF4B3
:101D0000806F00F0E68011464846FCF7DBF80028BB
:101D100000F0F5802A4621690190FBF71DFEA2899B
:101D2000019B22F4906242F08002A2815819C4F80B
:101D300014B0ABEB05053A46BB462361A5602060B5
:101D40003D4600275146019200F00EFAA168236833
:101D5000019AA1EB0B011A44A1602260D8F8083067
:101D6000AA445B1BC8F80830002B3BD02368A1684D
:101D700018468B46B4F90CC0002FA6D1D6E900A7AF
:101D800008369EE73846BB463D46002D40D0002829
:101D900045D03A46D4E904C32068AA4228BF2A465F
:101DA0006045A16804D901EB030A524500F3828023
:101DB000934272DC5A464846E169D4F824C0E047B1
:101DC000B0F1000A18DDB7EB0A070FD00120D8F8F0
:101DD0000830D344A3EB0A03A5EB0A05C8F8083082
:101DE000002BD2D1002003B0BDE8F08F2146484639
:101DF000FFF7B4FE0028EAD0B4F90C3043F04003FA
:101E0000A3814FF0FF3003B0BDE8F08F0020704792
:101E1000756833460836002DFAD0D3F800B02A464C
:101E20000A21584601F016F8002865D00130A0EBD1
:101E30000B07AEE722699A4214D36569BD4211D8F7
:101E40006FF00043BB4228BF3B4693FBF5F352467D
:101E500005FB03F34846656AE169A847051ECBDD2B
:101E60007F1B7BE7B94228BF39460D4618465146CD
:101E70002A4600F079F9A1682368491B2B44A16028
:101E800023600029ECD121464846FFF767FE002871
:101E9000E6D0B1E7BB463A4652E75946019200F018
:101EA00063F9019AA36892469B1AA36023681344BE
:101EB000236088E75946524600F056F923682146C8
:101EC000534448462360FFF749FE00283FF47BAFA8
:101ED00092E7484603F00EF8034600287FF426AF49
:101EE00048462169FBF7E2FE0C22B4F90C30C9F830
:101EF000002023F0800381E76A1C17464AE70C2282
:101F0000B4F90C30C9F8002078E700BF00FCFF7F6F
:101F10002DE9F041B1F90C300C46990796B008D57F
:101F2000012204F14303C4E90432236016B0BDE882
:101F3000F081B4F90E100646002926DB6A4600F04F
:101F4000E5FE00281FDB019D4FF4806805F4704515
:101F5000A5F50055B5FA85F54FF400676D094146C2
:101F60003046FBF7AFFFE8B1B4F90C30C4F8148089
:101F700043F0800320602061A3813DBB3B43A381EC
:101F800016B0BDE8F081B4F90C3013F0800519D01B
:101F90004FF040080025414630462F46FBF792FFA0
:101FA0000028E1D1B4F90C309A05BFD4012123F007
:101FB000030304F1430243F00203C4E90421A381B3
:101FC0002260B3E74FF480682F46C8E73046B4F983
:101FD0000E1000F0AFFE10B9B4F90C30CEE7A389B3
:101FE00023F0030343F001031BB2C7E770B50C46AF
:101FF000B1F90E10154600291E4696B014DB6A464C
:1020000000F084FE00280FDB01994FF4806301F497
:102010007041A1F50051B1FA81F14FF40060490916
:1020200031602B6016B070BDA18911F0800106D01F
:1020300000214023084631602B6016B070BD4FF47C
:102040008063084631602B6016B070BD70B50D78A6
:1020500004465E2D25D04FF0000EF446481C0022A9
:1020600023466EF307026EF30F226EF3174204F558
:1020700080716EF31F6243F8042B8B42FBD175B164
:102080008CF00101615500F1010E1EF8013C2D2B71
:102090000FD05D2B0BD01BB11D467046F2E7013807
:1020A00070BD4FF0010E4D78F446881CD7E770469E
:1020B00070BD90F801C0BCF15D0FEDD06545EBDC63
:1020C0006E1C0230A21902F8011B131B013B9C4538
:1020D000F9DCACEB0503013B6545A8BF00230EF11D
:1020E000020EF518D1E700BF0CB470B50C46002500
:1020F0006FF000469CB00A4A20AB059253F8042BBF
:1021000002A9CDE901341B9504960796069406F0C2
:10211000EDFA029B1D701CB0BDE8704002B0704724
:102120000802FFFF0EB470B504466FF000460025AC
:102130009DB00B4A21AB0B49106853F8042B059155
:1021400002A9CDE90134049607961B95069406F082
:10215000CDFA029B1D701DB0BDE8704003B0704702
:10216000CC0000200802FFFF88420ED98B18834262
:102170000BD900EB020C002A6DD0624613F801CD9A
:10218000994202F801CDF9D170470F2A0FD80346C2
:1021900002F1FF3C002A5ED00CF1010C013B8C44A3
:1021A00011F8012B614503F8012FF9D1704740EA7E
:1021B00001039B0750D1A2F1100370B501F1200C6F
:1021C00023F00F0501F1100E00F11004AC441B09BF
:1021D0005EF8105C0EF1100E44F8105C5EF81C5CAA
:1021E000103444F81C5C5EF8185C44F8185C5EF827
:1021F000145CE64544F8145CEAD1013312F00C0F8C
:1022000001EB031102F00F0400EB031328D08E46FC
:10221000043C24F003064FEA940C1E441C1F5EF895
:10222000045B44F8045FB442F9D10CF1010402F0FC
:10223000030203EB840301EB840102F1FF3C4AB18A
:102240000CF1010C013B8C4411F8012B614503F8A2
:10225000012FF9D170BD7047034602F1FF3C9BE7A7
:102260002246EAE740EA01039B0710B524D1032A7E
:1022700022D98E468446DEF800407146A4F101332F
:1022800023EA040313F0803F0EF1040E15D1043A43
:10229000032A4CF8044BEED8714601F1FF3E52B1CF
:1022A00063461EF8011F541E03F8011B41B122466C
:1022B0009C46002AF4D110BD844601F1FF3EEEE7B2
:1022C0009444002CF7D003F8011B6345FBD110BDEB
:1022D00040EA01039B0710B4044602D1032A8C464E
:1022E00015D801F1FF3C52B123461CF8011F501EC6
:1022F00003F8011BC1B102461C46002AF4D1204656
:1023000010BC7047043A032A44F8040B16D9DCF8D1
:1023100000006146A0F1013323EA000313F0803F7F
:102320000CF1040CEED0DCE760B1A01803F8011B3F
:102330008342FBD1002CE2D110BC7047614601F111
:10234000FF3CD0E71846002CD9D1F5E7F8B5114D80
:102350001149124800F020FD2C4605F1A006A5F118
:10236000200721463846FBF719FA203418B9B44241
:10237000F7D10A48F8BD0A4F084C3946204608F004
:102380006FF829462046203508F06AF8B542F4D1A6
:102390000248F8BD50070020300700202806002022
:1023A000881902002DE9F04F00EB411705460E4653
:1023B0008FB0394610461446FBF7F0F918B9384685
:1023C0000FB0BDE8F08F2046A749FBF7E7F90028DA
:1023D00000F0B2802046A549FBF7E0F970B32378FE
:1023E000432B00F0AE80613B192B16D86378613B1C
:1023F000192B12D8A378A3F16102192A96BFE378AA
:1024000004F1020904F103095F2B08D02E2B00F020
:10241000BF8213F0BF0F00F0AD800027CFE799F81F
:102420000130413B192BF8D899F80230413B192B68
:10243000F3D899F8033009F10309E7E70DF118081B
:1024400040468B4900F0A8FC4FF00009CA46CDF881
:1024500004909DF81830413B342BDED801A252F88D
:1024600023F000BF5F2801001B24010001280100A8
:102470001B240100C52701001B2401009127010036
:102480001B2401007728010071270100B5260100F7
:102490001B2401001B2401001B2401001B2401003C
:1024A000512601001B2401001B2401000726010006
:1024B000A7250100272601001B2401001B24010081
:1024C0001B2401001B2401001B2401001B2401000C
:1024D0001B2401001B2401001B2401001B240100FC
:1024E0001B2401005F2801001B24010001280100BA
:1024F0001B240100C52701001B24010091270100B6
:102500001B2401007728010071270100B526010076
:102510001B2401001B2401001B2401001B240100BB
:10252000512601001B2401001B2401000726010085
:10253000A72501002726010020464C4900F02CFC6D
:1025400048E763782D3B012B3FF667AF04F10209A2
:102550000DF118084946404600F01EFC4021404657
:10256000FAF73EFF08B1002303704046FBF76AFA12
:10257000814405E00DF1180840463E4900F00CFC8E
:1025800099F80030402B7FF45FAF09F1010B5846FA
:102590003949FBF703F98246002840F0FC8101230A
:1025A0008146019355E703224046344907F09CFFDA
:1025B00000287FF432AF9DF81B3031492D2B14BF1A
:1025C0000DF11B0007A8FBF7E9F800287FF425AF01
:1025D00040462C4900F0E0FB4FF0010B2A4B2B4A00
:1025E000022E00F0A881062E04D1414605F5A57003
:1025F00000F0D2FB2146384600F0CEFB07463846B5
:102600000FB0BDE8F08F4046214907F007FF0028D2
:102610007FF403AF40461E4900F0BEFB4FF0020BB3
:102620001C4B1D4ADCE740461C4907F0F7FE30B161
:1026300040461B4907F0F2FE00287FF4EEAE40460C
:10264000164900F0A9FB4FF0060B164B164AC7E7D8
:102650004046164907F0E2FE00287FF4DEAE404611
:10266000134900F099FBB7E78C1902009419020096
:1026700098190200A0190200AC1902005C1A0200AD
:10268000601A0200641A0200D93F01006D66010061
:10269000F0190200D941010029670100CC1902009C
:1026A000D419020005400100896601004C1A02009D
:1026B000541A020004224046C84907F015FF0028BA
:1026C0007FF4ABAE9DF81C302D2B08BF9DF81D305C
:1026D000523B232B3FF6A1AE01A252F823F000BFDC
:1026E0002D2901001B2401002329010019290100C3
:1026F0001B2401001B2401001B2401001B240100DA
:102700001B2401001B2401001B2401001B240100C9
:102710001B2401001B2401001B2401001B240100B9
:102720001B2401001B2401001B2401001B240100A9
:102730001B2401001B2401001B2401001B24010099
:102740001B2401001B2401001B2401001B24010089
:102750001B2401001B2401001B2401001B24010079
:102760002D2901001B240100232901001929010042
:1027700040469B4907F052FE00287FF44EAE40468B
:10278000974900F009FB4FF0080B964B964A27E754
:1027900008224046954907F0A7FE00287FF43DAE89
:1027A0009DF8203092492D2B14BF08A80DF121006F
:1027B00007F034FE00287FF430AE40468D4900F02B
:1027C000EBFA09E7032240468B4907F08DFE00280B
:1027D0007FF423AE9DF81B3088492D2B14BF0DF1DB
:1027E0001B0007A807F01AFE00287FF416AE40462B
:1027F000834900F0D1FA4FF0030B824B824AEFE697
:102800009DF8193003F0DF03502B7FF406AE02224F
:102810007E494046FFF726FD0A2205A90DF11A0060
:1028200003F054FE059B1B78002B7FF4F6ADB0F54A
:10283000697F3FF4F3AE00F3B88040F26A33984208
:102840003FF7EBAD40F25133984240F3F780704BC5
:10285000A0F25230C340DB073FF5BEAEDDE5404697
:102860006C4907F0DBFD00287FF4D7AD404669498D
:1028700000F092FAB0E603224046674907F034FEC2
:1028800000287FF4CAAD9DF81B3004222D2B14BF05
:102890000DF11B0B0DF11C0B5846604907F024FE8F
:1028A00000287FF4BAAD9BF804300A222D2B14BF08
:1028B0000BF104000BF1050005A903F007FE431E10
:1028C0000F2B83463FF6A9AD0C283FF4A6AD059B20
:1028D0001B78002B7FF4A1AD5149404600F05CFA13
:1028E000BBF10A0FC4BF31238DF821304FF0000334
:1028F0004C49CCBF0DF122020DF12102537081FB36
:102900000B314FEAEB73C3EBA10303EB8303ABEB98
:102910004303303313705FE64046434900F03CFA0E
:102920005AE64046414900F037FA55E640464049EC
:1029300000F032FA50E6414605F59570CDE90223E4
:1029400000F02AFA029A039B41462846C5F8E02087
:10295000C5F8E43085F828B1FAF716F8B9F1000F98
:102960000CD1BAF1000F09D1BBF1010F06D09DF8CF
:102970001890B9F1550918BF4FF00109019B13B91F
:10298000C5F8E89036E64FF0FF33C5F8E83031E699
:1029900009F10109DCE558462649FAF7FFFE8146B0
:1029A00070B94FF0010A019053E540F26543984237
:1029B0003FF412AEA0F2E24008287FF60DAE2CE5FF
:1029C00058461D49FAF7EAFE4FF0000AB0FA80F9BE
:1029D000CDF804A04FEA59193BE500BF141A0200D4
:1029E000DC19020029430100ED670100341A0200DE
:1029F000401A0200441A0200E0190200E419020021
:102A0000E8190200694201007D670100101A020006
:102A1000A511010198190200F8190200FC19020021
:102A2000041A020067666666241A02002C1A020065
:102A30001C1A0200B8190200C419020040F2E12376
:102A400098423FF4C9AD09DC40F2B51398423FF417
:102A5000C3ADB0F5347F7FF4E0ACBDE540F20733A1
:102A600098427FF4DAACB7E538B50D460E49044616
:102A700001F0A0FA08B1037893B90C4B204653F843
:102A8000251001F097FA08B103784BB920460849A0
:102A900001F090FA28B10278064B002A08BF1846C8
:102AA00038BD044838BD00BF6C1A02007C1E02000D
:102AB000741A02007C08002006292DE9F84F804690
:102AC00065D88B469246002A00F09C80DFF8EC9196
:102AD0007B4E4C46354609F1C00729462046203436
:102AE00000F05AF9BC4205F12005F6D19AF8003001
:102AF0009BBBBBF1000F40F08B8001246F4F214640
:102B00004046FFF7B1FF0546FAF79CFF1F283ED865
:102B100038462946013400F03FF9072C07F1200719
:102B2000EDD1DFF8A0B101245D46644FDFF898A134
:102B30003146284600F030F93A4621465046FFF724
:102B400031FC203520362037002872D00134072C84
:102B5000EED1BDE8F84FFFF7F9BBBBF1000F1BD07A
:102B60005046FAF76FFF1F2811D8584C514604EB16
:102B70004B14204600F010F9224659465248FFF700
:102B800011FC0446FFF7E2FB2046BDE8F88F16274C
:102B90000024C8F80070F7E72F215046FAF720FC10
:102BA000044600287BD042782F2A08BF431C04D15A
:102BB0001C4613F8012F2F2AFAD0002AE7D001254E
:102BC000DFF8F8B0A4EB0A021F2AE0DC51465846B1
:102BD000013207F065FC237801352F2B03D114F85F
:102BE000013F2F2BFBD0002B48D0224612F8013F8B
:102BF0000BB12F2BFAD1072D0BF1200B91D0A24650
:102C00001446DFE7002948D02F4C04EB4114BBE702
:102C100059464046FFF728FF0546FAF713FF1F28DD
:102C2000B5D82A4C294604EB4B14204600F0B4F8E2
:102C3000A2E7012CD8F80070AAD00125224EDFF8B7
:102C400090A006E00135A54209F120090BF1200B07
:102C50009ED05946484600F09FF84A4629463046DD
:102C6000FFF7A0FB0028EDD15146484600F094F84C
:102C70004A4629463046FFF795FBE3E7072D3FF428
:102C800050AF124C04EB45142046A4F1200120342F
:102C900000F082F8BC42F7D143E70E4C74E750468F
:102CA000FAF7D0FE1F283FF672AF044C204651467B
:102CB000203400F071F8BC42F8D132E79C62002069
:102CC00030070020BC610020100700207C6200203B
:102CD0009419020028060020014B93F82801704740
:102CE0001007002003460A46024908681946FFF704
:102CF000E3BE00BFCC000020F030704700487047B2
:102D000000080020004870470008002070B5002629
:102D1000074D0446084611462E60EDF794FD431C0E
:102D200000D070BD2B68002BFBD0236070BD00BFAE
:102D3000B05F0020002238B5064D044608462A60E0
:102D4000EDF797FD431C00D038BD2B68002BFBD05E
:102D5000236038BDB05F0020002238B5064D044620
:102D600008462A60EDF7E2FD431C00D038BD2B6811
:102D7000002BFBD0236038BDB05F0020082802D1B3
:102D80004FF48050704708B5FAF7B2FC162203469C
:102D90004FF0FF301A6008BD80EA0102844612F04D
:102DA000030F4FD111F0030F32D14DF8044D11F044
:102DB000040F51F8043B0BD0A3F101329A4312F0F7
:102DC000803F04BF4CF8043B51F8043B16D100BFD0
:102DD00051F8044BA3F101329A4312F0803FA4F161
:102DE00001320BD14CF8043BA24312F0803F04BFE8
:102DF00051F8043B4CF8044BEAD023460CF8013B55
:102E000013F0FF0F4FEA3323F8D15DF8044B7047FE
:102E100011F0010F06D011F8012B0CF8012B002A3C
:102E200008BF704711F0020FBFD031F8022B12F02B
:102E3000FF0F16BF2CF8022B8CF8002012F47F4FE6
:102E4000B3D1704711F8012B0CF8012B002AF9D1EE
:102E5000704700BF5FFA81FC810744D00346511ED2
:102E600022B909E09A0709D0013905D3184602783A
:102E700001336245F6D17047002070471846032998
:102E80000CD80029F8D00346014401E08B42F3D06E
:102E9000184613F8012B6245F8D1704710B50CEBBA
:102EA0000C24024604EB044402E00439032915D93A
:102EB000104652F8043B6340A3F1013E2EEA03039F
:102EC00013F0803FF1D00346014401E08B4208D06B
:102ED000184613F8012B6245F8D110BD10460029A1
:102EE000F1D1002010BD1146C9E700BF004870476E
:102EF0000000C07FF8B50027DFF858C021F000437C
:102F0000634504460D46176021D8844653EA0C0CED
:102F10001DD0DFF844C0164601EA0C0C0A46BCF18D
:102F2000000F09D100220D4B09F0E4FC6FF03507CA
:102F300004460A4621F000431B156FF31E52A3F20C
:102F4000FE333B4442F07F55336045F40015204684
:102F50002946F8BDFFFFEF7F0000F07F00005043DF
:102F60002DE9F04F03690C6985B0A342C0F291804E
:102F70008146013C01F1140509F1140855F824308B
:102F800058F824C001339C45BCFBF3F64FEA84009B
:102F900005EB840708EB840243D34FF0000CAA46EC
:102FA000CDE90105C646634665469346CDF80C80DB
:102FB0005AF8040BDEF800201FFA80FC06FB0C55C3
:102FC0004FEA10484FEA154C06FB08CCADB290B260
:102FD000401B18441FFA8CF3C3EB204303EB12434E
:102FE00080B240EA034057454EF8040B4FEA1C45B7
:102FF0004FEA2343DCD2DDE90105DDF80C8058F807
:10300000003073B9ABF10402904504D307E090455A
:1030100004F1FF3403D252F80439002BF7D0C9F879
:103020001040484601F0FAFC00282EDB4146002201
:1030300055F8040BD1F800C01FFA80FE1FFA8CF37C
:10304000A3EB0E031344020CC2EB234202EB1C421F
:103050009BB243EA0243AF4241F8043B4FEA2242AB
:10306000E6D258F8242008EB84036AB9043B4345B0
:1030700004D807E0984504F1FF3403D253F804293B
:10308000002AF7D0C9F810400136304605B0BDE837
:10309000F08F002005B0BDE8F08F00BF00000000F9
:1030A0002DE9F04F16461F46816B9DB0CDE90667AE
:1030B000299D039049B10123C26B044693408B6064
:1030C0004A6001F0F7F90023A363B7F10009B4BF28
:1030D000012300232B60784BBCBF29F00049CDF8B9
:1030E0001C9033EA090300F0AD80DDE90634184690
:1030F000214600220023CDE9040109F063FE804649
:1031000068B10123289A13602A9B13B16B4B2A9A4A
:1031100013606B4B089308981DB0BDE8F08F1AAB95
:1031200001931BAB00930398DDE9042301F0D4FD68
:103130005FEA1955824640F09B80DDE91A854544D7
:1031400005F23243202B40F38B83C3F1400309FA8D
:1031500003F905F2124326FA03F349EA030009F0E2
:103160004FFB0123013D1193A1F1F8710022554B52
:1031700009F008FA4AA3D3E9002309F0BBFB4AA3EC
:10318000D3E9002309F000FA064628460F4609F065
:1031900047FB47A3D3E9002309F0ACFB02460B46EB
:1031A0003046394609F0F0F906460F4609F052FE5E
:1031B00000220446099000233046394609F00CFEEF
:1031C000002840F02383099CA8EB050808F1FF3391
:1031D000162C0A9300F28F81DDE904013A4B03EBD0
:1031E000C403D3E9002309F0F7FD002872D0631E61
:1031F00009930023109308F1FF33002BC0F2828162
:1032000000230B93099B002B6ADA099B0B9A0E9300
:10321000D21A5B420F9300230993269B0B92092B32
:1032200068D8052B40F321830025043B2693269B79
:10323000023B032B00F23F86DFE813F070046D04BD
:103240006404480442F20F73289AC9F3130959EA37
:10325000060913601CD12A9B002B00F04C861B4BE7
:10326000089308332A9A089813601DB0BDE8F08FC0
:10327000DDE90412C2F31303084643F07F51CDF891
:103280004480A5F2FF35DDF8688041F440116DE718
:103290002A9B002B40F0F5830D4B08933BE700BFC2
:1032A00061436F63A787D23FB3C8608B288AC63F4C
:1032B000FB799F501344D33F0000F07F8519020033
:1032C000841902000000F83F881F0200C41A02009F
:1032D000D01A0200B8F1000F40F3A88410900B90B0
:1032E000DDE9092313440A9300230F93269B0E92D2
:1032F000092B96D9002301254FF0FF3B26932793F6
:103300000C950021039BCDF860B0D963039801F0C0
:10331000ABF80890002800F0D785039B089ABBF112
:103320000E0F9A6300F21981002D00F016810E999C
:10333000002940F34984B44B01F00F0203EBC203B0
:10334000C8054FEA2115D3E9006740F10A84DDE999
:103350000401AE4B4FF00309D3E9082309F0F4FB55
:10336000CDE9120105F00F058DB1DFF8A082E90764
:1033700009D5D8E900233046394609F0BBFA06469C
:103380000F4609F101096D1008F10808EFD1DDE9D8
:1033900012013B46324609F0D7FB07468846109B90
:1033A00043B1002238464146994B09F015FD0028EB
:1033B00040F01085484609F033FA3A46434609F092
:1033C00099FA0022934B09F0DFF80446A1F15075F9
:1033D000BBF1000F00F0AA800E9BCDF848B0199306
:1033E0004146384609F036FD1299874BCDE9144520
:1033F00003EBC10353E902340546CDE9163409F065
:103400000FFA0B4602464146384609F0BBF8089FC2
:103410000C9B30357E1CECB2804689463546002B2D
:1034200000F06E84DDE9162300207B4909F08CFB57
:10343000DDE9142309F0A6F83C7042464B460446E9
:103440000D4609F0E7FC002840F0BB84CDF850A001
:10345000CDF858B00027AB46A246129D2AE00137AE
:10346000AF4280F201855046594600226B4B09F06D
:1034700041FA0022694B82468B464046494609F094
:1034800039FA8946804609F0E5FC044609F0C8F996
:1034900002460B464046494609F074F8303452461D
:1034A0005B4606F8014B8046894609F095FC0028EA
:1034B00040F0D78442464B460020554909F062F857
:1034C00052465B4609F088FC0028C8D0199B374655
:1034D000DDF850A0089A03F1010802E0974200F0DD
:1034E0009F843E4617F8013D392BF7D00133DBB2FC
:1034F00045463B7079E10123109308F1FF33002B1F
:10350000BFF67EAEC8F101030B9300230A9379E660
:10351000484609F085F93A46434609F0EBF900229E
:103520003C4B09F031F80446A1F1507538460022B1
:103530003B4B414609F026F822462B4606460F46ED
:1035400009F068FC002840F07A843046394622466B
:1035500005F1004309F040FC28BB1B9B002BC0F287
:1035600091800E9A0E2A00F38D80274B0E9A03EB62
:10357000C203D3E90034CDE90634279B002B19DAC6
:10358000BBF1000F16DC0ED1DDE906010022244B51
:1035900009F0B0F902460B46DDE9040109F026FC0A
:1035A000002800F04C8400231F46089E0493279BAC
:1035B000DD432DE2089B5D1CDDE90678DDE90401B1
:1035C0003A46434609F0C0FA09F044FC064609F0C1
:1035D00027F93A46434609F08DF902460B46DDE9E4
:1035E000040108F0CFFF089A06F13003BBF1010F88
:1035F0002F46137000F025830125CDF810A0A846B2
:10360000DDE9069A2CE000BF881F0200601F02005F
:103610000000F03F00001C400000E03F000024409C
:10362000000014404A4653462046294609F08CFAC9
:1036300009F010FC064609F0F3F84A46534609F033
:1036400059F908F101080B4602462946204608F0C0
:1036500099FF06F13003D84507F8013B00F0EF82EF
:103660000022834B09F046F90022002304460D4650
:1036700009F0A8FB0028D5D00E9D3E46DDF810A02D
:103680000135B2E00C9A002A40F0D68000231F4694
:103690000F9E0B9D0C9365B10A9900290B4608DD1E
:1036A000A942A8BF2B460B9AED1AD21ACB1A0B923D
:1036B0000A930F9B53B10C9B13B1002E40F0FC8278
:1036C00051460F9A039801F0D9F8824601210398D8
:1036D00000F0F4FF099B0490002B40F0BD81269B75
:1036E000012B40F3D38101200A9A104410F01F00EF
:1036F00000F09980C0F12003042B40F3E2810B9B82
:10370000C0F11C00034402440B9305440A920B9B36
:10371000002B05DD51461A46039801F009F982464F
:103720000A9B002B05DDDDE903011A4601F000F9D3
:103730000490109B002B40F07481BBF1000F40F30C
:103740004B810C9B002B40F0A2800E9D0135012681
:10375000DDE90394DDF8208007E0514600230A22CA
:10376000484600F0B1FE8246013621465046FFF73A
:10377000F7FBB34500F1300008F8010BEDDCBBF1BD
:10378000000FCCBF5E46012681460024089B03EB58
:10379000060B51460122039801F0CAF804998246AB
:1037A00001F03CF9002840F3F081089A02E09345CB
:1037B00000F005821BF8013C5E46392B0BF1FF3B04
:1037C000F5D001338BF80030DDE90381404600F08D
:1037D00071FE57B12CB1BC4203D02146404600F0E7
:1037E00069FE3946039800F065FE5146039800F0E3
:1037F00061FE00233370289B1D602A9B002B3FF441
:103800008AAC08981E601DB0BDE8F08F204609F014
:1038100007F832463B4609F0D5FA00287FF4D3ACCE
:10382000631E0993CFE41C230B9A1D441A440B9288
:103830000A9A1A440A926AE7269A012A40F3B0814A
:103840000F9B0BF1FF36B342C0F26B81BBF1000F4F
:10385000A3EB060680F2F7820B9BA3EB0B056EE150
:10386000C3F1200306FA03F079E40125DFE400BF89
:1038700000002440394600230A22039800F024FE69
:10388000189B0746002B40F307839B460E96002D9E
:1038900005DD39462A46039801F04AF80746099B98
:1038A000002B40F0ED81B846089B1E46013B03EB20
:1038B0000B04069B03F00103CDE90A43039C049922
:1038C0005046FFF74DFB39468346504601F0A6F8B7
:1038D000049905464246204601F0C0F8C3680146F7
:1038E0000BF13009ABBB0990504601F097F80999EC
:1038F0000990204600F0DEFD099A002A54D1269B4B
:103900001BB90B9B002B00F0B582002D3FDBB346AB
:103910000A9B0BF8019B9E4200F0C981514600238F
:103920000A22204600F0D0FD4745824639464FF036
:1039300000034FF00A02204630D000F0C5FD41469A
:1039400000230A220746204600F0BEFD5E46804660
:10395000B5E7039800F0AEFD002D06DB069B03F0F3
:103960000102269B1D432A4329D151460122039877
:1039700000F0DEFF0499824601F050F8002840F381
:10398000F880B9F1390F00F050820BF131090E9D2A
:103990003C460135474606F8019B15E700F094FDCB
:1039A0005E46074680468AE7002DC0F29B82269B32
:1039B0001D430B9B1D4300F09582002AA7DDB9F142
:1039C000390F00F032820E9D09F101033C460135AA
:1039D000474606F8013BF7E6269B022B7FF7B1AE80
:1039E000BBF1000F40F029815B4605220499039842
:1039F00000F06AFD01460490504601F00FF80028DF
:103A000040F31B8131230E9D089E013506F8013BD2
:103A1000DDE9030100F04EFD0135002F7FF4E1AE3A
:103A2000E3E65046049900F0F9FF0028BFF685AEA2
:103A3000514600230A2203980E9C00F045FD0C9B82
:103A40008246661E002B7FF415AF189B002B40F3B7
:103A500018829B460E9D7AE601461A46039800F0AE
:103A60000DFF269B0490012B6FDD00230993049A20
:103A7000136902EB8303186900F0D0FDC0F1200048
:103A800032E69B4B08930333FFF7ECBB069B002BFE
:103A90007FF429AEDDE90612C2F31303002B7FF495
:103AA00022AE944B134033B10B9B01330B930A9B13
:103AB00001330A930123099A0993002A3FF413AEB4
:103AC000D5E73FF424AEC0F13C03ADE601230C93EF
:103AD000279B0E9A134403F1010B5E46012EB8BFDB
:103AE00001261893172E40F30182012204235B0064
:103AF00003F11400B042114602F10102F7D9039B11
:103B0000D96303E401230C93279B002B38DD9B46EC
:103B10001E461893E6E700230C93D9E700230C9385
:103B2000F2E70F9B0F96F31A0026099A1A440A9B94
:103B300009925B440A930B9B1D465B440B93012146
:103B4000039800F0BBFD0746A5E5069B002B8CD132
:103B5000DDE90601C1F313030A46002BA1D0099049
:103B600085E7DDE904344FF00209CDE91234FFF7AF
:103B7000FBBB7FF40CAF19F0010F7FF402AF06E737
:103B800001239B462793FFF7BCBB03D119F0010F1C
:103B90007FF40BAE5E461BF8013D302BFAD013E6E6
:103BA000119A002A00F09F8003F233430A9A0F9E75
:103BB0001A440A920B9A15461A440B92BFE7312316
:103BC000089A01351370FFE500F0FE80DDE904017D
:103BD0000E9A494B554205F00F0203EBC203D3E99D
:103BE000002308F087FE2D11CDE9120100F05D8160
:103BF00000234FF0020907468846404EEA070AD5DF
:103C0000D6E900233846414608F074FE01230746F2
:103C1000884609F101096D1006F10806EED1002B66
:103C20007FF4BDABDDE91278FFF7B9BBC8F1010342
:103C30000A900B931090FFF753BB089EB7E4DDF892
:103C400010A002460B4608F09FFC03460C46DDE937
:103C500006010E9D1A46CDE9043401352346A846D7
:103C600009F0BAF840B9DDE90423DDE9060109F0FD
:103C7000A9F818B1F30701D5089A32E43E46B4E535
:103C80000398796800F0F0FB0546002800F02381D6
:103C90003B6907F10C0102339A000C30F9F75CFE26
:103CA00001222946039800F043FE8046FCE50E9D64
:103CB0003C46013547466CE5039C39463246204672
:103CC00000F0DCFD074652463946204600F024FD50
:103CD00051468246204600F0EDFB0F9B9B1B0F9345
:103CE0003FF4F4ACECE41A9BC3F136035EE700BF8B
:103CF000D01A02000000F07F881F0200601F02003F
:103D0000DDE91623DDE9140108F0F4FD089BCDE997
:103D10000C011C70129B012B00F0C580129F089BA8
:103D200011961F4400227C4B4046494608F0E2FDB4
:103D30000D46044609F08EF8814608F071FD0246F2
:103D40000B462046294608F01DFC09F1300906F80B
:103D5000019BBE4280468946E4D1119D0022DDE9E7
:103D60000C016E4B08F010FC02460B4640464946DB
:103D700009F050F800286ED1DDE90C2300206749D6
:103D800008F000FC02460B464046494609F024F87C
:103D900080B91B9B002BFFF679AC0E9B0E2B3FF7D7
:103DA00075AC5F4B0E9A03EBC203D3E90034CDE947
:103DB000063401E417F8013C3E46302B07F1FF378B
:103DC000F8D0199D013510E54FF00209DDE90478BE
:103DD000FFF7E5BABBF1000F3FF49AAB189C002C3B
:103DE0007FF7BBAB0E9B3846013B4146002219933F
:103DF000494B08F07FFD02468846174609F101004D
:103E000008F00EFD3A46434608F074FD0022454B8B
:103E100008F0BAFB1294A1F150750446FFF7E0BA1E
:103E2000312308F10108FFF763BBB34639230E9D28
:103E30003C46089A474601350BF8013BBAE400239B
:103E40001F460493DEE50A9B5B440A930B9B1D46C9
:103E50005B440B9373E6199B089A03F10108FFF783
:103E600040BBDDF850A0ACE7DDF850A0DDF858B05D
:103E7000FFF773BBB9F1390FD7D0002D3FF785ADF0
:103E800085E5269B022B03DC0E9DDDF860B05EE429
:103E9000DDF860B00E96A3E5269B022BF8DCDDF87A
:103EA00060B00E96F3E4374658E74FF00209DDE9BB
:103EB0001278FFF774BA0025039B29461846DD6384
:103EC00000F0D2FA0890D0B9002240F2AF11164BA0
:103ED000164806F039FB024640F2EF21124B134818
:103EE00006F032FB002A3FF740AD50E50021039B6E
:103EF000D963FFF70BBA0E4B0893FFF70CB9039B7E
:103F0000089A4FF0FF3B9A6301232795CDF860B0E4
:103F10000C93FFF722BB00BF000024400000E03FED
:103F2000881F020000001C40D41A0200E81A020098
:103F3000C41A02002DE9F047DFF8749007460E46D8
:103F4000904606F05DFBD9F800504DB133781C4621
:103F50006BB1344602E014F8013F3BB13D2BFAD17E
:103F6000384606F053FB0020BDE8F087A41B286804
:103F70000028F5D022463146F9F79AFA28B9286880
:103F8000035D00EB040A3D2B04D055F8040F002814
:103F9000F0D1E5E7D9F800303846EB1A9B10C8F8A5
:103FA000003006F033FB0AF10100BDE8F08700BFE6
:103FB0002000002000B583B001AAFFF7BBFF03B0CB
:103FC0005DF804FB10B4034CD4F8E440A44610BCE4
:103FD000604700BF1007002082B049B15AB16BB1F1
:103FE00013780B601278101E18BF012002B07047C2
:103FF00001A9002AF3D1104602B070476FF001000A
:10400000F4E700BFF0B583B08646089E002937D09C
:104010009AB3002B00F0C48035683DBB14784FF094
:10402000010C44B37F2C58DDA4F1C0001F2829D80F
:10403000347125B901208342306000F0B18012F85C
:104040000C300CF10100A3F180023F2A00F29E80A7
:10405000C12C40F39B80A40103F03F0304F4F864F7
:104060001C43002333600C6003B0F0BD34794FF083
:10407000000C002CD6D10C603460002003B0F0BDE1
:1040800001A9C5E7A4F1E0000F282CD83471002D58
:1040900066D0581C18BF0133012D65D07779E02C0C
:1040A00072D0A7F180003F2870D8012D777173D0AE
:1040B00012F80C200CF10100A2F180033F2B65D80F
:1040C0002303BF019BB207F47C6702F03F023B432E
:1040D0001343002232600B60D0E7002301203360DD
:1040E0000C6003B0F0BDA4F1F00004284ED8347188
:1040F000002D3FD05F1C18BF0133012D3ED07779D2
:10410000F02C50D0F42C63D0A7F180003F283DD88C
:10411000012D77714AD0581C306818BF013302282E
:1041200048D0B579A5F180033F2B2FD812F80C2089
:104130000CF10100A2F180033F2B27D8A3043F0319
:1041400003F4E01307F47C37AD013B4305F47C65D1
:1041500002F03F022B43134300220B6032608DE7D5
:104160000120834230601BD012F80C7001250CF145
:10417000010C94E701208342306011D012F80C70DA
:1041800001250CF1010CBBE79F2F8ADC8A234FF03D
:10419000FF30CEF8003071E702208342306087D1D3
:1041A0006FF001006AE78F2FAEDCEFE70220834259
:1041B0003060F5D012F80C500CF1010CA5F1800024
:1041C0003F28E3D803208342B5713060AED1E7E7E2
:1041D0008F2F99DDDAE700BF30B482B08446049DAA
:1041E000002930D0002A31D0002B39D0286814782B
:1041F00048B1012816D00C601078003818BF012093
:1042000002B030BC7047A4F181001E2803D9A4F18C
:10421000E0000F28EFD8012083422C7128601FD0C6
:1042200002205478A4F140033E2B03D9A4F180036B
:104230007C2B0FD82B7904EB032400230C602B601C
:1042400002B030BC704701A9002ACDD1104602B09F
:1042500030BC70478A234FF0FF30CCF80030CFE7F6
:104260006FF00100CCE700BF30B583B08646069DF5
:10427000002940D0002A41D0002B4BD02868147868
:1042800058B10128A44618D0022841D00C601078FB
:10429000003818BF012003B030BDA4F18E00012802
:1042A00003D9A4F1A1005D28F0D8012083422C712C
:1042B00028602FD0022092F801C0ACF1A1045D2C3F
:1042C0002BD82C798F2C1CD10224984285F805C05C
:1042D0002C601FD212F800C00130ACF1A1035D2B9D
:1042E0001BD800226B790CF07F0C0CEB03230B60C6
:1042F0002A6003B030BD01A9002ABDD1104603B029
:1043000030BD00220CEB04240C602A6003B030BDE9
:104310000120E2E76FF00100BDE78A234FF0FF3094
:10432000CEF80030B7E700BF2DE9F04F83B08046EC
:10433000DDF8309089B39AB3002B00F08780944663
:10434000E3461CF8015B4FF0010E99F80040DFF8DE
:1043500010A14448002D48D0A5F11B06F7B22F2F1D
:1043600024D82F2E22D8DFE806F06D21212121212B
:104370002121216B212121632121212121212121A1
:1043800021212121212121212121212121212165D9
:104390002167212121212121216901A9002ACBD1D5
:1043A0000120C9F8002003B0BDE8F08FA5F1210677
:1043B0005D2E8CBF0827072704EBC4040619F65DA1
:1043C0005444E45D052E44D8DFE806F021031311C0
:1043D000052A89F8045073450EF1010534D9AE461B
:1043E000E3461CF8015B002DB6D10627E4E76246E0
:1043F000F1E701237046C9F8003099F804209BF8D2
:10440000003003EB02230B6003B0BDE8F08F002304
:104410007046C9F8003013780B6003B0BDE8F08F28
:1044200000231846C9F800300B6003B0BDE8F08FD8
:104430000227C1E70327BFE70427BDE70527BBE73E
:104440000127B9E70027B7E7C9F800406FF001007E
:10445000DAE78A234FF0FF30C8F80030D4E700BF16
:10446000E01E0200981E020038B5436C05460C465B
:104470004BB153F8240080B1026843F82420002394
:10448000C0E9033338BD2122042106F083F8034636
:1044900068640028EDD1002038BD0121284601FACA
:1044A00004F56A1D920006F075F80028F3D0C0E903
:1044B0000145E4E731B1436C4A6853F822000860D3
:1044C00043F82210704700BF2DE9F0414FF0000E75
:1044D0000E461C460D69074601F1140001680EF1F5
:1044E000010E8BB202FB0343090C4FEA134C02FB93
:1044F00001CC9BB203EB0C43754540F8043B4FEAFB
:104500001C44EBDC3CB1B368AB4207DD06EB850332
:1045100001355C6135613046BDE8F081716838462F
:104520000131FFF7A1FF8046A8B1326906F10C0105
:10453000023292000C30F9F70FFA7B6C726853F874
:104540002210316043F82260464606EB85030135B0
:104550005C613561DFE70246BA21024B024805F093
:10456000F3FF00BFD41A02006C1B02002DE9F843D0
:104570001E460C4626490833174681FB032C092E9C
:104580004FEAE3730546C3EB6C0339DD4FF0010CD2
:1045900000214FEA4C0C634501F10101F9DC28468A
:1045A000FFF762FF014668B3089B092F43614FF094
:1045B0000103036112DC09270A34BE420BDDF61B3E
:1045C000264414F8013B0A222846303BFFF77CFFC3
:1045D000B4420146F5D10846BDE8F88304F1090963
:1045E000C8463C4418F8013B0A222846303BFFF7F6
:1045F0006BFFA0450146F5D1A7F108044C44DCE768
:104600000021CCE70246D321024B034805F09CFF72
:10461000398EE338D41A02006C1B0200B0F5803FDB
:1046200003463ABF102083400020B3F1807F3CBF97
:104630001B020830B3F1805F3CBF1B010430B3F1B3
:10464000804F03D3002B06DB013070479B0003D45F
:104650005B0003D42020704702307047033070475E
:104660000368014613F0070209D0DA0721D498073E
:104670004BBF5B089B08012002200B60704798B27B
:10468000A0B11046DAB20AB908301B0A1A0704BFF3
:104690001B0904309A0704BF9B080230DA0703D4D1
:1046A0005B0800F1010006D00B6070471020C3408A
:1046B000E8E7002070472020704700BF38B5436C02
:1046C00004460D464BB15868B0B102685A600022EA
:1046D00001234561C0E9032338BD2122042105F0EF
:1046E00059FF034660640028EDD1002240F24511D5
:1046F000074B084805F028FF1C220121204605F041
:1047000049FF0028F1D001220223C0E90123DEE79E
:10471000D41A02006C1B02002DE9F04FD1F8108072
:1047200015690E46A845924685B005DB2A465346D4
:1047300045468A4690461E46DAF80830DAF80410F4
:1047400005EB0804A342B8BF0131FFF78DFE002836
:1047500000F0898000F1140707EB840E774505D23D
:104760003B46002243F8042B9E45FBD8143606EB4B
:1047700088080AF11409464509EB850566D2A5EBC0
:104780000A03153B23F003030AF1150A04335545C8
:104790002CBF9B464FF0040BCDF808E08246AE4696
:1047A000039405E0090C2AD1B04507F104074AD962
:1047B00056F8041B8DB2002DF4D0CC463C460023A5
:1047C00001965CF8040B216886B28AB205FB0622CA
:1047D000000C090C05FB00111A4401EB124192B2C6
:1047E00042EA0142E64544F8042B4FEA1143E8D877
:1047F000019E47F80B3056F8041C090CD4D0002257
:104800003B6848461D463C46944602889BB201FBE5
:1048100002C202EB154243EA024344F8043B50F85B
:10482000043B25684FEA134CABB201FB0C337045D7
:1048300003EB12434FEA134CE7D3B04547F80B3074
:1048400007F10407B4D8DDE902E45046002C02DC8D
:1048500005E0013C03D05EF8043D002BF9D0046173
:1048600005B0BDE8F08F02464FF4B171014B02482C
:1048700005F06AFED41A02006C1B020012F003035A
:104880002DE9F041144607462CD10E46A4101CD049
:104890003D6C85B3E3074FF0000806D4641014D0D4
:1048A0002868A8B10546E307F8D52A4631463846B8
:1048B000FFF732FF36B17B6C716853F8212032600C
:1048C00043F8216064100646EAD13046BDE8F08125
:1048D0002A4629463846FFF71FFF28600546C0F8DC
:1048E0000080E0E70F4A013B52F823200023FFF746
:1048F000EBFD0646CAE701213846FFF7B5FD054640
:1049000040B140F271230122C0E90423002338643E
:104910000360BFE7024640F24511034B034805F030
:1049200013FE00BF281F0200D41A02006C1B0200F5
:104930002DE9F0470C462769A36807EB62177D1C39
:104940009D429046064649684FEA621904DD5B00C5
:104950009D4201F10101FADC3046FFF785FD002898
:1049600051D0B9F1000F00F114010FDD0B464FF0EB
:10497000000C09F105024FEA820E00EB820243F8B7
:1049800004CB9342FBD1AEF114031944226904F124
:10499000140318F01F0803EB820C2CD08E464FF046
:1049A000000AC8F120091A6802FA08F242EA0A026B
:1049B0004EF8042B53F8042B9C4522FA09FAF2D83E
:1049C000ACEB0403153B23F00303043304F115029D
:1049D000944538BF042341F803A0BAF1000F00D179
:1049E0003D46736C6268056153F82210216043F8FC
:1049F0002240BDE8F087043953F8042B9C4541F868
:104A0000042FF9D8ECE702464FF4EF71014B02484E
:104A100005F09AFDD41A02006C1B020084460B6953
:104A20000069C01A15D10CF1140C14310CEB83027F
:104A300010B401EB830301E0944508D252F8044D11
:104A400053F8041D8C42F7D004D24FF0FF3010BC55
:104A500070477047012010BC704700BF2DE9F04F30
:104A600014460A6923698846D21A002A83B040F0A6
:104A7000888001F1140604F1140202EB830206EBB4
:104A8000830301E09E427FD253F8045D52F8041D77
:104A90008D42F7D076D32346002544469846616878
:104AA000FFF7E2FC002800F0898000F11409494674
:104AB0004FF0000C2769D8F8106004F1140B08F1CE
:104AC000140EC56004F110020EEB86060BEB870A8C
:104AD000CDF804B05EF8044B52F8045F1FFA84FB73
:104AE000ABB2A3EB0B03240C6344C4EB154404EBFF
:104AF00023449BB243EA0443764541F8043B4FEA22
:104B0000244CE7D808F115018E4234BF0021012161
:104B1000A6EB0806153EB608002906F101024FEA89
:104B2000820208BF0422DDF804B00BEB0204A245A8
:104B30004A4434D915462146E04651F8046BB3B2D5
:104B400063444FEA164E0EEB234E06EB08039BB26E
:104B500043EA0E438A454FEA2E4C45F8043BEBD816
:104B60000AF1FF3AAAEB040A2AF0030A524423B9D5
:104B700052F8043D013F002BFAD0076103B0BDE8B5
:104B8000F08F88DA01258AE70021FFF76DFC70B10C
:104B900001220023C0E9042303B0BDE8F08F0029FF
:104BA0004FEA860608BF002609EB0602DFE7024649
:104BB00040F23721054B064805F0C6FC024640F29C
:104BC0004521024B024805F0BFFC00BFD41A020089
:104BD0006C1B0200124B0A460B40A3F15073002BD2
:104BE00003DD00221946104670475B42B3F1A07FF7
:104BF0004FEA235106DA4FF4002300220B411946F5
:104C00001046704714391E29D4BF4FF000420122CC
:104C10004FF00003D8BFCA4010461946704700BF86
:104C20000000F07FF8B5046900F1140202EB84047F
:104C300054F8045C261F2846FFF7F0FC0346C0F139
:104C400020000A2B086030DDB242A3F10B071AD214
:104C500054F8083C1FB3C7F1200C23FA0CF1BD40F7
:104C600045EA0106A4F1080546F07F51AA4203FA7D
:104C700007F341F4401116D254F80C2C22FA0CF22E
:104C800013431846F8BD0B2B08D0002305FA07F78D
:104C900047F07F51184641F44011F8BD002345F01C
:104CA0007F5141F440111846F8BDB2422CBF00229A
:104CB00054F8082CC3F10B0703F1150325FA07FC80
:104CC00038BFFA4005FA03F34CF07F5113431846FE
:104CD00041F44011F8BD00BFF0B5012183B0164684
:104CE0001F46FFF7C1FB0546002847D0C7F30A540B
:104CF000C7F313030CB143F48013002E019314D1B6
:104D000001A8FFF7ADFC0122019B20306B612A61F5
:104D100014B3089BA4F2334404441C60099BC0F103
:104D200035001860284603B0F0BD68460096FFF7CE
:104D300097FC019B00B30099C0F1200203FA02F234
:104D4000C34001930A43002B6A610CBF0122022277
:104D5000AB612A61002CDCD105EB8201A0F2324369
:104D6000086908990B60FFF759FC099BC0EB4210DA
:104D70001860284603B0F0BD009AE4E7024640F20E
:104D80000F31024B024805F0DFFB00BFD41A0200CE
:104D90006C1B02002DE9F04383B0884669468146CA
:104DA000FFF740FF04460D46404601A9FFF73AFFD2
:104DB000D9F81030D8F81020A3EB020CDDE900324E
:104DC0009B1A03EB4C13002B0BDD05EB03573D4601
:104DD00002460B462046294607F0B6FE03B0BDE862
:104DE000F083C3EB033301EB03594946F0E700BFFF
:104DF000172870B506460ADD002000240749084D33
:104E000022462B4607F076FD013EF9D170BD054BD9
:104E100003EBC003D3E9000170BD00BF0000F03F09
:104E200000002440881F020001F1FF3C116902F1DB
:104E300014034FEA6C1C03EB81010CF1010C8B4253
:104E400000EB8C0C16D210B5A0F1040E53F8044BF5
:104E500099424EF8044FF9D88B1A153B23F00303FF
:104E600004331844844504D9002340F8043B8445A6
:104E7000FBD810BD844505D9002340F8043B844588
:104E8000FBD87047704700BF03694A11934200F195
:104E9000140009DA00EB830302E053F8042DA2B9F1
:104EA0008342FAD80020704700EB8203F8DD11F04E
:104EB0001F01F5D010B450F8224024FA01F28A40C4
:104EC000944208D0012010BC70470120704753F86D
:104ED000042D002AF6D18342F9D8002010BC704777
:104EE00003460A4602490868194600F003B800BFA5
:104EF000CC0000202DE9F84F1646002900F09680DE
:104F00000C46804606F10B05F9F790FA54F8041C9C
:104F1000162DA4F1080921F0030758D81025AE4238
:104F200058D8AF4260DABF4B09EB070C9A68DCF83F
:104F30000400624500F0908020F0010363445B6848
:104F4000DB0768D420F003003B189D4247DDCB0708
:104F500012D454F8083CA9EB030BDBF8043023F01F
:104F60000302104400EB070A554540F3F68007EBB7
:104F7000020A554540F3CC8031464046F8F7A2FF7F
:104F80000646002800F0218154F8043CA0F10802F4
:104F900023F001034B44934200F0B4803A1F242ACB
:104FA00000F2D780132A00F2A2800346224611683D
:104FB00019605168596092689A6021464046F8F736
:104FC00075FE4046F9F738FA3046BDE8F88F35F0FF
:104FD0000705A4D50C23C8F80030002618E01F46AA
:104FE000DCE90223D3609A60D9F804307A1B0F2AD7
:104FF00003F0010309EB07001DD83B43C9F8043057
:10500000436843F0010343604046F9F715FA26462A
:105010003046BDE8F88FC907AED454F8083CA9EB78
:10502000030BDBF8043023F00302A0E71146BDE8D0
:10503000F84FF8F747BF2B4309EB050142F0010297
:10504000C9F804304A604368083143F00103436003
:105050004046F8F72BFED7E720F00300C21905F110
:10506000100C624580F29280CA0785D454F8082C4F
:10507000A9EB020BDBF8042022F00302104400EB42
:10508000070AD4453FF773AF5E46DBF80C1056F8BD
:10509000080F3A1F242AC160886000F2B080132AEA
:1050A00040F2AB8021681B2ACBF808106168CBF86E
:1050B0000C1000F2AA8008340BF110022168116074
:1050C00061685160A1689160AAEB05020BEB0501D4
:1050D00042F0010299604A60DBF80430404603F078
:1050E00001032B43CBF80430F9F7A6F990E72368C6
:1050F0001B2A0360636843603DD804F1080200F195
:10510000080354E750F8043C23F003031F446BE703
:105110005E463A1FDBF80C3056F8081F242ACB6095
:10512000996023D8132A1FD923681B2ACBF808308B
:105130006368CBF80C303CD808340BF110032268BC
:105140001A6062685A60A2689A6034465746D94627
:105150004AE72146FDF708F82FE7DCE902135E462F
:10516000CB603A1F9960D5E73346E8E721463046E1
:10517000FCF7FAFFE9E7A368242A8360E368C360C9
:1051800027D004F1100200F1100310E7521B09EBC5
:10519000050142F0010299604A6054F8043C40461F
:1051A00003F001032B4344F8043CF9F745F9264684
:1051B0002EE7A368242ACBF81030E368CBF814302C
:1051C00010D010340BF11803B9E74046F9F734F961
:1051D00003E7236904F1180203616369436100F185
:1051E0001803E4E623691834CBF8183054F8043C6B
:1051F000CBF81C300BF12003A1E732465EE72146D5
:105200003046FCF7B1FF074B5EE7A168242ACBF8D4
:105210001010E168CBF8141006D010340BF118020E
:105220004CE700BF2002002022691834CBF8182078
:1052300054F8042CCBF81C200BF120023EE700BFF1
:105240002DE9F04F9FB088460792002100220024EC
:10525000CDE90412834641461A9419910F4611F87C
:10526000012B2D2A5ED801A050F822F043540100F2
:10527000255301002553010025530100255301004A
:10528000255301002553010025530100255301003A
:105290005B5201005B5201005B5201005B52010056
:1052A0005B520100255301002553010025530100E5
:1052B000255301002553010025530100255301000A
:1052C00025530100255301002553010025530100FA
:1052D00025530100255301002553010025530100EA
:1052E0002553010025530100255301005B520100A5
:1052F00025530100255301002553010025530100CA
:1053000025530100255301002553010025530100B9
:105310002553010025530100C55901002553010003
:10532000D959010000210891302A00F0958000230E
:1053300009932F2A144640F2EF844FF000093846B3
:105340004E464D4613E00130082D1990C8BF09EBB9
:1053500089090478C6BF02EB4902A2F13009A3F122
:1053600030062F2C224605F1010540F3B48006EBF0
:105370008603392C02EB4303E5DD0122AB49F8F744
:1053800097F8002879D1199A1346013219925C785E
:10539000002D40F08D85302C40F03B85134618469B
:1053A000013319931C78302CF9D0C2F1010210445A
:1053B000A4F13103082B37D8199F012539464FF046
:1053C000000A431CA4F1300E0C93002006EB860665
:1053D0000EEB46064B1C19934C78A4F13002092AB7
:1053E00000F2E082964619990130002AF2D0012895
:1053F000D8BF05F1010C40F3878400EB050C0CF1DC
:10540000FF340A9703E07E00AC4200F07C84082D54
:1054100006EB860705F10105F5DD102DDCBF09EB74
:1054200089094FEA4909EFE7652C40F0D8824FF02F
:10543000000A0123CDF830A00A93099B034340F0F2
:10544000BF82079B002600270BB1C3F800803046BF
:1054500039461FB0BDE8F08F7A7802F0DF02582A93
:1054600000F01284013719973A78302AFAD0002ACE
:1054700000F08182012309935BE70020AA460C908B
:105480000A90652C34D0452C32D000231093002D87
:105490007AD1099B034340F06E820A9B002BD0D146
:1054A000692C00F0898400F35F84492C00F0848427
:1054B0004E2CC6D15E4919A805F0D4FB0028C0D0F7
:1054C000199B1B78282B00F0A5855A4805F036F863
:1054D00006460F4651E201225449F7F7E9FF00283A
:1054E000CBD1199BAA465A1C19925C780C9074E790
:1054F000002DA2D0DDF8648008F10103199398F81B
:1055000001402B2C00F059822D2C00F04E824FF0E0
:10551000000CA4F13001092900F23F82302C199BC4
:105520000AD1013319931C78302CFAD0A4F131023E
:10553000082AAAD8A4F130015A1C19925C782F2CA1
:1055400040F3FE8396460B9308E0013219929EF8D1
:105550000140A3F130012F2C06DD964601EB8103BB
:10556000392C04EB4303F0DD0B9BD21A082A40F3DD
:10557000E78344F61F631093BCF1000F87D0109BA4
:105580005B421093002D84D00C9A109BBAF1000F4F
:1055900008BFAA469B1A102D30460B932C46A8BF75
:1055A000102407F02DF902460B46092DCDE90423FE
:1055B00016DD214B03EBC40353E9122307F09AF9DC
:1055C000024648469046894607F01AF902460B46BD
:1055D0004046494606F0D8FF0F2DCDE904012DDCE9
:1055E0000B9B002B00F020830B9B40F35282162B69
:1055F00040F3AD830B9AC5F1250393421EDBDDE931
:1056000004230D4CC5F10F0504EBC501D1E90001E0
:1056100007F070F90B9B5D1B04EBC504D4E9002374
:1056200007F068F906460F46A7E100BF7C1A0200A2
:10563000FC1B02000C1C0200881F02000B9B2C1B91
:105640001C44002C40F3D18114F00F000AD0DDE996
:105650000423354901EBC001D1E9000107F04AF903
:10566000CDE9040134F00F0340D0B3F59A7F00F385
:10567000B883102B4FEA231440F31E85DDE90401A3
:1056800000232A4A0997904699461746E20704D50F
:10569000D8E9002307F02EF901236410012C09F149
:1056A000010908F10808F1D13A46099F0BB1CDE98B
:1056B0000401059B02EBC901A3F154730593DDE9D5
:1056C0000423D1E9000107F015F9194B194A0B40E1
:1056D0009342CDE9040100F28483174A934240F2D9
:1056E00041844FF0FF33154CCDE9043400230A9375
:1056F0002B465246394658460096FEF737FF14901F
:10570000002800F06E83109A0C9B4FF0000A9B1A41
:105710000B9ACDF824A0002AA8BF0023109322EAF8
:10572000E2731593E5E000BF881F0200601F0200CE
:105730000000F07F0000A07C0000907CFFFFEF7F66
:10574000D21A1F2AA4EB020400F3328201239340F1
:105750001E4600250A9BA0444C44A14598444B4654
:10576000A8BF23464345A8BF4346002B04DDE41AE7
:10577000A8EB0308A9EB0309109B002B00F3BE81E3
:10578000002C00F3D4810B9B002B00F30782B8F1AF
:10579000000F00F3F781B9F1000F08DD51464A46CA
:1057A0005846FFF7C5F88246002800F0F4813A46D3
:1057B00058461A99FFF752F90990002800F0EB813A
:1057C0000023099AD168D36011915146FFF726F959
:1057D0000028C0F2EA83DDF8149000F07683514689
:1057E0000998FFF7D7FA00224FF0804304460D4690
:1057F00007F0FCFA002800F07181119B002B40F0AB
:10580000E381049B002B40F06B82C9F31303002B50
:1058100040F00D82002220462946A94B07F0DCFA11
:10582000002840F049832046A64B2946002207F075
:1058300061F803460C46CDE9123401F100430E90A5
:105840000F93DFF88482A14B09EA08089845DDE947
:105850000E4500F0C0810A9B1BB3B8F1D46F20D86D
:1058600095A3D3E90023DDE9120107F0BFFAA0B147
:10587000DDE9120107F016FB012838BF012006F010
:10588000BFFF119BCDE91201002B40F0BD8201F159
:10589000004316901793DDE9164505F1D663A3EB97
:1058A0000805DDE90C01FFF795F902460B46204695
:1058B000294607F01FF8DDE90C2306F065FE0C46CB
:1058C000CDE904010A9B23B97F4B2340984500F0A2
:1058D000B78158461A99FEF7EDFD39465846FEF74E
:1058E000E9FD51465846FEF7E5FD58460999FEF791
:1058F000E1FD149C58466168FEF7B6FD0746002896
:1059000000F04981226904F10C01023292000C304E
:10591000F8F722F81CAB01931BAB00935846DDE966
:1059200004341A46CDE90C342346FFF7D5F91A9012
:10593000002800F0058101215846FEF7BFFE82468F
:10594000002800F028811B9B002BC0F21581109AC3
:10595000DDF8548003EB02090A9A1C9C9B1A23442D
:105960005B4A013B9342C4F13604FFF6E9AE0123E2
:1059700000251E46EEE600260027079A0AB1199B6D
:105980001360089B002B3FF462AD07F100431F46F4
:10599000304639461FB0BDE8F08F0023CDF8648053
:1059A000109374E501230A936BE54FF0010C08F1A5
:1059B0000203199398F80240ABE54FF0000CF6E7AC
:1059C000002597E500220892791C19917A78002A1F
:1059D0003FF437AD0F46A7E401220892F4E7452CC7
:1059E0003FF425AD01230A9353E53FF47FAE6442B3
:1059F00014F00F020AD0DDE90401364B03EBC203B9
:105A0000D3E9002307F0A0F8CDE9040124113FF405
:105A10006DAE1F2C37DCDDE9040114F0100318BF54
:105A20006A230A930023DFF8B080E20704D5D8E99F
:105A3000002306F05FFF0123641008F10808F4D189
:105A40000BB1CDE904010A9BA3B1DDE90401C1F367
:105A50000A52C2F16B03002B0ADD1F2B40F339837E
:105A60000020342B049040F37C834FF05C7305934B
:105A70006A230A930022DDE90401002307F0A2F95A
:105A800000283FF435AE222300260027CBF8003053
:105A900073E71633FFF6D2ADDDE904010C9B109AD3
:105AA0009A1A0C4B03EBC203D3E9002307F04CF81E
:105AB00006460F4661E700BF0000C0FFFFFFDF4161
:105AC0000000F03F0000E03F0000F07F0000E07FBA
:105AD00002FCFFFF881F020078200200AC4B20462A
:105AE0002946002206F006FF119BCDE91201002B8A
:105AF00065D101F100430E900F93A2E651461A467C
:105B00005846FEF7BBFE8246002844D001461A9A4A
:105B10005846FEF701FE00283DD011901A995846CC
:105B2000FEF7C8FC119B002C1A937FF72CAE22467F
:105B300058461A99FEF7FCFE1A9000287FF423AE0F
:105B4000B946054622230026924FCBF8003029465D
:105B50005846FEF7AFFC49465846FEF7ABFC5146A7
:105B60005846FEF7A7FC58461499FEF7A3FC584682
:105B70000999FEF79FFC00E7159ADDF84090A2EB2B
:105B80000308E9E6394642465846FEF7D1FE074685
:105B900000287FF400AEB9461A9DD3E7394658462F
:105BA000159AFEF76BFE074600287FF4F0ADF2E78A
:105BB000012279491646CB1A02FA03F5CAE5DDE956
:105BC0001234CDE90E343CE60023744CCDE90E349A
:105BD000CDE9123435E6A9F154730593DDE90445A6
:105BE00020462946FEF7F6FFDDE90E2306F082FE89
:105BF0002B46224606F0C8FCDFF89891684B01EA74
:105C000009099945CDE9040179D9DDE90C0103F1D0
:105C10005473994202D106460136BCD04FF0FF338F
:105C2000604CCDE9043454E6DDE90467A5E60023C1
:105C30005D4CCDE90E340023584CCDE9123400E61A
:105C4000DDE912562846314607F040FA06F024FEF8
:105C50000B4602463146284606F094FC119D049BF3
:105C6000C4F313041D432C438046894626D142A326
:105C7000D3E9002307F0B0F800283FF42AAEB94674
:105C8000DDE904671A9D62E70293089B5846019379
:105C90001AAB0093454A1BAB19A904F00FFD10F095
:105CA0000F0504463FF467AE062D40F0B580002294
:105CB0007B1C00260027089219935EE630A3D3E9E7
:105CC000002307F089F80028D9D12FA3D3E90023B6
:105CD0004046494607F09EF800283FF4FAADCEE76B
:105CE000049B012BA3D1B9F1000FA0D1B9461A9C96
:105CF0002223254600260027CBF8003027E701F1B4
:105D000054740594DEE50A9F0C9B082D03440C9304
:105D10006DDC6546FFF759BB012238462449F7F789
:105D2000C7FB002800F0BB804FF000094E464846F4
:105D30004D46CA46CDF83090CDF82890FFF7A3BB6A
:105D400044F61F639942A8BF1946109114E40B98BA
:105D50001849DDE9042301EBC001D1E9000106F097
:105D6000C9FD06460F4608E66E2C3FF4A3ABFFF7CD
:105D700068BB00BFAFF300809535A094FFFFCF3F15
:105D80009535A094FFFFDF3F35E5AF350000E03FDC
:105D90000000E03F0000F07FE2FBFFFF0000F03F6B
:105DA000FFFF9F7CFFFFEF7F0000F0BF6420020039
:105DB0007C1A0200881F0200A04919A804F052FFB3
:105DC00000283FF43EAB199B9D49013B19A819934C
:105DD00004F048FF10B9199B013319930026994F1D
:105DE000CBE522230026974FCBF80030C5E5BCF168
:105DF000100FD8BF09EB890965464FF00000D8BFE6
:105E000002EB4909FFF7E6BADDE91234CDE91634B1
:105E100041E50020FFF7CCBA1A9A3AB135211CA807
:105E2000FFF702F858461A99FEF744FB013D1B9B09
:105E3000042D00F2C481DFE805F0032C291E0300C5
:105E40001C9A049203F233421D9B23F4801343EA0D
:105E500002530593E10502D543F000430593794AC7
:105E6000DDE904671A40002A7FF487ADF7F740FCAC
:105E70002223036081E54FF0FF326FF00043CDE94C
:105E80000423E3057FF5D0AE059BE5E76D4B059355
:105E9000F7E7DDE91C121D9BCDE90412DAE7199A38
:105EA000064613460132199281465C78FFF773BAB1
:105EB000AA460C90FFF791BA0023634CCDE90E344B
:105EC0000023624CCDE91234BBE44B461198B44632
:105ED000B946DDE90C67AE465D49C3F313020028FD
:105EE00045D08A4200F0FD80ADBB049A1CEA020F47
:105EF00034D0304639460493FEF76CFE0A9B002BE3
:105F000000F03781049BC3F30A53C3F16B03002BEA
:105F100040F352811C0504F17F53002203F5401326
:105F200006F0E8FC02460B463046394606F02CFBEC
:105F300006460F4630463946464B002206F0DAFC4C
:105F4000404B06460B400F46002B7FF49BAE2223AE
:105F5000CBF8003096E61EEA030FCAD10A9B002B4D
:105F6000E8D18FE601F154730593FFF7BFBB002A18
:105F700074D1DDE904452246002C40F0A2800A9A43
:105F8000002A40F0CB8025F00044240D2405A4F520
:105F900080146FEA14536FEA035305934FF0FF33F5
:105FA00004931A9DDDE90467D1E5119BDDE9040145
:105FB0000343B946DDE90C67D0D1C1F31303002BCD
:105FC000CCD121F00044240D2405B4F1D66F254630
:105FD000C4D9099A536913B91369012BBEDD012293
:105FE00009995846FEF7A4FC51460990FEF716FDA4
:105FF0000028B3DD0A9B002BC9D0A5F580136FEAFA
:1060000013536FEA035305934FF0FF330493DDE915
:1060100004678FE7104919A81CAA04F03DFE052863
:106020007FF453AA1D9B43F0FF4343F4E003059321
:106030001C9B0493DDE904679FE400BFF01B020092
:10604000F41B02000000F07F0000E0BF0000E03F12
:10605000FFFF0F000000503950200200A5BB049A3A
:106060001CEA020F3FF47AAF304639460493FEF73C
:10607000B1FD0A9B002B62D0049BC3F30A53C3F10A
:106080006B03002B40F38C801C0504F17F5300222E
:1060900003F5401306F02EFC02460B463046394607
:1060A00006F070FA0022002306460F4606F08AFE2C
:1060B00000283FF43FAF1AE64FF00009414AFFF7CE
:1060C000F8BABEF1000FCBD01EEA030F3FF446AF83
:1060D000CAE74FF0FF3202FA03F3049A1A4004921F
:1060E000C6E40A9A0499B2B1374A1A40B2F1D46FA1
:1060F00011D84FF0FF30120DC2F16B0200FA02F21C
:10610000914240D0BEF1000F7FF425AF11EA0C0F91
:106110003FF424AFEDE64FF0FF32F1E72A4D1D408A
:10612000B5F1D66F3FF669AFB5F15C7F3FF602AFD0
:106130002223002600271A9DCBF8003007E50246EF
:106140000B463046394606F01DFA1A9C0022002301
:1061500006460F46254606F035FE00283FF4F7AC0C
:10616000C6E54FF0FF33C2F14B0293400B4005935D
:106170007EE402460B463046394606F005FA1A9D83
:1061800006460F46E3E4114A93420CD00E4A1A40E9
:1061900002F58013059300230493DDE90467DDE62F
:1061A00002460B467AE70131F0D1222300261A9DE0
:1061B000054FCBF80030CAE402460B46B4E6002394
:1061C00048E600BF601F02000000F07FFFFFEF7F86
:1061D000014BFFF735B800BF100700208C4600B513
:1061E00086461346034A714610685DF804EB624622
:1061F000FFF726B8CC00002084460A460249034B2C
:1062000008686146FFF71CB8CC000020100700208A
:106210002DE9F04705460C46DFF888A013462946CD
:106220002246DAF80000FFF70BF802460B46044658
:106230000D4606F0F9FD48BB2946204606F052FE01
:1062400020F0004706461849384606F011FFD0B93D
:106250003846154906F0EEFEA8B925F000494FF082
:10626000FF3220464946114B06F0DEFD38B9204684
:1062700049464FF0FF320D4B06F0B8FD18B122220F
:10628000DAF800301A603046BDE8F087002D084883
:1062900004DAFCF72BFE00F10046F4E7BDE8F04716
:1062A000FCF724BECC000020FFFF7F7FFFFFEF7FC5
:1062B0000C1C02002DE9F0470446DFF8A0A00A46B6
:1062C000274B2146DAF80000FEF7BAFF02460B46DC
:1062D00004460D4606F0A8FD002833D12946204685
:1062E00006F000FE20F0004706461E49384606F03C
:1062F000BFFEE8B938461B4906F09CFEC0B925F040
:1063000000494FF0FF3220464946174B06F08CFDFE
:1063100038B9204649464FF0FF32134B06F066FD70
:1063200030B12222DAF800301A603046BDE8F0873A
:1063300016F0FF4FF9D10D4B2B40002BF1D1304619
:10634000BDE8F087002D0A4804DAFCF7CFFD00F124
:106350000046EAE7BDE8F047FCF7C8BDCC000020E6
:1063600010070020FFFF7F7FFFFFEF7F0000F07F1F
:106370000C1C0200242B2DE9F84F42D8012B40D0F1
:106380001F468E468046484875461EF801BB10F8E9
:106390000B4014F00804F7D1BBF12D0F6FD06FF054
:1063A0000049BBF12B0F04BF9EF800B005F1020EAF
:1063B0007BBBBBF1300F4CD00A273B460025B9FB15
:1063C000F7F6284607FB169A05E03BD0012507FBA8
:1063D00000C01EF801BBABF1300CBCF1090F06D9AF
:1063E000ABF1410CBCF1190F1AD8ABF1370C634576
:1063F0001FDDB5F1FF3FECD08642E6D24FF0FF350E
:10640000E7E7F7F775F91622034600201A60BDE8A2
:10641000F88F102BD2D1BBF1300F23D01F46CDE720
:10642000ABF1610CBCF1190F03D8ABF1570C63450C
:10643000DFDC6B1C2BD054B9002AE8D085BB11607F
:10644000BDE8F88FE245C1DA4FF0FF35C1E74042C1
:10645000F2E79EF8003003F0DF03582B08D008273E
:106460003B46ABE79EF8000000F0DF005828D5D18E
:1064700010279EF801B03B460EF1020E9EE79EF8F3
:1064800000B04FF00049012405F1020E90E72223ED
:10649000C8F8003032B10EF1FF3148461160CFE745
:1064A0008146F8E74846B2E735180200FFF762BFB9
:1064B0008C4600B586461346034A714610685DF85F
:1064C00004EB6246FFF756BFCC0000208C4600B5B7
:1064D00086461346034A714610685DF804EB62462F
:1064E000FFF748BFCC0000202DE9F04707460E46D5
:1064F000484C304616F801EB14F80EC01CF0080C9E
:10650000F7D1BEF12D0F5AD0BEF12B0F09BF644653
:10651000644696F800E0861C4BB9BEF1300F5CD0A3
:106520000A234FF0050A9946DFF8EC800AE0102BA9
:106530004AD04FF0FF38B8FBF3F803FB08FA99464E
:106540006FEA0A0A0025284605E02CD0012509FB40
:1065500000C016F801EBAEF1300CBCF1090F06D902
:10656000AEF1410CBCF1190F0BD8AEF1370C6345FD
:1065700010DDB5F1FF3FECD04045E6D94FF0FF35D7
:10658000E7E7AEF1610CBCF1190F03D8AEF1570C7F
:106590006345EEDC6B1C0BD004B140420AB165B917
:1065A0001160BDE8F087D445D0DD4FF0FF35D0E76E
:1065B000222328463B60002AF3D0711EF0E796F8AC
:1065C00000E00124861CA7E7BEF1300F11D04FF088
:1065D0000F0A6FF070489946B4E7337803F0DF0391
:1065E000582B0BD008234FF0070A6FF060489946EC
:1065F000A8E7307800F0DF005828E8D14FF0100904
:1066000096F801E04FF00F0A6FF070484B460236E3
:1066100098E700BF3518020099999919FFF764BFF0
:106620008C4600B586461346034A714610685DF8ED
:1066300004EB6246FFF758BFCC0000208C4600B543
:1066400086461346034A714610685DF804EB6246BD
:10665000FFF74ABFCC00002010B4034CD4F8E04050
:10666000A44610BC604700BF10070020034649B194
:10667000FF2A02D801200A7070478A224FF0FF30AB
:106680001A60704708467047B9B37F2A27D9034676
:10669000A2F18000B0F5F06F24D3A2F50060B0F550
:1066A000784F10B52BD3A2F58030B0F5801F36D2CD
:1066B0000023940CC2F3053E64F30703C2F3851C68
:1066C0006EF30F2302F03F026CF3174362F31F6374
:1066D00043F0803343F0700304200B6010BD0120B1
:1066E0000A707047930902F03F0263F03F0362F0C3
:1066F0007F0202200B704A70704708467047140BE7
:10670000C2F3851302F03F0264F01F0463F07F03BD
:1067100062F07F0203200C704B708A7010BD8A22D9
:106720004FF0FF301A6010BD5FFA82FC0346C2F3DF
:106730000722D9B1B2B102F17F00C0B21E2804D93C
:1067400002F12000C0B20F2812D8ACF140003E2860
:1067500003D98CF080007C280AD802200A7081F8C6
:1067600001C07047012081F800C07047084670479B
:106770008A224FF0FF301A60704700BFD3B28446C0
:10678000C2F3072229B3EAB102F17200C0B20128B4
:1067900021D902F15F00C0B25D2821D803F15F006A
:1067A000C0B25D2811D943F0800303F15F00C0B28D
:1067B0005D2815D84FF08F0C03204A708B7081F83C
:1067C00000C0704701200B70704702200A704B70A8
:1067D00070470846704703F15F00C0B25D28F4D9E6
:1067E0008A234FF0FF30CCF80030704770B55FFA65
:1067F00082FEC2F3072269B37AB18446A2F1210076
:106800005D2829D8AEF121005D2825D81868A8B1E7
:1068100002200A7081F801E070BD186860B18C46F2
:1068200042F61B001A6042232CF8030B8B700420E5
:10683000614681F800E070BD0120FAE78C46012630
:1068400042F21B4542241E602CF8035B05208C702D
:106850006146DEE7012070BD8A234FF0FF30CCF89F
:10686000003070BD2DE9F04F894692461E460D4618
:1068700085B05A4F03902A4615F8014B3B5D13F043
:106880000803F8D12D2C7DD02B2C41D04FF0FF32B6
:1068900002936FF00043CDE90023002E43D1302C4A
:1068A00079D00A27B0463E46DDE900013A46434624
:1068B00006F0F4FB002383468E4618461946A4468C
:1068C00010E08E4508BF83454CD000FB08F307FB62
:1068D0000133A0FB07010B44201843EBE4710123B3
:1068E00015F801CBACF13004092C05D9ACF1410409
:1068F000192C1ED8ACF13704A64222DDB3F1FF3FBC
:10690000EED083457EEB0103DBD24FF0FF33E7E7A8
:106910004FF0FF3102936FF000432C78CDE9001364
:10692000951C002EBBD0102E3ED037464FEAE6789D
:10693000BAE7ACF16104192C03D8ACF15704A642B4
:10694000DCDC5A1C13D0029A12B1404261EB4101C7
:10695000BAF1000F03D0002B3DD1CAF8009005B06A
:10696000BDE8F08FA242B0DA4FF0FF33B8E7222340
:10697000039A1360BAF1000F28D0DDE9000105F198
:10698000FF39EAE74FF00040009301232C78CDE96E
:106990000103951C81E72B7803F0DF03582B0ED001
:1069A0000827B0463E467FE7302C03D037464FF0ED
:1069B000000879E72B7803F0DF03582BF6D1102776
:1069C0006C784FF000083E4602356DE7DDE90001C6
:1069D00005B0BDE8F08FCDE90001CEE73518020023
:1069E000FFF740BF8C4600B586461346034A714602
:1069F00010685DF804EB6246FFF734BFCC0000205E
:106A00008C4600B586461346034A714610685DF809
:106A100004EB6246FFF726BFCC0000202DE9F04FC3
:106A20008B461E460D4685B05F4F039001922A4665
:106A300015F8014B3B5D13F00803F8D12D2C7ED0E7
:106A40002B2C03BF2C780293951C02936EB9302C2B
:106A500000F086804FF00A09B2464FF0050C4FF067
:106A600099374E46DFF8448117E0102E6CD04FEA7C
:106A7000E67A324653464FF0FF304FF0FF3106F0D2
:106A80000DFB32460746884653464FF0FF304FF025
:106A9000FF3106F003FBB146944600221046114632
:106AA00010E0414508BFB84239D000FB0AF209FBAB
:106AB0000121A0FB090211440122181841EBE371E6
:106AC00015F8014BA4F13003092B05D9A4F14103BA
:106AD000192B0CD8A4F137039E4210DD541CEFD0C3
:106AE000874278EB0102DCD24FF0FF32E8E7A4F1F5
:106AF0006103192B03D8A4F157039E42EEDC531C0B
:106B000012D0029B13B1404261EB4101019B1BB1CA
:106B100092B9019BC3F800B005B0BDE8F08F6345A2
:106B2000C3DD4FF0FF32CBE72223039910460B6001
:106B3000019B1146002BEFD005F1FF3BE9E7012354
:106B40002C780293951C81E7302C19D04FF00F0C54
:106B50004FF0FF376FF07048B1464FF0000A9CE7E6
:106B60002B7803F0DF03582B0FD04FF00809B24603
:106B70004FF0070C4FF0FF376FF060484E468CE740
:106B80002B7803F0DF03582BE0D14FF010096C781D
:106B90004FF00F0C4FF0FF376FF070484FF0000AC6
:106BA0004E46023579E700BF3518020099999919C8
:106BB000FFF734BF8C4600B586461346034A71463C
:106BC00010685DF804EB6246FFF728BFCC00002098
:106BD0008C4600B586461346034A714610685DF838
:106BE00004EB6246FFF71ABFCC00002070B582B0FC
:106BF000069D044655B11048D0F8E4606AB12046BD
:106C00000095B047431C10D002B070BD00F1F405F0
:106C10000948D0F8E460002AF1D10123114620464A
:106C2000064A0095B047431CEED100228A232A6011
:106C3000236002B070BD00BF100700200C1C0200D2
:106C4000F0B50D46134983B00E6801466BB11C4682
:106C5000114BD3F8E4707DB1134630462A460094B8
:106C6000B847431C10D003B0F0BD0B4B06F1F40441
:106C7000D3F8E470002DEFD1012329463046074AAE
:106C80000094B847431CEED100228A23226033606F
:106C900003B0F0BDCC000020100700200C1C020047
:106CA00070B5054684B05BB11C460F4BD3F8E0606D
:106CB000234669B12846B047431C0FD004B070BDCD
:106CC000094B00F58274D3F8E06023460029F1D126
:106CD0000A46284601A9B047431CEFD100228A2367
:106CE00022602B6004B070BD1007002070B5134BFC
:106CF00084B01D686AB1124B1446D3F8E06078B1D5
:106D00000A46234601462846B047431C0FD004B02C
:106D100070BD0B4B05F58274D3F8E0600028EFD10D
:106D20002346024601A92846B047431CEFD1002262
:106D30008A2322602B6004B070BD00BFCC0000200D
:106D40001007002010B51C4682B0049B00940193EC
:106D50004FF0FF3304F0FEF802B010BD30B58C46A2
:106D6000864615461C46064B83B0186871464FF0A0
:106D7000FF336246CDE9005404F0ECF803B030BDB7
:106D8000CC000020002100F001B800BF10B500F0D9
:106D9000A5F8044604F006F9A0F11A03DBB2022BB1
:106DA00006D9A4F1090004288CBF0020012010BDE1
:106DB000012010BD0229C0F30722C3B224D0032949
:106DC00003D082F0800283F0800302F15001C9B247
:106DD0001F290BD902F13001C9B2242932D84FF250
:106DE000A641884224D94FF0FF3070474CF6D3714A
:106DF0008842F8D8B03A3149C2EBC212A13B03EB4A
:106E0000420331F8130070479E2B95BF7F218021EC
:106E10007E3B23339F2A94BF703A503201EB4201EC
:106E2000CAB202F15001C9B21F29DBB2D2D8DDE7E4
:106E3000D03A2349C2EBC212A13B03EB420331F823
:106E400013007047A13A072ACDD8DFE802F03128B5
:106E50001E18130F0B04C02BC5D81A4AA13B32F8D9
:106E600013007047F12BBED8174A19E0D82BBAD8B7
:106E7000164A15E0F62BB6D803F540507047F32BB1
:106E8000B1D803F53E5020307047114A1A4412F829
:106E9000A12C002AA7D003F57E40603070470D4A30
:106EA000A13B32F81300002808BF4FF0FF307047B5
:106EB000094AA13B32F81300704700BF1C3B020097
:106EC000A020020048520200885202002C53020007
:106ED0009C530200F8530200B454020038B5054632
:106EE000B9B101F5957420461149F6F757FC28B958
:106EF0002846BDE838400121FFF75CBF20460D4918
:106F0000F6F74CFC38B92846BDE838400221FFF7B7
:106F100051BF094CE7E720460849F6F73FFC28B97E
:106F20002846BDE838400321FFF744BF284638BD56
:106F3000DC190200F01902003A080020E8190200EA
:106F400010B5124904461248F6F728FC28B9204625
:106F5000BDE810400121FFF72DBF0E490C48F6F7A0
:106F60001DFC28B92046BDE810400221FFF722BFD2
:106F700009490748F6F712FC28B92046BDE8104039
:106F80000321FFF717BF204610BD00BFDC19020028
:106F90003A080020F0190200E819020038B5054649
:106FA000A1B101F5957420460949F6F7F7FB08B938
:106FB000284638BD20460749F6F7F0FB0028F7D0F1
:106FC00020460549F6F7EAFB284638BD034CEAE7B8
:106FD000DC190200F0190200E81902003A0800204A
:106FE0004B1C70B51AD014469389526823F02003C5
:106FF000A381236BCDB2A3B1636B934209DD2368F8
:107000005A1E226003F8015C6368013363602846FE
:1070100070BD214603F02CF90028F0D04FF0FF3569
:10702000F5E7236921682BB18B4203D211F8013CAB
:10703000AB420ED023460320C4E90E12012204F114
:1070400040066063266303F8425F2846C4E90032C5
:1070500070BD01390132C4E90012D8E710B50C4601
:10706000096B69B104F14003994201D0F6F71EFEA5
:107070000020E36B2063636013B1A36B236010BD3A
:107080000021A2894FF0FF3042F020022369A28143
:107090006160F3E72DE9F04F85B0019302FB03F344
:1070A0000E9C9BB38846D4E90015AB4244D9834675
:1070B0001E464FF00009CDE9023204F1400A404675
:1070C0002A46F6F749FC2068216B28443746C4E974
:1070D0000009A844761BE9B1514502D05846F6F79D
:1070E000E5FDE16BC4F83090616099B10D46A16B8C
:1070F000B5422160E3D332464046F6F72DFCD4E991
:107100000021891B3244C4E90021019B184605B0C7
:10711000BDE8F08FDDE902322B44DB1BB3FBF2F359
:1071200000211846A28942F02002A2812269C4E906
:10713000002105B0BDE8F08F1E46DCE72DE9F04FD9
:10714000E5B002AFC7E90C02B1F90C20BB619404B1
:1071500089464B6E05D442F4005223F400538A81D1
:107160004B669804C3F3403400F1BA87A246082264
:10717000214607F14000F6F7E3F8C7E90A4409F1B0
:107180004003FB603C62FC613C617D4BD3F8E44012
:10719000FBF7A2FD07F14002009203467A6B386BC1
:1071A00007F13C01A04700284ADB7B6B0146034402
:1071B0007B63FB6B002B00F0C08001284FD0252B98
:1071C00056D00028E1D07B6B01385E1AD9F8043024
:1071D00034181A46002A06F1FF3517DDD9F80030B9
:1071E00018786A780133904205F1010140F0A580DA
:1071F000D9F80420A14202F1FF32C9F80030C9F8E1
:10720000042000F0AB80002A0D46E7DCD9F83010EE
:10721000002900F04D87FB68994202D0386BF6F7E1
:1072200045FD0022D9F83C30C9F83020C9F80430B7
:10723000002B00F03D87D9F83830C9F80030CFE78F
:107240004FF6FD730822002107F14000FB63F6F7BB
:1072500077F87B6B01337B63FB6B002B6DD0494A66
:10726000D25C110700F128840120252B0146AAD108
:10727000002422467E6B3578A5F1250306F1010B2B
:10728000552B5AD8DFE813F0A206590059005900CF
:1072900059000406590059005900590059005B056E
:1072A0005B055B055B055B055B055B055B055B05DE
:1072B0005B055900590059005900590059005900FF
:1072C0005900590080002501590059005900590002
:1072D0005900590059006F00590059004F015900D9
:1072E0005900590091015900590059005900990558
:1072F00059005900C005590059005900590059005A
:107300005900590082002701590059005900E00531
:1073100099066F005900B405EC05CD055101FA0539
:107320005900590093017600FD055900590099054F
:10733000590076004FF0FF33BB623B6A43B13B6AB2
:107340001868BB6A013300F03B8108B1F6F7B2FD63
:10735000B86A07F5C677BD46BDE8F08F02355544DB
:10736000A5EB060A11E72307E7D1757844F002047C
:107370005E4681E72507E0D175785E467CE700BF71
:10738000100700203518020044F001040026C7F859
:1073900034B044F04004D9F80430002B41F39C8110
:1073A000600641F19D81022E00F0CA82032E00F09A
:1073B000ED81012E00F01C81012A38BF012214F05A
:1073C0000103164604F010027A6200F0A983002A35
:1073D00040F0EB85BA69200652F8043BC7E9053254
:1073E00040F1F787002BA8D08020F6F75BFD83469D
:1073F00000289FD07B6918603B6ADC889D88AC427E
:1074000080F0EF8618687B693A6A40F82430631C84
:10741000D3802023C7F808B07B600024FB6A07F103
:107420006008FB62FBF758FCA04200F04E86D9E9E9
:107430000021FB6A12F8010B0139032B08F8040044
:10744000C9F80410C9F8002004F1010407F1580537
:1074500002D12B68042B04D0082200212846F5F71E
:107460006FFF0095234659464246386BFFF7BEFB37
:10747000411C034600F02986002840F0BF857A6A47
:10748000A244013E6AB9CBF800207A693AB1BA68E1
:10749000ABEB02047A68B2EBA40F40F23A860BF130
:1074A000040BD9F804200024002A40F36584002E40
:1074B000B7D1FB627B693BB1BB68ABEB03017B6877
:1074C000B3EBA10F00F24D877B6A002B7FF45DAE1A
:1074D000C5E344F001040A230326FB61A74B3B618B
:1074E000D9F80430002B29DCD9F83010002900F03D
:1074F000DF8509F14003994204D0386B7A63F6F7CF
:10750000D5FB7A6B0023C9F83030D9F83C30C9F884
:107510000430002B00F0CC85D9F83830C7F834B0EF
:10752000C9F800303CE744F001040823FB61944BA8
:1075300003263B61D9F80430002BD5DDD9F80000D3
:10754000904D0378EB5C190741F1148009F1400874
:107550007C6300234446904607E00130C9F80000F0
:107560000178695C0A0740F1A282D9F804100AF197
:10757000010A01390029C9F80410EEDCD9F83010ED
:10758000002900F09585A14203D0386BF6F78EFBF9
:107590000023D9F83C10C9F83030C9F8041000298C
:1075A00000F08685D9F83800D8E744F001040226B7
:1075B00096E7BB6A23B1B9F80C305B067FF5BFAE26
:1075C0003B6ADE8818687EB100248146A046051F0C
:1075D00055F8043F01341868F6F76CFC2B68A64296
:1075E000C3F80080F4D148464FF0FF33BB62ACE6ED
:1075F000002A08BF4FF0FF3204F0100314F0010519
:107600007B6100F03183002B40F0ED84B9692006E6
:1076100051F8043BBB60B96140F1D4867A62002B1B
:107620003FF48BAE8020F6F73DFC7A6A06460028D0
:107630003FF480AEBB6818603B6ADC889D88AC4232
:1076400080F0FB851868BB683E6040F824303B6AD8
:107650000134DC8020237B604FF0000BFC6A07F1D3
:107660006008C7F824A0FA62FBF736FB584500F023
:107670002C85D9E9003213F8011B013A032C08F8D4
:107680000B10C9F80420C9F800300BF1010B07F109
:10769000480A03D1DAF80030042B04D00822002174
:1076A0005046F5F74DFECDF800A031465B46424608
:1076B000386BFFF79BFA411C044600F00685002852
:1076C00040F0AC84054630600822002107F15000EC
:1076D000F5F736FEDFF8B0C02A4607F1580529460F
:1076E000386BDCF8E0C007F15003E047012814BF15
:1076F000002597F8585007F188035B5D002B00F0D8
:107700007D867B6A032C5B447B6200F08F84FB6A7E
:10771000013BFB627B694BB9BB68043633B13B6804
:10772000F51A7B68B3EBA50F40F2E384D9F8043077
:107730004FF0000B002B40F38584FB6A002B93D1A4
:10774000D7F824A0FC627B69002B7FF41EAD336068
:10775000BB68002B00F083823B687A68F11A8B10BB
:1077600001339A4240F27B82BC6804312068FDF705
:10777000B7FB002800F07382206070E2AD64010066
:107780001D66010035180200100700200026531E58
:10779000262B8ABFA2F127084FF00008272209F103
:1077A00040037B62334607F1600B5D46C7F81480E7
:1077B00090465A46D346D7F81CA044F45864D9F8EA
:1077C000001091F800C0ACF12B004D283CD8DFE848
:1077D00000F0753B753B3B81636363636363637A6E
:1077E0007A3B3B3B3B3B3B3B2727272727273B3B22
:1077F0003B3B3B3B3B3B3B3B3B3B3B3B3B3B3B69AB
:107800003B3B3B3B3B3B3B3B2727272727273B3B40
:107810003B3B3B3B3B3B3B3B3B3B3B3B3B3B3B698A
:10782000BAF10A0F10DD24F4386405F801CBD9F859
:10783000040001380028C9F8040067DD0131B8F1FF
:107840000108C9F80010BAD1C7F81CA0DA4693465F
:10785000E00505D55D4500F2C3825D453FF46DADA1
:1078600014F0100213D15946FB69386BD7F810C0D9
:107870002A70E047BB69A10603F1040840F1A98220
:107880001B681860BB6AC7F818800133BB62A5EBA0
:107890000B053544AA4478E49F4824F4386430F951
:1078A0001AA0C2E704F4C060B0F5007FCCD124F484
:1078B00000744FF0100A44F4A064B6E72006C3D564
:1078C00024F08004B1E7944830F91AA0BAF1080F07
:1078D000A9DCB9E72005A8D5BAF1000F03D14FF014
:1078E000080A44F40074600500F17082786924F499
:1078F000607418B10138786108F10108D9F8040002
:10790000013601380028C9F8040097DCD9F8301096
:10791000002900F04886786A814205D0386BFA6108
:10792000F6F7C4F90023FA69D9F83C10C9F83030E9
:10793000C9F80410002900F03686D9F838107EE71F
:10794000002A08BF4FF0FF32E00704F0100340F1B7
:107950002481002B40F03E83B96951F8040BB961D2
:107960002106786240F13D85BB607A6100283FF4D2
:10797000E4AC8020F6F796FA7A698046BB68002866
:107980003FF4D8AC796A0860396ACC888D88AC42FB
:1079900080F03D840868C6464FF0200C796A40F8B4
:1079A0002410396A0134CC80D9F800105B4D097875
:1079B0006E5C16F0080661D1C7E9015E93461D466C
:1079C000C7F814C0FBF788F9B04200F07E83D9E90C
:1079D000003213F8011B013AC9E9003207F16003D4
:1079E00099553B60FB6A0136032B07F1580402D11D
:1079F0002368042B04D0082200212046F5F7A0FCC0
:107A000000943A6833464146386BFFF7EFF8421C62
:107A1000F86200F05A83002840F06284C8F8000041
:107A2000FFF7B0F9002840F0A684B2440BF1FF3B09
:107A3000002D40F0C0847B6A08F10408002B00F0A0
:107A4000BA84BB68A8EB03047B69B3EBA40F40F2D4
:107A5000FF852E46D9F80430002B40F3CC85D9F8A9
:107A600000301B787A68D35C1C0702D4BBF1000F8E
:107A7000A8D12B46D7F814C0D7F808E0002B7FF424
:107A800084ABC8F800307B6A002B00F0E880A8EBDC
:107A90000E018A100132944540F2E18018680431E9
:107AA0001C46FDF71DFA00287FF466AED7E07C6B1C
:107AB0004246C7F834B076E40025D9F8042009F12D
:107AC00040040FE0D9F800301A78144901338A5C79
:107AD00012077FF55AABD9F804200AF1010A013ADE
:107AE000C9E90032002AEDDCD9F83010002900F095
:107AF000D783A14202D0386BF6F7D8F8D9F83C30DA
:107B0000C9F83050C9F80430002B00F0C983D9F807
:107B10003830C9F80030D7E7705502003518020038
:107B20007A6A002A40F00882BB69240653F8045B95
:107B3000BB6140F10783002D3FF4FFAB3046F6F701
:107B4000B1F90446002800F0C7823B6A2860B3F808
:107B50000680B3F804B0D84580F0E98318683A6A23
:107B600008F10103D38040F82850CDF80090214659
:107B700033460122386BFFF78DFA044600283FF4A4
:107B800018AD864240F2D58001462868FDF7A8F975
:107B9000002800F0CE802860CBE0002B40F06D8400
:107BA000BB6914F0800453F804BBBB6100F023826E
:107BB0007A62BBF1000F3FF4C0AB2020F6F772F9F8
:107BC0000646002800F088823B6A7A6ADC889D8835
:107BD000CBF80000AC4280F0C28218683B6A40F8E3
:107BE00024B00134DC802024D9F80000B94D03789A
:107BF000EB5C190700F1CA825346B046AA46154607
:107C0000D9F80420013AC9F80420421CC9F8002020
:107C1000027808F8012BBBF1000F04D0A8EB060294
:107C2000A24280F07283013D0BD0D9F80420002AD3
:107C300040F30584D9F8000002781AF802201207F0
:107C4000DED59A464346991B46468A4401310023B5
:107C50003370BBF1000F02D08C4200F2E683BB6AA6
:107C60000133BB62FFF791BA7B69002B40F01881AA
:107C7000BB6914F0800453F8046BBB6100F09E8371
:107C80007A62002E3FF459AB2020F6F70BF9054637
:107C9000002800F021823B6A7A6ADC88998830608B
:107CA0008C4280F0858218684FF0200B3B6A40F8C8
:107CB00024600134DC80D9F8001007F188080B78C3
:107CC00018F80330002B3FF438ABC7F814A02C464B
:107CD000C246904609F140037B622846D9F8045019
:107CE000013DC9F804504D1CC9F80050097800F84E
:107CF000011B16B1051B5D452CD20546B8F10108E4
:107D00000BD0D9F80410002940F3B881D9F800103D
:107D100008781AF800000028DFD12C1BD7F814A02F
:107D20003FF40BAB00232B701EB1611C8B4500F29E
:107D30000384BB6AA2440133BB62FFF726BA14F086
:107D40008F0F7FF4FAAA02EB820205EB4202303A6F
:107D5000FFF712BB4FEA4B0B20465946FDF7C0F820
:107D60000446002800F0B88105443060C6E7D9F821
:107D70000420002A3FF755ABD9F83010002900F055
:107D8000C98309F14002914204D0386BFB62F5F7D8
:107D90008DFFFB6A0022C9F83020D9F83C20C9F8D1
:107DA0000420002A00F0B683D9F83820C9F8002052
:107DB000002E7FF436ABFFF77CBB44F40074102335
:107DC000FB61454B03263B61FFF78ABB24F4B0649B
:107DD0002BE5220740F14982BB691B68187051E509
:107DE00015F8011C4A46386B013DFFF7F9F834E5F8
:107DF00023077FF4A2AA75786C2D00F066825E4698
:107E000044F00104FFF738BA594607F188007A6256
:107E1000FAF71CF901267A6A44F040047863FFF708
:107E2000BABAE10600F18A81BA6952F8043BBA6134
:107E3000220700F18181660740F1FA83A3F800A0D0
:107E4000C7F834B0FFF7A1B925077FF476AA757893
:107E5000682D00F034825E4644F00404FFF70CBA4B
:107E600014F08F037FF469AA3D6A002D00F0C082F0
:107E7000757844F080045E46FFF7FEB944F4087458
:107E80009DE70A23FB61144B03263B61FFF728BBE8
:107E900022437FF452AA757810245E46FFF7ECB9AE
:107EA000D9F8003007F18808197818F8011000296E
:107EB0003FF443AA0133C9F80030D9F80430012A4D
:107EC00003F1FF33C9F8043000F06F81934609F1E4
:107ED000400417E0351802001D660100D9F8003093
:107EE0001A78013318F80220002A00F05E81C9F8E0
:107EF0000030D9F804300136013B5E45C9F8043042
:107F000000F05381002BE9DCD9F83010002900F093
:107F10003F81A14202D0386BF5F7C8FED9F83C305A
:107F2000C9F83050C9F80430002B00F03181D9F87D
:107F30003830C9F80030D3E7D9E90002B24280F204
:107F400099831C4609F14003C7F824A025469A46A8
:107F5000D9F830101044A346B046C9F800001444C4
:107F6000B61A002900F03283514502D0386BF5F77C
:107F70009DFED9F83C20C9F83050C9F80420002AE9
:107F800000F02483D9F8380096424FF00001C9F878
:107F90000000DFDCD7F824A008EB0B04921B304470
:107FA000C9E90002A244FFF7F0B84FF0000BC7E99F
:107FB00001BBC7F814B0FFF730BA0023FB61C64B12
:107FC0000326C7F834B03B61FFF7E5B9C7F834B012
:107FD000FFF7F7B84FF0000C07F13C018846E64682
:107FE000C7F824C0E0E4002307F13C067B603B6057
:107FF000BB60FFF731BB5E46A346F5E5821C3FF44C
:10800000B6AE0328A24402D12A68042A00D0013E59
:108010007A6A002A3FF439AAFFF743BA821C0CD0CF
:1080200035686B1C7FF450ABFFF765BBDAF80030A6
:10803000042B7FF46CABFFF76DBBD9F80430002B39
:108040003FF712ABD9F83010002900F07E8209F119
:108050004003994202D0386BF5F728FE0023C9F897
:108060003030D9F83C30C9F80430002B00F06D8274
:10807000D9F83830C9F80030FFF75FBBD9F83010B5
:10808000002900F07B827B6A994202D0386BF5F7B9
:108090000DFE0023D9F83C10C9F83030C9F804109F
:1080A000002900F06B82D9F83810C9F800102FE6CB
:1080B0000022B9F80C30D9F8101043F02003C9F8A9
:1080C0000010A9F80C30C9F80420BB6A23B1B9F834
:1080D0000C305A067FF531A93B6A002B7FF470AA59
:1080E0004FF0FF33BB62B86A07F5C677BD46BDE8FF
:1080F000F08F3868D900FCF7F3FE386000283FF4B1
:1081000019A97B68BA685B00461910607B60FFF7AD
:108110000DBBB868D1001546FB62FCF7E1FEB86004
:1081200000283FF407A97A696B007B6000EB040B21
:10813000FB6A1060FFF7B3B983F800A0C7F834B04A
:10814000FFF723B8CDF80090334629460122386B5B
:10815000FEF7A0FF044600287FF4EBADB5E74FF62D
:10816000F6739D427A623FF62BAAD7F82080083535
:10817000D8F80000A900FCF7B3FE00283FF420AABD
:108180007A6AA8F80450C8F8000027E501215EE5E6
:108190000023C9F80430B9F80C3043F02003A9F8E3
:1081A0000C30D9F81030C9F80030B244FEF7EDBFFA
:1081B0004FF6F67399427A623FF602AAD7F820B0DA
:1081C00001F10808DBF800004FEA8801FCF788FE9F
:1081D00000283FF4F5A97A6AABF80480CBF80000D8
:1081E00062E54FF6F6739D423FF6A4A8D7F82080CB
:1081F0000835D8F80000A900FCF772FE00283FF40B
:1082000099A8A8F80450C8F80000FFF7FCB84FF68A
:10821000F6718D42BB607A613FF68CA83E6A0835E4
:108220003068A900FCF75CFE00283FF483A8BB6817
:108230007A69B5803060FFF7AEBB4FF6F6739D42AA
:108240007A623FF677A8D7F820800835D8F8000082
:10825000A900FCF745FE00283FF46CA87A6AA8F84C
:108260000450C8F80000FFF7EEB9630774D414F0A7
:10827000010240F0DA81A10740F1D781174B39693B
:10828000386B99425946FB6900F0F681FEF7A8FB6E
:108290000B46BA691168C1E90003FFF7F3BAA244BB
:1082A0000023C9F80430B9F80C3043F02003A9F8D2
:1082B0000C30D9F81030C9F80030FEF766BFB57839
:1082C00044F008040236FEF7D7BFB57844F0020444
:1082D0000236FEF7D1BF00BFAD6401001D6601008C
:1082E000FB6A02333FF4B6ABD8F80000FEF74AFD54
:1082F000002840D1FB6AB244032B7FF497AB23687C
:10830000042B7FF493ABFFF793BB64003046214608
:108310007B617A62FCF7E4FD064600283FF4DCAEA0
:108320007A6A7B6900EB0208CBF800007BE44FF629
:10833000F6739B453FF644A93B6A0BF1080B18689E
:108340004FEA8B01FCF7CCFD00283FF439A93B6ACA
:10835000A3F804B0186002E4BB691B681880FFF73B
:1083600091BA7C692068FCF7BBFD00283FF4ACA8FB
:108370002060FFF7A9B82B46D7F814C0D7F808E05B
:10838000D7F800B0002E3FF479ABB3445D46F34616
:108390003C6BC7F814C0BB60013E4A46204615F846
:1083A000011DFEF71DFE002EF6D1DE46D7F814C0E3
:1083B000BB68FFF763BB0026FFF74CBB3546A346FF
:1083C000264678E47B69BE68C7E90033BB60FFF7E7
:1083D00043B97B6AD7F814B0C7E901337B61FFF773
:1083E0001CB8D7F824809C469E467B62FFF7DCBA17
:1083F00082B0CDE9023302AB3B6239E5D7F824A065
:10840000FC62BBF1000F3FF49EA95D4608EB0B0434
:10841000D7F83080013D4A46404614F8011DFEF76A
:10842000DFFD002DF6D1FFF78EB9DBF80000FCF779
:1084300057FD00283FF413ACCBF800000FE4D9F847
:108440003010002900F01C8109F14002914204D053
:10845000386B7B62F5F72AFC7B6A0022C9F8302072
:10846000D9F83C20C9F80420002A00F00981D9F885
:108470003800C9F80000FFF7DFBBD9F800309A4D8B
:108480001978695C11F008087EF47FAE0133C9F8F1
:108490000030D9F80430012A03F1FF33C9F8043061
:1084A00008BF0AF1010A3EF470AE09F14006934696
:1084B000324601244646904612E0D9F800301A7838
:1084C0000133AA5C10073FF56DADC9F80030D9F84B
:1084D00004300134013BA345C9F8043000F0B280F8
:1084E000002BEADCD9F8301000293FF4D8AE414522
:1084F00002D0386BF5F7DAFBD9F83C30C9F83060B8
:10850000C9F80430002B3FF4CAAED9F83830C9F8A6
:108510000030D4E7FB620023C9F80430B9F80C300E
:1085200043F02003A9F80C30D9F81030C9F8003016
:10853000002C3EF4BFAFC8E53068FCF7D1FC002842
:108540003FF4F7AB3060FFF7F4BB0023C9F8043009
:10855000B9F80C30D7F824A043F02003A9F80C3068
:10856000D9F81030FC62C9F80030BBF1000F3FF4BD
:10857000EAA8AAE5C7F834B0FEF715BF0023C9F88A
:108580000430B9F80C30A54243F02003A9F80C30B0
:10859000D9F81030D7F814A0C9F800303FF495ADE1
:1085A0002C1BFFF7BFBB0023C9F80430B9F80C300F
:1085B000C7F81CA043F02003A9F80C30D9F81030FC
:1085C000DA46C9F800309346FFF742B90023C9F8EC
:1085D0000430B9F80C30D7F824A043F02003A9F8F0
:1085E0000C30D9F81030C9F80030002C3FF46DADD4
:1085F000A244FEF7CABDD9F83010002955D009F1C0
:108600004003994202D0386BF5F750FB0023C9F8BC
:108610003030D9F83C30C9F80430002B45D0D9F8B7
:108620003830C9F80030FFF71CBABB69FFF728B92A
:10863000E5070AD4A40708D54FEAEA72C3F800A0F8
:108640005A607BE5DA44FEF7A0BDC3F800A075E5EB
:10865000B868D9001E46FCF743FCB86000283EF419
:1086600069AE7A6A730000EB04082E4610607B61E5
:10867000FFF7F0B9344691E4FEF79AFA0B4608E6A4
:108680009A464346991B0023C9F80430B9F80C30C8
:108690008A4443F02003A9F80C30D9F8103046463C
:1086A0000131C9F80030FFF7D2BA0022C9F804201E
:1086B000B9F80C202B4642F02002A9F80C20D9F87A
:1086C0001020D7F814C0D7F808E0C9F80020002E11
:1086D0007FF4FBACFFF7D2B9D7F834B0FEF704BF94
:1086E000D7F834B0FEF72ABF351802002DE9F04F55
:1086F000DDB00C4691460D910F938346FAF7FEFAD2
:10870000036818461A93F5F79DF90822189000217E
:108710002CA8F4F715FEA389180603D52369002BAE
:1087200000F01587002300249E46CDE93133002355
:1087300033AACDE91634DA4614464D46CDE91BEE90
:108740003092CDF864E0CDF880E0CDF874E0CDF85B
:1087500028E0CDF848E02F466E4BD3F8E460FAF7F6
:10876000BBFA0DF1B00C03463A46504628A9CDF8A5
:1087700000C0B047002800F09F80C0F29580289B81
:10878000252B01D00744E7E7B7EB0508064640F084
:10879000978000224FF0FF33934609937B787E1C2D
:1087A0008DF897200B9299460136A9F120035A2B98
:1087B00000F2B280DFE813F0F302B000B000EF0285
:1087C000B000B000B000FD02B000B0006A00350299
:1087D000B0002702D202B000CE025B005B005B005B
:1087E0005B005B005B005B005B005B00B000B00007
:1087F000B000B000B000B000B0002801B000AA0185
:108800003E02280128012801B000B000B000B000ED
:108810003A02B000B000A802B000B000B000D00131
:10882000B000BC02B000B0008A06B000B000B000DA
:10883000B000B000B000B000B0002801B000AA0144
:1088400001022801280128012B0201027400B00056
:108850006402B0005502AF066E027400B000D00191
:108860007200AC06B000B000B206B0007200002288
:10887000A9F1300316F8019B02EB820203EB4202DE
:10888000A9F13003092BF5D90B928EE70F9B53F812
:10889000042B002A0B920F93C0F2B281337882E747
:1088A00033784BF0200B7EE7082200212CA8F4F748
:1088B00047FD012007444FE7B7EB0508064610D0F7
:1088C000329BC4E9005843443293319B0133072B58
:1088D000319315DC08340A9B43440A93002E7FF43D
:1088E00058AF329B002B41F05E810D9B9B8903F0BA
:1088F0004003002B41F080830A985DB0BDE8F08F03
:1089000050460D9930AA01F087FC0028EDD133AC18
:10891000E1E700BF100700201096B9F1000FE0D08A
:10892000012300228DF80C91069343AD8DF897201A
:108930000C93CDE913220E92099211921BF00203BF
:1089400002D00699023106911BF08408329E05D1AF
:108950000B9906980F1A002F00F39B806AB1012231
:108960006260319A013601320DF19701072A329681
:108970003192216000F3D883083463B1022363602D
:10898000319B0236013326AA072B3296319322609F
:1089900000F3BF830834B8F1800F00F0BF82099B59
:1089A0000C9A9F1A002F00F3F9821BF4807F40F08D
:1089B0001E820C9B25601E446360319B32960133FE
:1089C000072B319300F33F8308341BF0040F05D0CD
:1089D0000B9B069A9D1A002D00F3B383DDE90A3242
:1089E00006998A42ACBF9B185B180A93002E40F090
:1089F0000883002331930E9B1BB150460E99F5F767
:108A000055F933AC109DA6E60F9B1096073323F063
:108A10000703F3E802670F9327F000431F931E96A6
:108A20004FF0FF32DDE91E01B24BCDE9166704F0CD
:108A3000FBF9002840F0F484DDE91E014FF0FF321D
:108A4000AC4B04F0D3F9002840F0EA840022002364
:108A50003046394604F0C0F9002840F0B2879DF84E
:108A6000972000210320A44DA44B2BF0800B0E91E6
:108A70000690B9F1470FD8BF1D46CDE913110991F2
:108A80000C901191002A3FF459AF069B01330693D5
:108A900054E7102F319A41F30D82DFF864C221466A
:108AA00030460D9C2E46CDF854C06546219304E017
:108AB000103F102F01F1080116DD10230132103094
:108AC000072ACDE931200D604B60F1DD214650468B
:108AD00030AA01F0A1FB002840F09B82DDE93120A3
:108AE000103F102F33A9E8DC35460C460646219B83
:108AF000013215993E44072ACDE93126216067608D
:108B000000F381869DF89720083427E70F9BB9F181
:108B1000430F109603F1040603D01BF0100F00F072
:108B20000185082200212EA8F4F70AFC0F9A43AD14
:108B30002EAB294650461268FEF7B2F803460133C1
:108B40000C9001F054820C9B23EAE37306930022FD
:108B50000F968DF89720ECE600230F9F109657F89C
:108B6000045B8DF89730002D00F00085B9F1530FAC
:108B700000F094861BF01003119340F08F86099B40
:108B8000002BC1F21B801A4628461199FAF762F9A8
:108B90000E90002801F081820E9B11995B1B0C93B3
:108BA00023EAE3734FF07309CDE913119DF8972081
:108BB0000F97099106930E9164E71BF0200F109612
:108BC0003ED00F9B073323F007031846596850F82F
:108BD000083B0A460F900029C0F2CA830999002970
:108BE000C0F2888253EA02012BF0800740F08382B2
:108BF000099A002A40F08482BB460C925CAD64E185
:108C00000B9B5B420B9333784BF0040BCBE5337833
:108C1000682B03BF73784BF4007B01364BF0400B9D
:108C2000C1E52B238DF897303378BCE533784BF0D2
:108C3000080BB8E54BF0100B1BF0200F1096C0D1BD
:108C40000F9A1BF0100F52F8043B0F9240F0C283B2
:108C50001BF0400F00F0BA8343F3C03211461BB241
:108C6000B9E71BF0200F109600F0C5830F9B0A9AFE
:108C70001B681A60D2175A600F9B04330F93C1E62A
:108C800033786C2B03BF73784BF0200B01364BF01D
:108C9000100B88E547F630030F9AADF8983052F87C
:108CA000043B02210F924FF07809002215481096DC
:108CB0004BF0020719900020099D8DF89700002DB8
:108CC000C0F2EC8053EA020027F0800B40F0E58010
:108CD000002D40F0D285002940F0538317F00103A6
:108CE0000C9300F0718330230DF26F158DF86F3106
:108CF000EBE000BFFFFFEF7F4819020044190200BC
:108D0000A45502005419020010964BF0100B1BF0F2
:108D1000200200F012830F9B073323F0070319464C
:108D20005A6851F8083B0F9100212BF48067C2E785
:108D300010964BF0100717F0200200F00B830F9BEA
:108D40000121073323F0070318465A6850F8083BFF
:108D50000F90B0E733784BF0800B24E5314611F8E3
:108D6000019BB9F12A0F01F02882A9F13003092BE8
:108D700098BF002201F2A28011F8019B02EB82024F
:108D800003EB4202A9F13003092BF5D942EAE27361
:108D90000E46099309E533784BF0010B03E59DF886
:108DA00097203378002A7FF4FEAC20228DF897209C
:108DB000F9E45046F9F7A2FF436818461D93F4F70B
:108DC00041FE209007465046F9F798FF83681B93B1
:108DD000002F3FF463AD1B9A3378002A3FF4E3ACD5
:108DE0001278002A3FF4DFAC4BF4806BDBE4B9F17E
:108DF000650F40F33781DDE916010022002303F0FF
:108E0000E1FF002800F0D88101236360319B934A81
:108E100001330136072B32963193226000F33285FD
:108E20000834279B129A934280F2C982189B1A9A9F
:108E30001E44C4E90023319B32960133072B319342
:108E400000F37A830834129B5D1E002D7FF7BDADC1
:108E5000102D319B40F3EB80DFF804921027DDF8F2
:108E60003480CDF8549004E00834103D102D40F3C8
:108E7000E08001331036072BC4E90097CDE9313685
:108E8000F2DD4146504630AA01F0C6F9002840F014
:108E9000C080DDE9313633ACE7E75F46012900F0F9
:108EA0002A8102295CAD1ED1199803F00F01415CA3
:108EB0001B0943EA0273120905F8011D53EA020176
:108EC000F3D1BB465CAB5B1B0C93099A0C99002356
:108ED0008A42B8BF0A46CDE9133306920E939DF835
:108EE00097201193CEE503F00701DB0843EA4273B4
:108EF000D208303153EA0206284605F8011DF2D1A6
:108F0000FB07DED53029DCD03023023805F8013CE0
:108F10005CAB1B1ABB4605460C93D6E70B9B069A27
:108F20009F1A002F7FF73BAD102F319B41F35B80E1
:108F30004B48224631464FF0100806460D9C1590CE
:108F400004E0103F102F02F1080214DD013310314C
:108F5000072BC2E90068CDE93131F2DD21465046E8
:108F600030AA01F059F9002853D1DDE93131103F21
:108F7000102F33AAEADC14460E460133159A3E44FC
:108F8000072BCDE931362260676000F3C084099B6E
:108F90000C9A08349F1A002F7FF707AD304A102F24
:108FA000319B159221DD32464FF010082E460D9D63
:108FB00004E0103F102F04F1080414DD01332849A8
:108FC0001032072BC4E90018CDE93132F1DD294612
:108FD000504630AA01F020F9D8B9DDE93132103F0E
:108FE000102F33ACEADC354616460133159A3E4461
:108FF000072BCDE931362260676000F39281083497
:10900000D3E450460D9930AA01F006F900283FF448
:10901000F0ACD3460E9B002B3FF467AC58460E993C
:10902000F4F744FE0D9B9B8903F0400361E40C4A76
:109030001592159A01332E44072B22606560CDE905
:1090400031367FF7C1AC50460D9930AA01F0E4F8F3
:109050000028DED1329E33ACB7E400BF8419020091
:1090600094550200129B319F012B06F1010607F176
:10907000010704F1080940F310810123072FCDE90E
:1090800031762560636000F38081189B01371A9A5E
:109090001E44072FC9E90023CDE9317600F3828110
:1090A00009F10809129B0022DDE916015C1E00236C
:1090B00003F088FE002840F009810137013526447D
:1090C000072FCDE93176C9F80050C9F8044000F304
:1090D000F08009F108091C9B01371E44C9F80430CF
:1090E000072F2AABCDE93176C9F80030ABDC09F1A6
:1090F00008046AE45F460A2B72F1000180F02583C0
:1091000030338DF86F310123BB460C930DF26F1590
:10911000DBE650460D9930AA01F07EF800287FF476
:1091200078AF329E33AC36E450460D9930AA159391
:1091300001F072F800287FF46CAF329E159B33ACBF
:109140001BE4102D319B40F33187DFF8CC821027D0
:10915000DDF83490CDF8548004E0103D102D04F17A
:10916000080415DD01331036072BC4E90087CDE96B
:109170003136F2DD4946504630AA01F04DF800285C
:109180007FF447AFDDE93136103D102D33ACE9DC1B
:109190000133159A2E44072BC4E90025CDE9313659
:1091A0007FF71CAC50460D9930AA01F035F8002825
:1091B0007FF42FAF329E11E42799002940F33383C7
:1091C000DDE911839845A8BF9846B8F1000F0ADD84
:1091D000319B46440133072BC4E900583296319342
:1091E00000F33E860834119FB8F1000FA8BFA7EB2B
:1091F0000807002F00F3CB81DDF844901BF4806F4B
:10920000A94440F0EA81279B129A9342C0F27182EE
:109210001BF0010F40F06D82129AAF18A7EB0907FF
:10922000D51AAF42A8BF2F46002F0BDD319B3E441D
:109230000133072BC4F8009067603296319300F336
:1092400085860834002FA8BFED1B002D7FF7BDAB2E
:10925000102D319B7FF7EBAEDFF8C0911027DDF8C2
:109260003480CDF8549004E00834103D102D7FF781
:10927000E0AE01331036072BC4E90097CDE9313653
:10928000F2DD4146504630AA00F0C6FF00287FF4C8
:10929000C0AEDDE9313633ACE7E71BF0010F7FF4F8
:1092A000ECAE0123072FCDE93176256063607FF7AF
:1092B00012AF50460D9930AA00F0AEFF00287FF49F
:1092C000A8AEDDE931760DF1CC0904E7129B012B44
:1092D0007FF701AF112B40F37F87504BCDF824B0BF
:1092E00010259B46DDF83480159305E009F1080947
:1092F000103C102C40F33C8301371036072FC9E98E
:1093000000B5CDE93176F1DD4146504630AA00F096
:1093100083FF00287FF47DAEDDE931760DF1CC09C5
:10932000E6E750460D9930AA00F076FF00287FF45A
:1093300070AE329E33ACFFF738BB0F991BF01000B4
:1093400051F8043B55D11BF040054ED002460F9119
:109350009BB2E9E40F9917F0100051F8043B41D19A
:1093600017F040053AD00F91024601219BB2A2E4CA
:109370005B425F464FF02D004FF0010162EB42026D
:109380009AE4099B5CAD0C939FE550460D9930AA79
:1093900000F042FF00287FF43CAEDDE931760DF1AC
:1093A000CC0972E650460D9930AA00F035FF00282E
:1093B0007FF42FAEDDE931760DF1CC0972E61BF0BA
:1093C000010F3FF402AB31E55CAD7EE51BF4007F9D
:1093D00040F04F83DA171146FFF7FDBB17F4007218
:1093E00040F052830F91012165E41BF4007240F0BC
:1093F00046830F9198E41BF0100F40F094821BF00D
:10940000400F40F0CA831BF4007F00F08C820F9B5A
:109410000A9A1B681A702FE4A455020094550200A2
:10942000DDE9160102460B4603F0FEFC002840F081
:109430001C86B9F1610F00F01F85B9F1410F00F0F2
:109440004A85099B013300F0EF8329F02003472B65
:1094500000F0E1850E90DDE91612002A13464BF468
:109460008078C0F2E68400231593DDE91623CDE968
:109470002223A9F14103252B00F20E83DFE813F02C
:1094800018040C030C030C03D803A5040C030C03F1
:109490000C030C030C030C030C030C030C030C0354
:1094A0000C030C030C030C030C030C030C030C0344
:1094B0000C030C030C030C030C030C030C030C0334
:1094C00018040C030C030C03D803A504A64B109638
:1094D00019931BF0200200F01A810F9B073323F031
:1094E000070319465A6851F8083B0F911BF0010F0A
:1094F00009D053EA020106D030218DF899904BF043
:10950000020B8DF8981002212BF48067FFF7D3BB74
:109510005F4610960FE41096FFF7F9BB934B109639
:109520001993D6E70F9B43AD1B688DF80C310123CF
:1095300006930C93FFF70BBB50460D9930AA00F031
:109540006BFE00287FF465AD329E33AC7BE4402196
:109550005846F4F7B7FC0D9B18601861002800F01E
:109560003F8640230D9A5361FFF7DCB8099B2946DB
:10957000062B28BF06232A4609950E95CDE913111F
:109580007B4D06930F970C931191FFF77BBA102F29
:10959000319B40F31D86774932464FF010090E4645
:1095A000DDF83480159104E00834103F102F40F3AB
:1095B000EE8101331032072BC4E90069CDE9313265
:1095C000F2DD4146504630AA00F026FE00287FF426
:1095D00020ADDDE9313233ACE7E7129B2246EB18D0
:1095E0000993139B4C46002B3146DDF85080CDF893
:1095F00044B0DDF86C90209EDDF834B0149531DD78
:10960000B8F1000F40F3338108F1FF3831981D9B0A
:10961000013031440728C2E900363291319000F31D
:1096200089800832099B99F800001F1B8742A8BF58
:109630000746002F0CDD3198394401300728C2E974
:1096400000473291319000F3558199F800000832BB
:10965000002FB4BF0546C51B002D14DC0444139B2A
:10966000002BCDDCB8F1000FCEDCCDF86C90A1461C
:10967000149D129B1446EB1899450E4628BF994637
:10968000DDF844B0BFE5102D31983A4B23DD0C9442
:1096900010272C461D4604E0103C102C02F1080255
:1096A00016DD0130334B10310728C2E90037CDE910
:1096B0003101F1DD5946504630AA00F0ADFD0028D9
:1096C0007FF4A7ACDDE93101103C102C33AAE8DCB3
:1096D0002B4625460C9C013029440728CDE9310151
:1096E0001360556000F3AD8399F80000083204441C
:1096F000B5E7189A1A991644C4E90012319A3296BD
:109700000132072A319200F3C883083484E50F99A7
:109710001BF0100051F8043B0AD11BF0400503D0A8
:1097200002460F919BB2E1E61BF4007240F09D816E
:109730000F91DBE65946504630AA00F06DFD002837
:109740007FF467AC329933AA6CE707F480610C9719
:109750000E944FF0000E0F46DFF81CB01B9C0DF569
:10976000B87CCDF8189010E0681902005419020076
:109770007C19020094550200CDCCCCCC0A2B72F19E
:10978000000237D343463246AC46991841F10001F6
:10979000ABFB010626F0030000EB96004FF0CC3641
:1097A000091A581A06FB00F662F10009A0FB0B80AB
:1097B0000BFB09660644052008F00109A9FB000916
:1097C00040184FEA5808303048EAC6780EF1010ECA
:1097D0000CF1FF350CF8010C7608002FCED0217863
:1097E0008E45CBD1BEF1FF0FC8D00A2B72F100021B
:1097F00080F0DA801B94DDF818900C9F0E9CCDF859
:1098000048E0FFF75EBB50460D9930AA159300F073
:1098100003FD00287FF4FDAB9DF89720329E159B39
:1098200033ACFFF79BB801236360319B994A013346
:109830000136072B32963193226000F3FE80083404
:10984000002976D1129A0BF0010313433FF4BDA80F
:10985000189B1A9A1E44C4E90023319B32960133A7
:10986000072B319300F3D38104F1080272E0139BBC
:1098700009F1FF39013B1393C8E601295F467FF4E4
:1098800010AB3DE450460D9930AA00F0C5FC00280D
:109890007FF4BFAB329E33ACFFF7C3BA0DF1B8080B
:1098A0000822002140462995F3F74AFD099B002B29
:1098B000C0F28C8000260697CDF830903746994646
:1098C0000FE04346504643A9FDF7EAF9421C06F172
:1098D0000406384400F0BD83484506DC00F0FE83F2
:1098E0000746299B9A59002AEBD1DDF830900C9756
:1098F000069F79E05946504630AA00F08DFC0028BA
:109900007FF487AB99F80000329933AAA0E650465D
:109910000D9930AA00F080FC00287FF47AAB329ECB
:1099200033ACFFF73CB80F9B0A9A1B681A60FFF72D
:10993000A3B9189B1A9A1E44C4E90023319B32969E
:109940000133072B319300F3628104F108020029EF
:10995000C0F20B83129901330E44072BCDE9313647
:10996000156051603FF76FAB02F10804FFF72DB8A7
:10997000DDF824B00137159B2644072FCDE9317659
:10998000C9F80030C9F804407FF7A3AB91E416464C
:109990000133159A3E44072BCDE9313622606760CA
:1099A00000F32981083427E4209B1D99ED1A1A46FB
:1099B0002846F8F757FC637803B101344FF0000EE6
:1099C000E0E62D228DF89720FFF74BB80023504694
:1099D0001946CDF8008029AAFDF7B4F903460133F2
:1099E0000C9000F0368329950C9B002B31D0632B13
:1099F00000F3F780002343AD0E9308220021404678
:109A0000F3F79EFC0C9E294633465046CDF8008065
:109A100029AAFDF797F9864240F0F28300230C9AB9
:109A2000CDE9133322EAE271AB549DF897200F97EA
:109A3000069109931193FFF725B850460D9930AA66
:109A400000F0EAFB00287FF4E4AA2799329E33ACA9
:109A5000F6E60C9B9DF89720CDE913330F970693FC
:109A6000099311930E93FFF70DB82A460F91DBB2BD
:109A70003CE543F3C01211465BB2FFF7ACB82A468F
:109A80000F91DBB2FFF750B90F912A460121DBB2EB
:109A9000FFF711B984190200099B50460193022374
:109AA00000932EAB049329AB039327AB0293DDE91C
:109AB0002223F9F7F5FA1BF0010F054640F0078263
:109AC0002E9B1B1A1293279B1193119BD91C03DB0E
:109AD000099A9A4280F28E81119BA9F10209013BF9
:109AE000002127935FFA89F2002B8DF8A820B6BFDA
:109AF0002D222B22119B8DF8A920B8BFC3F10103A1
:109B0000092B40F392820DF1BF073A46DFF8D0C22D
:109B10001E461046ACFB0321C90801EB8102A3EBF2
:109B200042023032632E00F8012C0B4600F1FF3266
:109B3000EEDC303302F8013C831EBB4280F03A83F6
:109B40000DF1A90213F8011BBB4202F8011FF9D164
:109B50005CAB181AA0F1AD031C93129B1C9A012B4D
:109B60001A440C9240F370820C9B189A13440C9385
:109B70002BF4806343F4807B00230C9A149322EA35
:109B8000E272069213931193159B002B40F02181F2
:109B90009DF897200993FEF775BF0F9B0A9A1B68E3
:109BA0001A80FFF769B80D9C5046214630AA00F094
:109BB00033FBA38903F04003FEF79BBE2846F3F76F
:109BC00041FF119B20EAE0714FF07309CDE9133397
:109BD0009DF897200F970C90099306910E93FEF72E
:109BE00051BF5046591CF4F76DF90546002800F0A6
:109BF000FF820E9001E750460D9930AA00F00CFB51
:109C000000287FF406AA329E33ACFFF7F5BA50461F
:109C10000D9930AA00F000FB00287FF4FAA9DDE9D5
:109C20003136279933AA92E606230E90099312E45F
:109C30000223099A0132069200932EAB069E0493EA
:109C400029AB039327AB019602935046DDE922230B
:109C5000F9F726FA29F02007462F054618BF4527B1
:109C6000064405D12B78302B00F03781279B1E440A
:109C70000022DDE92201002303F0A4F8002840F0CF
:109C800022812E9BB34206D230215A1C2E9219708B
:109C90002E9B9E42F9D8279A11925B1B472F129355
:109CA0003FF413AF462F00F02681119B013B17E7CD
:109CB00027AADDE92201F9F71DF900224FF07F53B1
:109CC00002F018FE02460B46CDE9062300220023CF
:109CD00003F078F808B101232793099B414A591EE4
:109CE000414BCDE911B4B9F1610F08BF1A462E46B8
:109CF000D346CDF8309013958946DDE90645924666
:109D0000099207E00022002303F05CF8002840F0ED
:109D1000D181B9460022354B2046294602F0EAFDA2
:109D20000D46044603F096F8804602F079FD02469F
:109D30000B462046294602F025FC1AF80830B9F1F6
:109D4000FF3F324604460D4609F1FF3706F8013B56
:109D5000D8D11746264B0022CDE90645DA46DDF874
:109D60003090129CDDF844B0139D03F053F80028A6
:109D700000F0128209992E9716F8012CC97B334600
:109D8000914209D1302003F8010C2E9B5A1E2E92CD
:109D900013F8012C9142F6D0392A0BBF099A0132EF
:109DA000927AD2B203F8012C33465B1B1293279BA5
:109DB000B9F1610F119303F1FF33279300F0C281D2
:109DC00050224FF0410901218EE6099B069303239F
:109DD00032E72D2200238DF897200993FEF755BE18
:109DE000CDCCCCCC681902005419020000003040E0
:109DF0000000E03FDDE91123934200F3DB801BF01C
:109E0000010F119B00F04781189A13440C931BF427
:109E1000806F00F07A81119B4FF06709002B7DDC89
:109E20000C9B23EAE37306930023C346CDE9133367
:109E3000AAE622912D2103F1004315912393FFF708
:109E400018BB5946504630AA00F0E6F900287FF4C6
:109E5000E0A899F80000329933AA0444FFF7FFBB49
:109E600050460D9930AA00F0D7F900287FF4D1A808
:109E7000329E33ACFFF7B7B978238DF89930302391
:109E80008DF89830099B4BF0020B632B00F3B980DF
:109E9000002343AD0E93FFF7DEBA50460D9930AA6A
:109EA00000F0BAF900287FF4B4A8279B329E33ACA7
:109EB000FFF7B2B9AE491591FEF71ABE00230E4660
:109EC0000993FEF772BC279A33461192E5E6099B87
:109ED0004727C618CCE65823CFE70022DDE9220148
:109EE000002302F06FFF002800F02781279B1E440B
:109EF0001193731B12931199099A0BF00103002916
:109F000043EA020340F32D81002B40F001814FF022
:109F10006609119B0C931BF4806F81D01B990B7801
:109F2000FF2B00F061810026119A304604E00130D9
:109F30000131FF2B00F0D880934280F2D580D21AF5
:109F40004B78002BF3D10B780136F2E750460D9990
:109F500030AA00F061F900287FF45BA8279D129BCE
:109F6000329E33AC5D1BFFF76DB94F4210312CDAD6
:109F7000DFF800821024CDF8548003E00832103F4F
:109F8000102F24DD01331036072BC2E90084CDE900
:109F90003136F3DD50460D9930AA00F03DF9002826
:109FA0007FF437A8DDE9313633AAE8E7704A159225
:109FB000FFF7EEB8129B189A9A18119B0C92002B7F
:109FC00040F3AE804FF06709A5E76A491591013368
:109FD00015993E44072BCDE931361160576000F3E7
:109FE000B3800832B6E4634A1592FEF7C6BF0D9AF5
:109FF000938943F0400393814FF0FF330A93FEF7B8
:10A000007BBC5046591CF3F75DFF05460028EED097
:10A010000E90FFF720BA099B002B7FF41BAA099B27
:10A020000E9301230993FFF716BA002940F08280AE
:10A0300030228DF8AA200DF1AB02303302F8013B3B
:10A040002AABD31A1C9388E51BF0010F3FF490ADA7
:10A050008AE50022D3460D9B0E92B3F90C3043F0F3
:10A0600040030D9A9381FEF7D5BF179B0320002B69
:10A07000B8BF2D224FF00003A8BF9DF897201946C6
:10A080000E933D4D3D4BB8BF8DF897202BF0800BC4
:10A090000690FEF7EEBC0C93B9E6099B4FF07309EE
:10A0A000CDE913009DF897200F9706930C93099024
:10A0B000FEF7E8BC49460029DA46DDF83090129CEC
:10A0C000DDF844B0139DFFF66FAE4B1C30223146D5
:10A0D000334401F8012B9942FBD166E6099BDDF878
:10A0E0003090069F0C937FE4CDE913061B911192EB
:10A0F000DDE91332209913440C9AC34601FB032374
:10A100000C9323EAE37306933EE54FF0670987E675
:10A110001346189A4FF0660913440B440C93FAE661
:10A12000C3F101031A4422EAE2734FF067090C926B
:10A13000069379E60DF1AA027FE7069BC3F10103BE
:10A14000279394E570223EE650460D9930AA00F020
:10A1500063F800287EF45DAFDDE9313633AAFFF7FE
:10A16000F9BB6BB901234FF0660906930C935BE6CC
:10A17000A455020094550200501902004C19020027
:10A18000189B4FF0660903F1010B099B5B440C938C
:10A1900023EAE373069347E60022DDE906011C4B40
:10A1A00002F010FE00283FF4FFAD18F0010F3FF45D
:10A1B000FBADDFE502231C93CFE40F9A73780E46C4
:10A1C00052F8041B0F9241EAE1720992FEF7EBBAD2
:10A1D000104A1592FFF7DCBB0E4B1593FFF7CABB75
:10A1E0000C23CBF8003007E70023CDE913337FE7DA
:10A1F0000D9BD346B3F90C300E9043F0400330E78B
:10A200000D9BD346B3F90C3043F0400329E700BF60
:10A210000000E03F945502002DE9F0411546926898
:10A220002C68FAB107468846083402E01346083421
:10A23000C3B16B685E1E002B6E6013DD54F8046CB6
:10A24000002EF3D033464146384654F8082C01F02E
:10A25000ABFE431C07D0AA680834921B1346AA60C1
:10A26000002BE6D100200023C5E90133BDE8F081D1
:10A270002DE9F0410C46096B04F14003994214D0DA
:10A28000666B77003A46FAF735FE054630B300EBC9
:10A290000608014632464046F3F75EFBC4E90C5718
:10A2A000C4F800800020BDE8F0814FF48061F3F72E
:10A2B00009FE98B14FF4806194F8422020636163F5
:10A2C00080F8FF2394F8412000F2FD3380F8FE234C
:10A2D00094F8402080F8FD232360E3E74FF0FF303F
:10A2E000E1E700BF70B54C1C39D00E460546144658
:10A2F00010B1436B002B71D0626EB4F90C30D107F2
:10A3000001D49A054DD523F020025807A28106D426
:10A31000D9066DD51B0754D442F00402A281226BEA
:10A320006368F6B2F2B1626B9A420FDD23685A1E7F
:10A33000226003F8016C6368626E0133D2076360C8
:10A3400002D4A3899B0537D5304670BD21462846E7
:10A35000FFF78EFF0028E9D0636ED80751D54FF084
:10A36000FF36F1E7626E2069216802F0010228B130
:10A37000884203D211F8010CB04232D00320E363CB
:10A380002346C4E90D01012104F14005256303F8CA
:10A39000426FC4E90031002AD6D1A3899B05D3D4EA
:10A3A0000AE0A06DF3F7F0F9B4F90C3023F02002C5
:10A3B0005807A281B3D4ABE7A06DF3F7EDF93046AF
:10A3C00070BD21462846F7F7C9FB0028C4D1B4F96F
:10A3D0000C20A06022F00802A0619DE7F2F704FCC7
:10A3E0008AE701390133C4E90013002AACD1A8E798
:10A3F000626ED207B3D49905B1D4A06DF3F7CCF94E
:10A40000ADE7A389F7E700BF03460A46024908689B
:10A410001946FFF767BF00BFCC000020844610B488
:10A420000E4C1CF8013B11F8010BE25C02F0030238
:10A43000012A225C08BF203302F00302012A05D062
:10A440001B1A08D10028ECD110BC70472030181A14
:10A45000E7D010BC7047184610BC70473518020092
:10A46000830710B5044610D10268A2F1013323EA34
:10A47000020313F0803F08D150F8042FA2F10133FA
:10A4800023EA020313F0803FF6D003781BB110F8E3
:10A49000013F002BFBD1F8F77FFC204610BD00BF29
:10A4A0000B4632B913F8012B002AFBD1581A013898
:10A4B0007047013A16D010B401E0013A09D013F800
:10A4C000014B00F8014B002CF7D1581A013810BC91
:10A4D0007047027013F8012B002AFBD1581A01387B
:10A4E00010BC70470270DDE722B310B50244864607
:10A4F000114C04E01B1A1BD1B8B1964516D01EF8BA
:10A50000013B11F8010B14F803C00CF0030CBCF173
:10A51000010F14F800C008BF20330CF0030CBCF18D
:10A52000010FE7D12030181AE7D010BD002010BD70
:10A53000184610BD1046704735180200002001492A
:10A54000704700BF0000F87F144600B51A460A4B5A
:10A550000D461B6885B0DE6803464CB10749019182
:10A56000304607490294009500F060FD01F07CFD43
:10A5700004490C46F3E700BFCC000020001C020099
:10A58000101C02000C1C020008B513460022FFF745
:10A59000DBFF00BF38B5A1FB021454BBF3F792FCFC
:10A5A000054650B350F8042C22F00302043A242A42
:10A5B00010D8132A13D91B2AC0E9004416D9242A1B
:10A5C000C0E902440ABFC0E9044400F1100200F1EE
:10A5D000180205E02146F2F7B3FE284638BD0246D0
:10A5E00000232846C2E90033936038BD00F1080219
:10A5F000F6E7F3F77DF80C2303600025284638BD05
:10A600000148F3F7C1B800BFC05F00200148F3F76D
:10A61000C3B800BFC05F00202DE9F0410469B4EB6E
:10A62000611F05DC0023036100234361BDE8F08165
:10A6300000F114054E1111F01F0C05EB840E05EB13
:10A64000860321D055F8261004339E4521FA0CF1DB
:10A65000CCF120082DD92F461A6802FA08F20A43D5
:10A6600047F8042B53F8041B9E4521FA0CF1F3D84C
:10A67000A31B9B00053B9B08013305EB830445F8B6
:10A68000231079B104340DE09E4588BF00F110021B
:10A69000C8D953F8041B9E4542F8041FF9D8A41BDF
:10A6A00005EB8404631B9B10AC420361BCD0BDE886
:10A6B000F08141610029B5D02C46E3E72DE9F04F48
:10A6C0001C4685B000900868934682780B46302A75
:10A6D000029440F0F381C11C0A780C46302A01F143
:10A6E0000101F9D0A4EB0009A9F10209DFF8C08249
:10A6F00018F80220002A00F0EF80002722783D465B
:10A7000018F80220002A00F07781264616F8012F5B
:10A7100018F80220002AF9D101223046A5490193F8
:10A72000F2F7C6FE019B824600284DD03278002DFC
:10A7300000F0A581A5EB060A4FEA8A0A02F0DF02C3
:10A74000502A35464DD01E60002F74D12B1B013B83
:10A75000072B394604DD5B10072B01F10101FADC00
:10A760000098F9F781FE0346002800F06A8200F1A4
:10A770001406A542019640F2CA8100270390B9460B
:10A780000DE0202F1AD0394604372A7818F8022015
:10A7900002F00F028A4049EA0209A54254D015F896
:10A7A000012D2E2AEDD1A542EBD301222846814965
:10A7B000F2F77EFE0028F0D0202FE4D1002146F8E9
:10A7C000049B04278946E0E7002D00F06881327879
:10A7D000A5EB060A02F0DF02502A35464FEA8A0A44
:10A7E000B1D16A782B2A00F048812D2A40F0D5801B
:10A7F0000120AA78AE1C18F802104A1E182A00F28E
:10A80000D5807278103918F8022001365AB90CE058
:10A8100001EB810102EB4102A2F1100116F8012FB8
:10A8200018F802200AB1192AF2DD00B149428A441F
:10A830001E60002F8AD0B9F1000F0CBF062500253D
:10A84000284605B0BDE8F08F039B019A46F8049BAB
:10A85000B61AB6101E6148460393F9F7DFFE76017B
:10A86000DBF80040361AA642039B76DCC0F2098171
:10A870000027DBF808205245C0F23E81DBF80420B7
:10A8800052454EDDA2EB0A0A544500F39580DBF8F1
:10A890000C10022900F0E180032900F05381012906
:10A8A00040F0DF80544540F0DC80012C0AD018468F
:10A8B000611E0393FAF7E8FA039B002800F0D180A9
:10A8C000DBF804200121029862250260019A1961D7
:10A8D00011600E9A1360B3E70122204635490193B7
:10A8E000F2F7E6FD019B0746002840F0878062787A
:10A8F000651C18F80210002900F08280302A2C46CE
:10A9000040F02B8114F8012F302AFBD018F80220D8
:10A910004FF00109B2FA82F77F09002A7FF4F5AE01
:10A920006AE0012587B1DBF80C20022A6FD0032AE8
:10A9300071D0012A06D1B90704D5019A12681743CC
:10A94000FA076BD445F0100528460E9A1360029B57
:10A95000C3F800A005B0BDE8F08F361B184631469D
:10A96000FAF792FA039B074678B10127711E019806
:10A970004A1150F8220001F01F0207FA02F20242C7
:10A9800003D0B94200F3CF80022718463146039323
:10A99000B244FFF741FE039B6BE718F8021000205A
:10A9A0004A1E182A05F101067FF62BAF2E46CAE68D
:10A9B000B45502007C1A02000AF1FF35002F40F066
:10A9C000A480002D40F0A78001220198691150F861
:10A9D000211005F01F05AA400A421846514603936C
:10A9E00018BF47F00207A4EB0A04FFF715FE022583
:10A9F000DBF804A0039B95E726468DE625462278E2
:10AA000002F0DF02502A00F099801D6013E70F9AD0
:10AA1000C2F101020F920F9A002A93D001991E6988
:10AA200088460A4600274FEA860901EB860003E0C4
:10AA3000904242F8047C45D9944652F8041BB1F187
:10AA4000FF3FF5D00131022DCCF800107ED014F07C
:10AA50001F0440F0AE80212576E70F9900293FF4CE
:10AA600031AF502519460098F9F724FD00232846F8
:10AA70000E9A136005B0BDE8F08F0020B9E6AA4633
:10AA80005CE6A61B194632460098F9F751FF00F123
:10AA9000140203460027AAEB060A0192E9E672783F
:10AAA000751C18F802102E4600293FF447AE16F820
:10AAB000012F18F802100029F9D13BE64FF00009E8
:10AAC000841C13E69A6896424ADA0121022D06EBAD
:10AAD000010003EB86061861DDF80480716135D052
:10AAE000002874DC00221A6100225A61DBF8082079
:10AAF0000AF1010A5245AEDA19460098F9F7DAFC74
:10AB000000230E9AA32513609AE601275CE74FF015
:10AB10000009019E99E6184629460393FAF7B4F90D
:10AB2000039B074650E71846B11E0393FAF7ACF9AA
:10AB3000039B00283FF428AF032726E74FF0000AC5
:10AB400001274EE60F9900298BD0BBE6DBF80020E9
:10AB5000013AA24262D02225F6E64FF00109D4E57F
:10AB60005968009801310193F9F77EFC019B074673
:10AB700000286CD01A6903F10C01023292000C30EB
:10AB80000193F2F7E9FE019B00981946F9F792FC50
:10AB900001213B69022D03EB010007EB83033861C0
:10ABA00007F1140859613B46D0D08642BFF64FAF3B
:10ABB00096E7C14459F8040C0193F9F72FFDC4F14D
:10ABC0002004A042019BBFF646AF186988E75A6986
:10ABD00008EB800003F11804A0424FEA520229D981
:10ABE0004546216842EAC17245F8042B54F8042B0B
:10ABF000A0424FEA5202F4D8C11A1939890801312A
:10AC000048F8212008EB810102B10431A1EB0802D0
:10AC1000921041451A617FF469AF65E70122611125
:10AC200058F8211004F01F04A2400A4214BF212545
:10AC3000222589E6C8F800200AB14146E5E71A61F5
:10AC400052E70246E421054B0548FFF77DFC02462A
:10AC50008421024B0248FFF777FC00BFD41A0200A0
:10AC6000401C020010B504688646013409E014F85F
:10AC7000013BA3F1410CBCF1190F98BF2033934263
:10AC800007D111F8012B002AF1D10120CEF80040A4
:10AC900010BD002010BD00BF0B682DE9F04F591109
:10ACA00002EB810113F01F0306464FF000050DBFB4
:10ACB0000846081D8E46A1F1040E316885B040F8A3
:10ACC000045C4C1C4978002900F0AF807746F446BC
:10ACD0000093AA460B46A9467146AB469646DFF856
:10ACE00084810246019610E0202B00F296804D45AB
:10ACF00008DD674502D9BAF1070F67DDE6455CD389
:10AD00004FF0080A14F8013FB3B118F80360002EA1
:10AD1000EAD00AF1010ABAF1080F05F1010542DC97
:10AD2000DCF800301B0106F00F061E43CCF8006073
:10AD300014F8013F002BE8D1104672468E46009B66
:10AD4000002D72D0BC4502D2BAF1070F74DD624506
:10AD500055D26346111F53F8044B734541F8044F15
:10AD6000F9D9AEEB0C0323F003030EF10101043318
:10AD70000CF1010C8C4588BF04230021134443F8D7
:10AD8000041B7345FBD950F8041C19B107E05EF8A9
:10AD9000043D23B97245FAD10123CEF800300520D5
:10ADA00005B0BDE8F08FE645ACD24CF804BC0023FA
:10ADB0004FF0010AACF1040CB5E7ACF104074CF814
:10ADC00004BCA946BC464FF0000A9BE7CAF1080044
:10ADD00080006646CDE902C2DCF800308446C0F14E
:10ADE000200A706800FA0AF21A4320FA0CF3326063
:10ADF00046F8043FB742F4D8DDE902C27EE750F8D6
:10AE0000041C002BC1D04FF0FF34C3F1200324FAFF
:10AE100003F3194040F8041CB7E7104672468E460B
:10AE200019462929019E009B03D0042005B0BDE8E6
:10AE3000F08F0134346083E7DCF80040CAF1080188
:10AE40008900664688462546C1F12009716801FAE5
:10AE500009F42C4321FA08F5346046F8045FB74240
:10AE6000F4D874E7B45502002DE9F04F89B0864656
:10AE7000DDE9137A1E46002F53D01568002955D0FE
:10AE8000129B002B62D0741E2EB30026CDE900E188
:10AE9000DDF848B0043D029103920AE0019BF3B94A
:10AEA0002868002831D0DC4552D2013C631C66463C
:10AEB00011D0D7E9009855F8042F3B460098DAF8EE
:10AEC000E0C005A9E047421C34D000EB060CDC458D
:10AED000E4D9C7E90098304609B0BDE8F08F0028F2
:10AEE0000CDD029B05A918445A1E00F1FF3E11F823
:10AEF000013B02F8013F7245F9D10290039B28689B
:10AF00001A6804321A600028CDD10199039A01B160
:10AF100010600CF1FF36002230463A6009B0BDE8FF
:10AF2000F08F156800F586770029A9D14FF0FF331F
:10AF30001293A8E706468A2100223046DDF800E099
:10AF4000CEF800103A6009B0BDE8F08F129EC2E75B
:10AF50006646C0E710B584B00698054C0090079887
:10AF60000190044800680294FFF77EFF04B010BD12
:10AF700010070020CC00002010B5044684B00698CD
:10AF8000019006480068009313460A462146044C87
:10AF90000294FFF769FF04B010BD00BFCC00002091
:10AFA00010070020184B98422AD870B54FF0000EB9
:10AFB00040F6F904154D03E003F1010E74451DDB65
:10AFC00004EB0E0303EBD37323F0010202EB6302E5
:10AFD00005EB420C9CF80110BCF80260BCF804C000
:10AFE00041EA06218C4460454FEA63034FEA42027E
:10AFF000E2D8884206D25C1E7445E1DAFF2070BDBB
:10B00000FF207047A85C70BDEF010E00B45602002F
:10B010000CB400B583B004AB53F8042B019300F0DB
:10B0200019F803B05DF804EB02B070470EB400B538
:10B03000074A82B003AB0146106853F8042B019312
:10B0400000F008F802B05DF804EB03B0704700BFF1
:10B05000CC00002084462DE9F04F0E461546E1460F
:10B06000C9B018AF0822002138461C46059607953E
:10B070000D93F2F765F9B9F1000F04D0D9F8343027
:10B08000002B00F03786059B5A6EB3F90C30D007C1
:10B0900002D4990540F12C859E0406D4059943F409
:10B0A000005322F400528B814A66950400F1E48635
:10B0B000059AB2F90C30190740F1BF801269002AD5
:10B0C00000F0BB8003F01A020A2A00F0C5800023BA
:10B0D0001FAA9246CDE91D33CDE91133DFF83CB20A
:10B0E0001C920E9309930F93CDF82090DDE907543D
:10B0F000DBF8E460F7F7F0FD2A46034616A9204680
:10B100000097B047002800F0C680C0F2BC80169BB4
:10B11000252B01D00544EBE7079B0446EE1A40F0CF
:10B12000BE804FF0FF32002306926A786C1C8DF8C7
:10B1300053300A9303930134A2F120035A2B00F2F7
:10B14000EF80DFE813F05402ED00ED004E02ED0059
:10B15000ED00ED005E02ED00ED006A00EB01ED0098
:10B16000E501F601ED00F0015B005B005B005B00B8
:10B170005B005B005B005B005B00ED00ED00ED0041
:10B18000ED00ED00ED00ED00ED00ED0097017F0218
:10B19000ED00ED00ED00ED00ED00ED00ED00ED0047
:10B1A000ED00ED001202ED00ED00ED007001ED008C
:10B1B000A202ED00ED00FC04ED00ED00ED00ED005D
:10B1C000ED00ED00ED00ED00ED00ED009701BC019C
:10B1D000ED00ED00ED009902BC017400ED002003CC
:10B1E000ED001103F904F0027400ED00700172002B
:10B1F000F604ED00ED001F05ED0072000021A2F144
:10B20000300314F8012B01EB810103EB4101A2F1A2
:10B210003003092BF5D90A918EE70D9B53F8042BC7
:10B22000002A0A920D93C0F27081227883E7039B73
:10B23000227843F0200303937DE7059D4846294685
:10B24000F2F71CF8002840F03D86B5F90C3003F009
:10B250001A020A2A7FF43BAF0599B1F90E20002AA1
:10B26000FFF635AF4A6ED60702D49D0540F1EB8557
:10B2700023464846079A059900F056FE099009981A
:10B2800049B0BDE8F08F082200213846F2F758F89F
:10B29000012005442CE7079B0446EE1A12D0079BB9
:10B2A000CAE900361E9B33441E931D9B0133072BB6
:10B2B0001D9313DC0AF1080A099B33440993002CFF
:10B2C0007FF42FAF1E9BDDF82090002B40F0CA8545
:10B2D0000022059B1D92B3F90C3012E005990898E5
:10B2E0001CAAF6F72FFB48B90DF17C0AE4E7B1463A
:10B2F0000C9B1BB148460C99F2F7D8FC059BB3F99F
:10B300000C30059A526ED10740F183805B0600F144
:10B31000BD85099849B0BDE8F08F00BF1007002037
:10B320000794002ACED000238DF8533001238DF8E6
:10B33000BC2004932FAC0B934FF00009CDF8309054
:10B34000CDF81890039BDDE91D2113F0840605D18B
:10B350000A9B04981D1A002D00F302839DF85300E8
:10B3600078B10123013201310DF15300072ACDE9F3
:10B370001D21CAF80430CAF8000000F32B830AF13B
:10B38000080AB9F1000F0ED0022001320231CAF8CA
:10B390000400072A15A8CDE91D21CAF8000000F312
:10B3A00025830AF1080A802E00F02A82069B0B985A
:10B3B0001D1A002D00F36B820B9B01321944072AE2
:10B3C000CDE91D21CAF80040CAF8043000F39C8280
:10B3D0000AF1080A039B580705D50A9B049A9C1A90
:10B3E000002C00F30F83DDE9093204988242ACBFE0
:10B3F0009B181B180993002940F0908200231D938D
:10B400000C9B1BB10C990898F2F750FC0DF17C0ACB
:10B410006CE69A053FF57AAF059CA06DF2F7BCF992
:10B42000B4F90C3072E700230D9E079456F8044BD4
:10B430008DF85330002C00F07584532A00F0BD8342
:10B44000039B13F0100540F0B883069B002BC0F25D
:10B45000E8841A4629462046F7F7FCFC0C900028A1
:10B4600000F02C85031BCDE90B3523EAE37304932D
:10B4700000F0B8BC0D9B432A079403F1040503D0E8
:10B48000039BD80640F18283082200211AA8F1F715
:10B4900057FF0D9A2FAC1AAB214612680898FBF79C
:10B4A000FFFB034601330B9000F0FB840B9B23EA68
:10B4B000E373049300230D958DF853303CE7039B11
:10B4C0000794990640F1C7800D9B073323F00703CB
:10B4D00018465A6850F8083B11460D90002AC0F2F1
:10B4E0005B81069A002AC0F26481039A22F08002EE
:10B4F000039253EA010240F05C81069B002B40F06E
:10B50000A78404930B9348AC65E10A9B5B420A93C2
:10B51000039B227843F0040303930CE62B23227849
:10B520008DF8533007E6039B227843F080030393A2
:10B5300001E6204610F8012B2A2A00F0CE84A2F161
:10B540003003092B98BF002100F2848410F8012BEE
:10B5500001EB810103EB4101A2F13003092BF5D985
:10B5600041EAE17304460693E6E5039B079443F042
:10B57000100212F0200100F087820D9B073323F0A8
:10B5800007031846596850F8083B0D90002022F434
:10B5900080640394069C8DF853008442C0F2A0801E
:10B5A00053EA010422F4906240F0A083039C0392CA
:10B5B000069B002B40F08C80002840F0908214F015
:10B5C00001020B9200F0908230238DF81F319DF81C
:10B5D000533004920DF21F14002B40F001810C93A4
:10B5E00003E1039B227843F001030393A3E59DF855
:10B5F00053302278002B7FF49EAD20238DF85330FA
:10B6000099E5089E3046F7F779FB43681846119391
:10B61000F2F718FA129005463046F7F76FFB836889
:10B620000E93002D3FF401AE0E9B2278002B3FF4C9
:10B6300082AD1B78002B3FF47EAD039B43F4806307
:10B64000039378E5039B079443F010030393039B54
:10B6500099063FF539AF0D9A52F8043B0D92039AC3
:10B66000D20600F15282039A560640F14A8243F311
:10B67000C0310A461BB231E72278039B682A00F0EA
:10B68000958243F04003039355E5039B079443F0F1
:10B69000100414F0200100F006820D9B073323F004
:10B6A00007031A46596852F8083B0D9200228DF89C
:10B6B0005320069A002AC0F21B8324F080020392D2
:10B6C00053EA010275D1069B0120002B3FF474AFB1
:10B6D000012800F0BD8300230228194600F02981CB
:10B6E00048AC03F00702DB0843EA4173C908303273
:10B6F00053EA0105204604F8012DF2D1039BDD0732
:10B7000040F12581302A00F022813023069A023848
:10B7100004F8013C48AB1B1A9A42B8BF1A460446CB
:10B720000B93049257E0039B002143F00203039321
:10B7300047F630030D9AADF8543052F8043B0794A5
:10B740000D92B64A0F9200228DF85320069A002AD5
:10B75000C0F2EF80039C53EA010024F080020392C0
:10B7600040F0E780022023E7039B07949C0640F10A
:10B77000CF810D9B099A1B681A60D2175A600D9BE6
:10B7800004330D93B2E42278039B6C2A00F0078205
:10B7900043F010030393CEE42D228DF85320069A34
:10B7A0005B4261EB4101002A03DB039A22F0800235
:10B7B00003920A2B71F1000280F03A823033DBB23F
:10B7C0008DF81F31069B0DF21F14012BB8BF01230A
:10B7D000049301230B939DF85330002B3FF4FFAEED
:10B7E00000230C93049B01330493039B13F0020981
:10B7F0003FF4A8AD049B4FF0020902330493A1E586
:10B800000A9B04981D1A002D7FF7D0AD102D40F330
:10B810004583DFF80C82534640461026A046DDF8EB
:10B8200020900446DDF814A004E0103D102D03F133
:10B83000080315DD01321031072AC3E90046CDE9BE
:10B840001D21F2DD514648461CAAF6F77BF8002878
:10B850007FF44EADDDE91D21103D102D1FABE9DC5D
:10B860009A4623464446984601322944072ACDE9A0
:10B870001D21CAF80080CAF8045000F34082069BDC
:10B880000B980AF1080A1D1A002D7FF795AD102DAF
:10B89000DFF88C812ADD53461026AA46DDF8209079
:10B8A0002546059C06E0AAF1100ABAF1100F03F133
:10B8B000080318DD01325A481031072AC3E900068F
:10B8C000CDE91D21EFDD214648461CAAF6F73AF8DE
:10B8D00000287FF40DADDDE91D21AAF1100ABAF1AF
:10B8E000100F1FABE6DC2C4655469A460132294420
:10B8F000072ACDE91D21CAF80080CAF8045000F3D8
:10B90000E1800AF1080A57E5059908981CAAF6F79C
:10B9100019F858B91E990DF17C0A5BE5059908984C
:10B920001CAAF6F70FF800283FF468ADDDF8209068
:10B93000DEE40F9848AC03F00F02825C1B0943EA77
:10B940000173090904F8012D53EA0102F3D1069AA3
:10B9500048AB1B1B9A42B8BF1A460B9304923AE7B6
:10B96000102D40F37C822F4B50461396A2464FF089
:10B9700010081C46089E109304E0103D102D00F1A5
:10B98000080015DD01321031072AC0E90048CDE971
:10B990001D21F2DD304605991CAAF5F7D3FF0028DA
:10B9A0007FF4A5ACDDE91D21103D102D1FA8E9DCB9
:10B9B00054468246139E0132109B2944072ACDE942
:10B9C0001D21CAF80030CAF8045000F381810AF141
:10B9D000080AC3E4059908981CAAF5F7B3FF0028E4
:10B9E000A4D1DDE91D210DF17C0ACAE4059908986E
:10B9F0001CAAF5F7A7FF002898D1DDE91D210DF15C
:10BA00007C0AD0E4102C1D9B40F34582054E102586
:10BA1000DDF82090DDF8148010960AE05419020039
:10BA2000908C0200A08C0200103C102C0AF1080A35
:10BA300016DD01331031072BCAE90065CDE91D3150
:10BA4000F2DD414648461CAAF5F77CFF00287FF44A
:10BA50004FACDDE91D31103C102C0DF17C0AE8DC07
:10BA60000133109A2144072BCAE90024CDE91D3186
:10BA70007FF7B9AC059908981CAAF5F763FF002871
:10BA80007FF454AF1E99AEE40D9850F8043B0D902E
:10BA900012F010007FF47AAD12F0400400F04C81F7
:10BAA00001469BB272E50D9A52F8043B0D9214F0D8
:10BAB00010027FF4FBAD14F0400000F0438111460A
:10BAC0009BB2F3E5059908981CAAF5F73BFF0028FF
:10BAD0007FF42CAFDDE91D210DF17C0A6CE4069B9F
:10BAE00048AC04930B9376E6069B48AC049372E64D
:10BAF000059DA86DF1F748FEB5F90C306A6EFFF7A9
:10BB0000CBBA039A950500F18681D9170A46E5E478
:10BB1000039BD80600F10181039B590600F1768151
:10BB2000039B9A0540F1F9800D9B099A1B681A70D6
:10BB300025E60794039CACE5039A079419E5AF4BFF
:10BB400007940F93039B13F0200161D00D9B0733E3
:10BB500023F007031846596850F8083B0D90039CE2
:10BB6000E6070AD553EA010007D08DF8552044F0C6
:10BB70000202039230228DF85420039A22F480624C
:10BB80000392E0E59E4B07940F93DBE70D9B2FACF0
:10BB90001B688DF8BC30012304930B938AE443F0B7
:10BBA0002003627803930134FFF7C5BA43F40073AE
:10BBB000627803930134FFF7BEBA082200211AA865
:10BBC0001794F1F7BDFB069B002BC0F2C98000253E
:10BBD000CDF810A0A8469A46DDF820900FE01AABE9
:10BBE00048462FA9FBF75CF8431C05F104054044C7
:10BBF00000F05781504506DC00F05B818046179BC2
:10BC00005A59002AEBD1DDF810A0CDF82C80B5E010
:10BC10000D9850F8043B0D90039810F010009ED141
:10BC2000039911F0400400F0948001469BB296E71E
:10BC3000039A984602F480624FF0000C1346714D4F
:10BC40000DF5907ECDF810A007E0B8F10A0F71F164
:10BC500000013AD3C8463146A64618EB010242F12C
:10BC60000002A5FB020626F0030000EB96004FF051
:10BC7000CC36121AB8EB020006FB00F661F1000A9E
:10BC8000A0FB059005FB0A660644052009F0010AA1
:10BC9000AAFB000A80184FEA5909303049EAC679F0
:10BCA0000CF1010C0EF1FF340EF8010C7608002B9C
:10BCB000CBD00E9A12786245C7D1BCF1FF0FC4D029
:10BCC000B8F10A0F71F1000177D2DDF810A03EE65D
:10BCD000059908981CAAF5F735FE00287FF426AED2
:10BCE000DDE91D210DF17C0AFFF738BB0392F7E473
:10BCF00003945EE54846F0F777FFFFF7C4B905996E
:10BD000008981CAAF5F71EFE00287FF40FAEDDE9A7
:10BD10001D210DF17C0AFFF749BB0D9B099A1B6899
:10BD20001A602CE5069B384C062B28BF06230D967F
:10BD30000B930493FFF700BB12F400711CBF214664
:10BD4000DBB223E414F400713FF4B0AC0146DBB283
:10BD5000ACE4039911F400711CBF2146DBB2FEE68E
:10BD60001AAB009300230898194617AAFAF7EAFFBE
:10BD7000034601330B9000F0948017940B9B73B330
:10BD8000632B57DC00232FAC0C93082200211AA848
:10BD9000F1F7D6FA0B9D1AAB009321462B46089873
:10BDA00017AAFAF7CFFF854240F0A28000230B9A32
:10BDB000A35422EAE273049314E00B93129B1199AB
:10BDC000E41A1A462046F6F74DFA0E990B9B4A786C
:10BDD00012B10A4601320E924FF0000C3AE70B9B6B
:10BDE00004930C939DF853301BB100230D960693DA
:10BDF000F8E4994606930D96FFF7A4BA6819020075
:10BE000054190200CDCCCCCC7C1902000D9B099AB0
:10BE10001B681A80B3E443F3C0110A465BB2FFF714
:10BE20005DBB2046F1F70EFE20EAE0730C950B9007
:10BE30000493D7E70898591CF2F744F80446002801
:10BE40002FD00C90A1E7886DF1F7A6FCFFF710BA90
:10BE50003023B5E4002304460693FFF76DB9294B60
:10BE60001093A8E5484605991CAAF5F76BFD002834
:10BE70003FF42EAAFFF742BAD40707D4059B9B894B
:10BE8000980503D4059B986DF1F786FC4FF0FF33BE
:10BE90000993FFF73EBA1B4A1092E1E5DFF868808C
:10BEA000E2E4059AB2F90C3043F040039381FFF7C6
:10BEB00028BA069BDDF810A00B935FE7069B04935E
:10BEC0000B938FE7059A536EDB07DFD493899F05A9
:10BED000DCD4906DF1F760FCD8E70D9B627853F8E5
:10BEE000041B04460D9341EAE1730693FFF723B95F
:10BEF000059ADDF82090938943F040039381FFF782
:10BF0000F7B900BFA08C0200908C02008C4600B5EF
:10BF100086461346034A714610685DF804EB624694
:10BF2000FFF798B8CC000020F0B54FF480640026ED
:10BF3000ADF26C4D1AADCDE905461F46064600959B
:10BF4000049515468B8916A823F00203ADF80C3032
:10BF50004B6E02941993CB890C46ADF80E30CB6929
:10BF600007934B6A0993F1F707FC2A463B4669465B
:10BF70003046FFF76FF8051E07DB69463046F5F7D8
:10BF8000EDFD002818BF4FF0FF35BDF80C305B0603
:10BF900003D5A38943F04003A3811698F1F7F0FB82
:10BFA00028460DF26C4DF0BD2DE9F0471D468F6817
:10BFB0000C46AF4216460B6836D8B1F90CC01CF4DB
:10BFC000906F0ED13D46184631462A46F6F7CCF81A
:10BFD0000020A368DF1B2368A7602B442360BDE813
:10BFE000F0874A69096902EB42025F1A02EBD272DA
:10BFF0006B1C52103B44934292BF914699461A469D
:10C000001CF4806F804611D01146F1F75BFF824629
:10C0100000B33A462169F1F79FFCA38923F49063AA
:10C0200043F08003A38105E02F46CCE7F8F762FFD9
:10C03000824658B10AEB0703A9EB0707A760C4F8CB
:10C0400010A02F46C4F814902360BCE74046216935
:10C05000F1F72CFE0C22A3894FF0FF3043F0400390
:10C06000C8F80020A381BAE7062008B500F0A2F8BE
:10C070000120E4F7D7FB00BF38B5D0F838410CB148
:10C08000002038BD80210546F1F71CFF0246C5F8A7
:10C09000380130B1031F7C3243F8044F9342FBD187
:10C0A000EEE74FF0FF3038BD30B51F29054683B0AD
:10C0B00009D8D0F838310C4653B153F8240043F86E
:10C0C000242003B030BD162303604FF0FF30F8E7A3
:10C0D00080210192F1F7F6FE019A0346C5F8380176
:10C0E0000028F2D0011F00F17C05002041F8040F68
:10C0F000A942FBD1E1E700BF1F2938B505461FD88B
:10C10000D0F838210C466AB152F8213053B1012BD6
:10C1100006D0591C10D00021204642F82410984720
:10C12000002038BD284600F0FDF82246014628468A
:10C13000BDE8384000F0E2B8162301202B6038BD7E
:10C1400016234FF0FF302B6038BD00BF1F292DD8BC
:10C1500038B5D0F838310C460546A3B153F8242041
:10C1600003EB84034AB1511C0BD0012A07D00025F0
:10C1700020461D609047284638BD012038BD032069
:10C1800038BD022038BD8021F1F79CFE0346C5F87A
:10C19000380140B100201A1F03F17C0142F8040F5E
:10C1A0008A42FBD1DAE74FF0FF3038BD4FF0FF3065
:10C1B000704700BF38B5144B1F281D681ED8D5F82E
:10C1C0003821044662B152F820304BB1012B05D022
:10C1D000591C0FD0002142F820109847002038BD8C
:10C1E000284600F09FF8224601462846BDE8384020
:10C1F00000F084B8162301202B6038BD16234FF0C1
:10C20000FF302B6038BD00BFCC000020124B1F2830
:10C2100070B51E6809D8D6F8383104460D464BB1C2
:10C2200053F8240043F8245070BD162333604FF0B8
:10C23000FF3070BD80213046F1F744FE0346C6F85A
:10C2400038010028F3D00021021F7C3042F8041F7F
:10C250008242FBD1E4E700BFCC00002038B50C4B94
:10C260001D68D5F838410CB1002038BD8021284622
:10C27000F1F728FEC5F8380138B1031F00F17C0240
:10C2800043F8044F9342FBD1EEE74FF0FF3038BD47
:10C29000CC00002038B5184B1F281D6828D804464C
:10C2A000D5F83801A0B150F8242000EB84034AB13E
:10C2B000511C0BD0012A07D0002520461D60904755
:10C2C000284638BD012038BD032038BD022038BDC6
:10C2D00080212846F1F7F6FDC5F8380140B100216C
:10C2E000031F00F17C0243F8041F9342FBD1DAE7FD
:10C2F0004FF0FF3038BD00BFCC00002070B50026E5
:10C30000074D0446084611462E60E4F7BCFA431C6C
:10C3100000D070BD2B68002BFBD0236070BD00BF28
:10C32000B05F0020E4F79EBA70B54FF0FF0C4CF4FC
:10C33000E06C1CEA11541DBF1CEA135594EA0C0F63
:10C3400095EA0C0F00F0DEF82C4481EA030621EA9E
:10C350004C5123EA4C5350EA013518BF52EA0335D9
:10C3600041F4801143F4801338D0A0FB02CE4FF08B
:10C370000005E1FB02E506F00042E0FB03E54FF0BB
:10C380000006E1FB03569CF0000F18BF4EF0010EB3
:10C39000A4F1FF04B6F5007F64F5407404D25FEAAF
:10C3A0004E0E6D4146EB060642EAC62141EA555162
:10C3B0004FEAC52040EA5E504FEACE2EB4F1FD0CA4
:10C3C00088BFBCF5E06F1ED8BEF1004F08BF5FEA22
:10C3D000500E50F1000041EB045170BD06F00046D4
:10C3E00046EA010140EA020081EA0301B4EB5C0481
:10C3F000C2BFD4EB0C0541EA045170BD41F4801179
:10C400004FF0000E013C00F3AB8014F1360FDEBF9D
:10C41000002001F0004170BDC4F10004203C35DA79
:10C420000C341BDC04F11404C4F1200500FA05F3FC
:10C4300020FA04F001FA05F240EA020001F000429D
:10C4400021F0004110EBD37021FA04F642EB060113
:10C450005EEA430E08BF20EAD37070BDC4F10C043D
:10C46000C4F1200500FA04F320FA05F001FA04F201
:10C4700040EA020001F0004110EBD37041F10001ED
:10C480005EEA430E08BF20EAD37070BDC4F12005F8
:10C4900000FA05F24EEA020E20FA04F301FA05F260
:10C4A00043EA020321FA04F001F0004121FA04F208
:10C4B00020EA020000EBD3705EEA430E08BF20EAD8
:10C4C000D37070BD94F0000F0FD101F00046400012
:10C4D00041EB010111F4801F08BF013CF7D041EA94
:10C4E000060195F0000F18BF704703F00046520098
:10C4F00043EB030313F4801F08BF013DF7D043EA69
:10C500000603704794EA0C0F0CEA135518BF95EA1E
:10C510000C0F0CD050EA410618BF52EA4306D1D1A5
:10C5200081EA030101F000414FF0000070BD50EAC4
:10C53000410606BF1046194652EA430619D094EA4E
:10C540000C0F02D150EA013613D195EA0C0F05D138
:10C5500052EA03361CBF104619460AD181EA03018C
:10C5600001F0004141F0FE4141F470014FF0000044
:10C5700070BD41F0FE4141F4780170BD81F0004191
:10C5800002E000BF83F0004330B54FEA41044FEAB8
:10C59000430594EA050F08BF90EA020F1FBF54EA53
:10C5A000000C55EA020C7FEA645C7FEA655C00F0EF
:10C5B000E2804FEA5454D4EB5555B8BF6D420CDDC0
:10C5C0002C4480EA020281EA030382EA000083EA43
:10C5D000010180EA020281EA0303362D88BF30BDE3
:10C5E00011F0004F4FEA01314FF4801C4CEA113139
:10C5F00002D0404261EB410113F0004F4FEA033398
:10C600004CEA133302D0524263EB430394EA050F22
:10C6100000F0A780A4F10104D5F1200E0DDB02FA91
:10C620000EFC22FA05F2801841F1000103FA0EF225
:10C63000801843FA05F359410EE0A5F120050EF1EB
:10C64000200E012A03FA0EFC28BF4CF0020C43FA1C
:10C6500005F3C01851EBE37101F0004507D54FF029
:10C66000000EDCF1000C7EEB00006EEB0101B1F579
:10C67000801F1BD3B1F5001F0CD349085FEA3000BF
:10C680004FEA3C0C04F101044FEA445212F5800FCA
:10C6900080F09A80BCF1004F08BF5FEA500C50F167
:10C6A000000041EB045141EA050130BD5FEA4C0C4A
:10C6B000404141EB0101013C28BFB1F5801FE9D2A7
:10C6C00091F0000F04BF01460020B1FA81F308BFCA
:10C6D0002033A3F10B03B3F120020CDA0C3208DD96
:10C6E00002F1140CC2F10C0201FA0CF021FA02F171
:10C6F0000CE002F11402D8BFC2F1200C01FA02F1E1
:10C7000020FA0CFCDCBF41EA0C019040E41AA2BF05
:10C7100001EB0451294330BD6FEA04041F3C1CDACD
:10C720000C340EDC04F11404C4F1200220FA04F0ED
:10C7300001FA02F340EA030021FA04F345EA030197
:10C7400030BDC4F10C04C4F1200220FA02F001FA59
:10C7500004F340EA0300294630BD21FA04F02946DB
:10C7600030BD94F0000F83F4801306BF81F4801174
:10C770000134013D4EE77FEA645C18BF7FEA655CE7
:10C7800029D094EA050F08BF90EA020F05D054EAB9
:10C79000000C04BF1946104630BD91EA030F1EBFBE
:10C7A0000021002030BD5FEA545C05D140004941C2
:10C7B00028BF41F0004130BD14F580043CBF01F5B5
:10C7C000801130BD01F0004545F0FE4141F470019B
:10C7D0004FF0000030BD7FEA645C1ABF1946104676
:10C7E0007FEA655C1CBF0B46024650EA013406BF77
:10C7F00052EA033591EA030F41F4002130BD00BF36
:10C8000090F0000F04BF0021704730B54FF48064F2
:10C8100004F132044FF000054FF0000150E700BF73
:10C8200090F0000F04BF0021704730B54FF48064D2
:10C8300004F1320410F0004548BF40424FF00001BF
:10C840003EE700BF42004FEAE2014FEA31014FEA02
:10C8500002701FBF12F07F4393F07F4F81F0605151
:10C86000704732F07F4208BF704793F07F4F04BF9C
:10C8700041F40021704730B54FF4607401F0004579
:10C8800021F000411CE700BF50EA010208BF7047D9
:10C8900030B54FF000050AE050EA010208BF7047CA
:10C8A00030B511F0004502D5404261EB41014FF433
:10C8B000806404F132045FEA915C3FF4D8AE4FF03B
:10C8C00003025FEADC0C18BF03325FEADC0C18BF1E
:10C8D000033202EBDC02C2F1200300FA03FC20FA6F
:10C8E00002F001FA03FE40EA0E0021FA02F11444BC
:10C8F000BDE600BF70B54FF0FF0C4CF4E06C1CEAD5
:10C9000011541DBF1CEA135594EA0C0F95EA0C0F45
:10C9100000F0DEF82C4481EA030621EA4C5123EAB8
:10C920004C5350EA013518BF52EA033541F48011E7
:10C9300043F4801338D0A0FB02CE4FF00005E1FB9A
:10C9400002E506F00042E0FB03E54FF00006E1FBE4
:10C9500003569CF0000F18BF4EF0010EA4F1FF0427
:10C96000B6F5007F64F5407404D25FEA4E0E6D4167
:10C9700046EB060642EAC62141EA55514FEAC52078
:10C9800040EA5E504FEACE2EB4F1FD0C88BFBCF5F4
:10C99000E06F1ED8BEF1004F08BF5FEA500E50F1A5
:10C9A000000041EB045170BD06F0004646EA01016B
:10C9B00040EA020081EA0301B4EB5C04C2BFD4EB9D
:10C9C0000C0541EA045170BD41F480114FF0000E96
:10C9D000013C00F3AB8014F1360FDEBF002001F004
:10C9E000004170BDC4F10004203C35DA0C341BDC7E
:10C9F00004F11404C4F1200500FA05F320FA04F050
:10CA000001FA05F240EA020001F0004221F0004183
:10CA100010EBD37021FA04F642EB06015EEA430EF6
:10CA200008BF20EAD37070BDC4F10C04C4F1200526
:10CA300000FA04F320FA05F001FA04F240EA0200D9
:10CA400001F0004110EBD37041F100015EEA430EAA
:10CA500008BF20EAD37070BDC4F1200500FA05F2CA
:10CA60004EEA020E20FA04F301FA05F243EA020349
:10CA700021FA04F001F0004121FA04F220EA020058
:10CA800000EBD3705EEA430E08BF20EAD37070BD9E
:10CA900094F0000F0FD101F00046400041EB01017E
:10CAA00011F4801F08BF013CF7D041EA060195F060
:10CAB000000F18BF704703F00046520043EB03031A
:10CAC00013F4801F08BF013DF7D043EA0603704707
:10CAD00094EA0C0F0CEA135518BF95EA0C0F0CD012
:10CAE00050EA410618BF52EA4306D1D181EA030158
:10CAF00001F000414FF0000070BD50EA410606BF52
:10CB00001046194652EA430619D094EA0C0F02D196
:10CB100050EA013613D195EA0C0F05D152EA0336DB
:10CB20001CBF104619460AD181EA030101F00041F9
:10CB300041F0FE4141F470014FF0000070BD41F042
:10CB4000FE4141F4780170BD70B54FF0FF0C4CF41C
:10CB5000E06C1CEA11541DBF1CEA135594EA0C0F3B
:10CB600095EA0C0F00F0A7F8A4EB050481EA030E88
:10CB700052EA03354FEA013100F088804FEA03336F
:10CB80004FF0805545EA131343EA12634FEA02223D
:10CB900045EA111545EA10654FEA00260EF00041FE
:10CBA0009D4208BF964244F1FD0404F5407402D250
:10CBB0005B084FEA3202B61A65EB03055B084FEAE1
:10CBC00032024FF480104FF4002CB6EB020E75EBDE
:10CBD000030E22BFB61A754640EA0C005B084FEA06
:10CBE0003202B6EB020E75EB030E22BFB61A754683
:10CBF00040EA5C005B084FEA3202B6EB020E75EBCE
:10CC0000030E22BFB61A754640EA9C005B084FEA45
:10CC10003202B6EB020E75EB030E22BFB61A754652
:10CC200040EADC0055EA060E18D04FEA051545EA41
:10CC300016754FEA06164FEAC30343EA52734FEAEA
:10CC4000C2025FEA1C1CC0D111F4801F0BD141EA63
:10CC500000014FF000004FF0004CB6E711F4801FC8
:10CC600004BF01430020B4F1FD0C88BFBCF5E06FA8
:10CC70003FF6AFAEB5EB030C04BFB6EB020C5FEAB8
:10CC8000500C50F1000041EB045170BD0EF0004E0D
:10CC90004EEA113114EB5C04C2BFD4EB0C0541EA3F
:10CCA000045170BD41F480114FF0000E013C90E63C
:10CCB00045EA060E8DE60CEA135594EA0C0F08BF00
:10CCC00095EA0C0F3FF43BAF94EA0C0F0AD150EAFF
:10CCD00001347FF434AF95EA0C0F7FF425AF104692
:10CCE00019462CE795EA0C0F06D152EA03353FF4BA
:10CCF000FDAE1046194622E750EA410618BF52EA37
:10CD000043067FF4C5AE50EA41047FF40DAF52EA0A
:10CD100043057FF4EBAE12E74FF0FF3C06E000BFA7
:10CD20004FF0010C02E000BF4FF0010C4DF804CDB4
:10CD30004FEA410C7FEA6C5C4FEA430C18BF7FEA74
:10CD40006C5C1BD001B050EA410C0CBF52EA430CA2
:10CD500091EA030F02BF90EA020F0020704710F122
:10CD6000000F91EA030F58BF994208BF90422CBFB1
:10CD7000D8176FEAE37040F0010070474FEA410CAA
:10CD80007FEA6C5C02D150EA013C07D14FEA430CC8
:10CD90007FEA6C5CD6D152EA033CD3D05DF8040B39
:10CDA000704700BF8446104662468C46194663466B
:10CDB00000E000BF01B5FFF7B7FF002848BF10F142
:10CDC000000F01BD4DF808EDFFF7F4FF0CBF012087
:10CDD00000205DF808FB00BF4DF808EDFFF7EAFF03
:10CDE00034BF012000205DF808FB00BF4DF808EDBE
:10CDF000FFF7E0FF94BF012000205DF808FB00BFB3
:10CE00004DF808EDFFF7CEFF94BF012000205DF83C
:10CE100008FB00BF4DF808EDFFF7C4FF34BF012049
:10CE200000205DF808FB00BF4FEA410C7FEA6C5C14
:10CE300002D150EA013C0AD14FEA430C7FEA6C5C14
:10CE400002D152EA033C02D14FF0000070474FF08C
:10CE5000010070474FEA410212F5001215D211D5B8
:10CE60006FF47873B3EB625212D94FEAC12343F0E7
:10CE7000004343EA505311F0004F23FA02F018BF69
:10CE8000404270474FF00000704750EA013005D132
:10CE900011F0004008BF6FF0004070474FF00000F5
:10CEA000704700BF4A0011D212F5001211D20DD501
:10CEB0006FF47873B3EB62520ED44FEAC12343F0A0
:10CEC000004343EA505323FA02F070474FF000004A
:10CED000704750EA013002D14FF0FF3070474FF0F9
:10CEE000000070474FEA4102B2F1E04324BFB3F5BE
:10CEF000001CDCF1FE5C0DD901F0004C4FEAC002D1
:10CF00004CEA5070B2F1004F40EB830008BF20F0B4
:10CF10000100704711F0804F21D113F13872BCBF6E
:10CF200001F00040704741F480114FEA5252C2F1C3
:10CF30001802C2F1200C10FA0CF320FA02F018BF0C
:10CF400040F001004FEAC1234FEAD32303FA0CFC5F
:10CF500040EA0C0023FA02F34FEA4303CCE77FEAEE
:10CF6000625307D150EA01331EBF4FF0FE4040F438
:10CF70004000704701F0004040F0FE4040F40000E7
:10CF8000704700BF4FF0FF3C06E000BF4FF0010CC0
:10CF900002E000BF4FF0010C4DF804CD4FEA400213
:10CFA0004FEA41037FEA226C18BF7FEA236C11D05D
:10CFB00001B052EA530C18BF90EA010F58BFB2EB10
:10CFC000030088BFC81738BF6FEAE17018BF40F090
:10CFD000010070477FEA226C02D15FEA402C05D144
:10CFE0007FEA236CE4D15FEA412CE1D05DF8040BC9
:10CFF000704700BF844608466146FFE70FB5FFF75C
:10D00000C9FF002848BF10F1000F0FBD4DF808ED13
:10D01000FFF7F4FF0CBF012000205DF808FB00BF04
:10D020004DF808EDFFF7EAFF34BF012000205DF85E
:10D0300008FB00BF4DF808EDFFF7E0FF94BF0120AB
:10D0400000205DF808FB00BF4DF808EDFFF7D2FFA8
:10D0500094BF012000205DF808FB00BF4DF808EDEB
:10D06000FFF7C8FF34BF012000205DF808FB00BFB8
:10D070004FEA40024FEA41037FEA226C02D15FEAA5
:10D08000402C08D17FEA236C02D15FEA412C02D107
:10D090004FF0000070474FF00100704753B94AB994
:10D0A000002908BF00281CBF4FF0FF314FF0FF30B0
:10D0B00000F09CB9ADF1080C6DE904CE00F03CF82D
:10D0C000DDF804E0DDE9022304B0704738B5002242
:10D0D000002304460D46FFF77FFE28B92046294667
:10D0E000BDE8384000F00AB8204605F1004100F0E4
:10D0F00005F8404261EB410138BD00BFD0B50022C8
:10D100000B4B06460F46FFF7F5FBFFF7CBFE044639
:10D11000FFF776FB0022074BFFF7ECFB02460B46BE
:10D1200030463946FFF72EFAFFF7BCFE2146D0BD48
:10D130000000F03D0000F0412DE9F047089D0E464B
:10D1400004468E46002B4CD18A429446B2FA82F3B2
:10D1500062D953B102FA03FCC3F1200201FA03FEC3
:10D1600020FA02F242EA0E0E9C404FEA1C47BEFB38
:10D17000F7F11FFA8CF607FB11EE01FB06F0220C0B
:10D1800042EA0E4290420AD91CEB020201F1FF3E34
:10D1900080F00E81904240F20B8102396244121AF3
:10D1A000B2FBF7F007FB102200FB06F6A4B244EA3C
:10D1B0000244A6420AD91CEB040400F1FF3280F0BD
:10D1C000F980A64240F2F6806444023840EA014009
:10D1D0000021A41B1DB1DC400023C5E90043BDE8CC
:10D1E000F0878B4205D90DB1C5E900010021084641
:10D1F000F5E7B3FA83F1002942D1B34202D3824268
:10D2000000F2EE80841A66EB030201209646002DA0
:10D21000E5D0C5E9004EE2E7002B40F08C80881A8B
:10D220000121170C96B2B0FBF7FE07FB1E00220C83
:10D2300042EA004206FB0EF0904208D91CEB0202C3
:10D240000EF1FF3802D2904200F2CC80C646121A8C
:10D25000B2FBF7F007FB102200FB06F6A4B244EA8B
:10D260000244A64208D91CEB040400F1FF3202D2AA
:10D27000A64200F2B2801046A41B40EA0E40A9E785
:10D28000C1F120078B4022FA07FC4CEA030C26FA76
:10D2900007FA4FEA1C48BAFBF8FE06FA01F308FB4E
:10D2A0001EAA1FFA8CF620FA07F400FA01F90EFB09
:10D2B00006F023431C0C44EA0A44A04202FA01F29D
:10D2C0000BD91CEB04040EF1FF3A80F08480A042DD
:10D2D00040F28180AEF1020E6444241A98B2B4FB8D
:10D2E000F8F308FB134403FB06F640EA0444A642A5
:10D2F00008D91CEB040403F1FF3068D2A64266D9BA
:10D30000023B644443EA0E40A41BA0FB02E6B44285
:10D310007346B04652D34FD05DB1B9EB030264EB14
:10D32000080404FA07F722FA01F31F43CC40C5E9C9
:10D330000074002153E702FA03FCC3F12000C1404E
:10D340004FEA1C47B1FBF7FE07FB1E1124FA00F061
:10D350009E403043020C1FFA8CF642EA01420EFB5B
:10D3600006F1914204FA03F409D91CEB02020EF112
:10D37000FF382ED291422CD9AEF1020E6244521ADD
:10D38000B2FBF7F107FB112280B240EA024001FB39
:10D3900006F2824208D91CEB000001F1FF3814D2DA
:10D3A000824212D902396044801A41EA0E413AE7BA
:10D3B0007146F4E6104609E7F145ADD2BEEB020333
:10D3C00066EB0C060138B046A6E74146ECE703469B
:10D3D00098E7C646D3E7D6467FE7644402384BE772
:10D3E000084614E7AEF1020E624430E7704700BF12
:10D3F0003E410C411141274136410341064115414F
:10D400000F410E41264113412941024119410A4170
:10D410000B41000000010001020203034865617036
:10D4200020616E6420737461636B20636F6C6C6940
:10D4300073696F6E0A0000004F7574206F66206874
:10D44000656170206D656D6F72790A0000000000E3
:10D45000B71DC1046E3B8209D926430DDC76041347
:10D460006B6BC517B24D861A0550471EB8ED0826DE
:10D470000FF0C922D6D68A2F61CB4B2B649B0C357B
:10D48000D386CD310AA08E3CBDBD4F3870DB114C28
:10D49000C7C6D0481EE09345A9FD5241ACAD155F0B
:10D4A0001BB0D45BC2969756758B5652C836196A14
:10D4B0007F2BD86EA60D9B6311105A6714401D79FF
:10D4C000A35DDC7D7A7B9F70CD665E74E0B62398A9
:10D4D00057ABE29C8E8DA191399060953CC0278B13
:10D4E0008BDDE68F52FBA582E5E66486585B2BBE9A
:10D4F000EF46EABA3660A9B7817D68B3842D2FADB7
:10D500003330EEA9EA16ADA45D0B6CA0906D32D459
:10D510002770F3D0FE56B0DD494B71D94C1B36C78E
:10D52000FB06F7C32220B4CE953D75CA28803AF297
:10D530009F9DFBF646BBB8FBF1A679FFF4F63EE1F2
:10D5400043EBFFE59ACDBCE82DD07DEC77708634B7
:10D55000C06D4730194B043DAE56C539AB06822726
:10D560001C1B4323C53D002E7220C12ACF9D8E1265
:10D5700078804F16A1A60C1B16BBCD1F13EB8A019A
:10D58000A4F64B057DD00808CACDC90C07AB977827
:10D59000B0B6567C69901571DE8DD475DBDD936B6A
:10D5A0006CC0526FB5E6116202FBD066BF469F5E4B
:10D5B000085B5E5AD17D1D576660DC5363309B4D1E
:10D5C000D42D5A490D0B1944BA16D84097C6A5ACAC
:10D5D00020DB64A8F9FD27A54EE0E6A14BB0A1BF72
:10D5E000FCAD60BB258B23B69296E2B22F2BAD8AA1
:10D5F00098366C8E41102F83F60DEE87F35DA99956
:10D600004440689D9D662B902A7BEA94E71DB4E018
:10D61000500075E4892636E93E3BF7ED3B6BB0F3ED
:10D620008C7671F7555032FAE24DF3FE5FF0BCC6CE
:10D63000E8ED7DC231CB3ECF86D6FFCB8386B8D511
:10D64000349B79D1EDBD3ADC5AA0FBD8EEE00C69F1
:10D6500059FDCD6D80DB8E6037C64F643296087AF7
:10D66000858BC97E5CAD8A73EBB04B77560D044F4A
:10D67000E110C54B383686468F2B47428A7B005CCB
:10D680003D66C158E4408255535D43519E3B1D2584
:10D690002926DC21F0009F2C471D5E28424D1936BB
:10D6A000F550D8322C769B3F9B6B5A3B26D6150300
:10D6B00091CBD40748ED970AFFF0560EFAA011104F
:10D6C0004DBDD014949B93192386521D0E562FF1F5
:10D6D000B94BEEF5606DADF8D7706CFCD2202BE243
:10D6E000653DEAE6BC1BA9EB0B0668EFB6BB27D786
:10D6F00001A6E6D3D880A5DE6F9D64DA6ACD23C487
:10D70000DDD0E2C004F6A1CDB3EB60C97E8D3EBD95
:10D71000C990FFB910B6BCB4A7AB7DB0A2FB3AAEBE
:10D7200015E6FBAACCC0B8A77BDD79A3C660369B03
:10D73000717DF79FA85BB4921F4675961A163288C2
:10D74000AD0BF38C742DB081C330718599908A5DD7
:10D750002E8D4B59F7AB085440B6C95045E68E4E56
:10D76000F2FB4F4A2BDD0C479CC0CD43217D827BD1
:10D770009660437F4F460072F85BC176FD0B86686A
:10D780004A16476C93300461242DC565E94B9B1103
:10D790005E565A1587701918306DD81C353D9F029A
:10D7A00082205E065B061D0BEC1BDC0F51A6933737
:10D7B000E6BB52333F9D113E8880D03A8DD09724EE
:10D7C0003ACD5620E3EB152D54F6D4297926A9C578
:10D7D000CE3B68C1171D2BCCA000EAC8A550ADD622
:10D7E000124D6CD2CB6B2FDF7C76EEDBC1CBA1E38D
:10D7F00076D660E7AFF023EA18EDE2EE1DBDA5F0A6
:10D80000AAA064F4738627F9C49BE6FD09FDB889D4
:10D81000BEE0798D67C63A80D0DBFB84D58BBC9A9D
:10D8200062967D9EBBB03E930CADFF97B110B0AF3A
:10D83000060D71ABDF2B32A66836F3A26D66B4BC61
:10D84000DA7B75B8035D36B5B440F7B10A42756945
:10D850006C6420706172616D65746572733A200A40
:10D86000000000005F5F766563746F725F746162D1
:10D870006C655F73746172743A203078252E386C51
:10D88000580A00005F65766563746F725F74616249
:10D890006C653A203078252E386C580A000000005C
:10D8A0005F5F746578745F73746172743A20307866
:10D8B000252E386C580A00005F65746578743A202C
:10D8C0003078252E386C580A000000005F5F6578BC
:10D8D0006964785F73746172743A203078252E38E9
:10D8E0006C580A005F5F65786964785F656E643ABA
:10D8F000203078252E386C580A0000005F5F646184
:10D9000074615F73746172743A203078252E386CBC
:10D91000580A00005F65646174613A203078252EF2
:10D92000386C580A000000005F5F6273735F7374A5
:10D930006172745F5F3A203078252E386C580A0087
:10D940005F656273733A203078252E386C580A0070
:10D950005F5F686561705F73746172745F5F3A20C6
:10D960003078252E386C580A000000005F65686525
:10D9700061703A203078252E386C580A000000007B
:10D980005F5F737461636B5F73746172745F5F3A3E
:10D99000203078252E386C580A0000005F657374BB
:10D9A00061636B3A203078252E386C580A000000ED
:10D9B0005F656E643A203078252E386C580A000076
:10D9C0000A0A0000202020202020202020202020C3
:10D9D0002020202000000000303030303030303047
:10D9E0003030303030303030000000006E616E007A
:10D9F0004E414E00696E6600494E46002D00000003
:10DA00002B00000020000000000000002E0000009D
:10DA1000286E756C6C290000686C6A7A744C000082
:10DA20003031323334353637383941424344454654
:10DA30004748494A4B4C4D4E4F50515253545556FE
:10DA40005758595A00000000202B2D2330215E002A
:10DA500001000000020000000400000008000000B7
:10DA60001000000020000000400000000000000046
:10DA70004347726170684657506F736974696F6E7F
:10DA800053656E736552656769737465723A2041B8
:10DA90006C6C3A20252E3458200000002C20506F4A
:10DAA0007353656E7365486F6D65413A2025752027
:10DAB000000000002C20506F7353656E736542693F
:10DAC0007430413A20257520000000002C20506F52
:10DAD0007353656E736542697431413A2025752030
:10DAE000000000002C20506F7353656E736542690F
:10DAF0007432413A20257520000000002C20506F20
:10DB00007353656E7365486F6D65423A20257520C5
:10DB1000000000002C20506F7353656E73654269DE
:10DB20007430423A20257520000000002C20506FF0
:10DB30007353656E736542697431423A20257520CE
:10DB4000000000002C20506F7353656E73654269AE
:10DB50007432423A20257520000000002C20506FBE
:10DB60007353656E7365413A203078252E31582005
:10DB700000000000537465705265676973746572C4
:10DB80003A20416C6C3A20252E38582000000000C5
:10DB90002C204F6E537465703A20256420000000DD
:10DBA0002C204F6666537465703A2025642000006F
:10DBB0002C204D6964537465703A20256420000060
:10DBC0000A4553432D46573A2056616C6964617487
:10DBD00065644657486F6D65537465702070726553
:10DBE000636F727265637465643A20003B000000E5
:10DBF0000A4553432D46573A2056616C6964617457
:10DC000065644657486F6D655374657020706F7317
:10DC1000742D636F727265637465643A200000004E
:10DC20000A4553432D46573A20417474656D70740C
:10DC3000696E6720746F206D6F7665206D6F746FED
:10DC40007220746F3A2025642E0000000A45534369
:10DC50002D46573A204D6F766520636F6D706C6569
:10DC600074653B206D6F746F72207265706F727493
:10DC7000733A2025642C2069203D2025752E000054
:10DC80000A4553432D46573A2053746570207265F8
:10DC9000676973746572732072657365743A2000E6
:10DCA0000A4553432D46573A204D6F766556616CB1
:10DCB00069646174654657506F73746974696F6EF7
:10DCC000282575293A204D6F746F72206973206181
:10DCD000743A2025753B20003B200000EE02DA025A
:10DCE00087002D00D007000064000000080000003D
:10DCF000FFFF7F000000780000001E000000000011
:10DD0000FFFF87FF000080FF00000C00000078008C
:10DD100000010203040506070001020304050607CB
:10DD20000809000102030405060708090A0B0C0D87
:10DD30000E0F101112131415161718191A1B1C1D8B
:10DD40001E087F1B09000000680000007000000032
:10DD50005C010000600100001300000000000000F2
:10DD600000000000E1430000F543000015440000FE
:10DD70002256657273696F6E223A2053686F77730B
:10DD800020686172647761726520616E64206669E3
:10DD9000726D776172652076657273696F6E206946
:10DDA0006E666F2E0000000056455253494F4E00DC
:10DDB0005265616446706761203C6164647265739A
:10DDC000733E000052454144465047410000000068
:10DDD000577269746546706761203C61646472655E
:10DDE00073733E2C3C76616C75653E005752495406
:10DDF00045465047410000005228656164467067FF
:10DE00006129203C616464726573733E0000000008
:10DE100052000000572872697465467067612920B6
:10DE20003C616464726573733E2C3C76616C75650D
:10DE30003E0000005700000022465753746174757D
:10DE400073203C413E2C3C423E2C3C433E223A2037
:10DE5000536574732F717565726965732074686595
:10DE600020465720442F4127732028686578616435
:10DE70006563696D616C206C736220756E69747383
:10DE8000292E0000465753544154555300000000BA
:10DE90002253656E736F725374657073203C413EFC
:10DEA0002C3C423E2C3C433E223A20536574732F57
:10DEB00071756572696573207468652046572044E2
:10DEC0002F4127732028646563696D616C20766F2C
:10DED0006C7461676520756E697473292E0000008B
:10DEE00053454E534F52535445505300224D6F7477
:10DEF0006F72203C413E2C3C423E2C3C433E223A39
:10DF000020536574732F7175657269657320746829
:10DF10006520465720412F4427732E004D4F544F04
:10DF2000520000002246696C74657253656C65632B
:10DF300074203C312D383E223A20536574732F7182
:10DF400075657269657320746865206375727265A2
:10DF50006E746C79206C6F616465642066696C74A2
:10DF600065723B20726573706F7365206F66203039
:10DF7000206D65616E7320776865656C206973201C
:10DF8000696E206D6F74696F6E2F63757272656E46
:10DF9000746C79207365656B696E67206120706FA2
:10DFA000736974696F6E2E0046494C54455253454F
:10DFB0004C45435400000000530000005400000092
:10DFC0002242495354223A2052756E7320612073C5
:10DFD000656C662D746573742C206C6F6773207686
:10DFE000616C75657320746F207465726D696E6104
:10DFF0006C2E00004249535400000000224261751B
:10E00000644469766964657273203C2057207C20E3
:10E01000572C20582C20592C205A203E223A20538D
:10E0200065742F71756572792074686520646976EE
:10E030006964657220746F206368616E676520741F
:10E04000686520626175647261746520666F722014
:10E050006561636820706F72742E2E2E00000000C0
:10E06000424155444449564944455253000000003A
:10E07000225072696E7442756666657273223A2028
:10E0800044756D702063757272656E7420636F6E77
:10E0900074656E7473206F6620706172736572733D
:10E0A00020666F722064656275672E2E2E00000058
:10E0B0005052494E544255464645525300000000C6
:10E0C000224D6F6E69746F7253657269616C203C8A
:10E0D0002030207C2031207C2032207C2033203EC8
:10E0E000203C59207C204E3E223A2053686F772FE7
:10E0F0006869646520696E636F6D696E672073651A
:10E100007269616C2062797465732E004D4F4E49BF
:10E11000544F5253455249414C000000224670670B
:10E1200061506172736572223A204465627567209E
:10E13000467067612050617273696E672050697024
:10E14000656C696E652E0000465047415041525340
:10E1500045520001010100004670676152696E6717
:10E1600042756666657243726365723A200000000C
:10E170004372635374617274416464723A203078FC
:10E1800025386C582C200000437263456E6441644E
:10E1900064723A20307825386C582C20000000003A
:10E1A00043726343757272656E74416464723A209F
:10E1B000307825386C582C200000000043726352E0
:10E1C0006573756C743A20307825386C582E0000D1
:10E1D000434772617068465748617264776172653F
:10E1E000436F6E74726F6C52656769737465723ACF
:10E1F00020416C6C3A20252E345820002C20506F82
:10E20000734C656473456E413A202575200000000B
:10E210002C20506F734C656473456E423A2025750F
:10E22000200000002C204D6F746F72456E61626C8F
:10E23000653A2025752000002C20526573657453C3
:10E24000746570733A202575200000002C204D6FF6
:10E25000746F7241506C75733A2025752000000070
:10E260002C204D6F746F72414D696E75733A202585
:10E27000752000002C204D6F746F7242506C7573C6
:10E280003A202575200000002C204D6F746F7242DB
:10E290004D696E75733A2025752000002C2046616B
:10E2A000756C7431563A2025752000002C2046618B
:10E2B000756C7433563A2025752000002C20466179
:10E2C000756C7435563A2025752000002C20506F4F
:10E2D0007765726E456E35563A2025752000000030
:10E2E0002C20506F776572437963643A202575203E
:10E2F000000000002C204C6564523A202575200057
:10E300002C204C6564473A20257520002C204C6554
:10E3100064423A20257520002C2055617274304FDC
:10E32000453A2025752000002C2055617274314F2C
:10E33000453A2025752000002C2055617274324F1B
:10E34000453A2025752000002C2055617274334F0A
:10E35000453A2025752000002C2055783153656CF6
:10E360004A6D703A20257520000000002C20557859
:10E370003253656C4A6D703A20257520000000000C
:10E3800043477261706846574D6F746F72436F6E8A
:10E3900074726F6C537461747573526567697374CA
:10E3A00065723A20416C6C3A20252E386C5820005A
:10E3B0002C205365656B537465703A20252B6420BF
:10E3C000000000002C2043757272656E74537465F2
:10E3D000703A20252B6420004347726170684657CD
:10E3E000506F736974696F6E53656E7365526567BC
:10E3F00069737465723A20416C6C3A20252E34584A
:10E40000200000002C20506F7353656E7365486FB9
:10E410006D65413A20257520000000002C20506FCA
:10E420007353656E736542697430413A20257520D7
:10E43000000000002C20506F7353656E73654269B5
:10E440007431413A20257520000000002C20506FC7
:10E450007353656E736542697432413A20257520A5
:10E46000000000002C20506F7353656E7365486F79
:10E470006D65423A20257520000000002C20506F69
:10E480007353656E736542697430423A2025752076
:10E49000000000002C20506F7353656E7365426955
:10E4A0007431423A20257520000000002C20506F66
:10E4B0007353656E736542697432423A2025752044
:10E4C000000000002C20506F7353656E7365413A55
:10E4D000203078252E3158200000000053746570DC
:10E4E00052656769737465723A20416C6C3A2025F5
:10E4F0002E385820000000002C204F6E5374657099
:10E500003A202564200000002C204F666653746575
:10E51000703A2025642000002C204D6964537465F6
:10E52000703A2025642000000A0A42696E617279FF
:10E53000556172742825752C2025632C202575299A
:10E540003A203A002532583A000000000A0A00003A
:10E550000A0A42696E6172795561727452696E6716
:10E560004275666665722825752C2025632C20254A
:10E5700075293A20000000002825752925303258D9
:10E580002C2000006E2F61000A0A56657273696FB5
:10E590006E3A2053657269616C204E756D626572CA
:10E5A0003A20252E38582C20476C6F62616C20521F
:10E5B00065766973696F6E3A2025733B20627569D1
:10E5C0006C64206E756D6265723A202575206F6EE1
:10E5D0003A2025733B2066706761206275696C6420
:10E5E0003A2025752E0A00000A0A56657273696F73
:10E5F0006E3A20476C6F62616C2052657669736970
:10E600006F6E3A2025733B206275696C64206E75CD
:10E610006D6265723A202575206F6E3A2025732E43
:10E620000A000000257A58000A5265616446706746
:10E6300061436F6D6D616E643A2000000A30782589
:10E640002E327A583A203078252E32582000000099
:10E650005B25755D000000000A3078252E327A585F
:10E660003A203078252E386C582000005B256C75D8
:10E670005D000000202827256327290A0A000000E2
:10E68000257A5820256C75000A57726974654670A2
:10E690006761436F6D6D616E643A206E65656420DD
:10E6A00032206E756D6572696320706172616D658F
:10E6B0007465727320286164647265737320616E7F
:10E6C000642076616C7565292C20676F7420222583
:10E6D00073222028256420706172616D73292E0ACF
:10E6E000000000000A577269746546706761436FE5
:10E6F0006D6D616E643A2057726F746520256C757C
:10E7000020746F20000000003078252E347A582EB7
:10E710000A0000000A0A4657537461747573436F08
:10E720006D6D616E643A204670676120696E746534
:10E730007266616365206973206E6F7420696E690B
:10E740007469616C697A65642120506C65617365D8
:10E750002063616C6C20496E697446706761206645
:10E7600069727374212E00000A0A4657537461744B
:10E770007573436F6D6D616E643A204F66667365A5
:10E7800074206F66204D6F746F72436F6E74726F7A
:10E790006C5374617475733A203078252E326C583E
:10E7A0002C2065787065637465643A203078252E76
:10E7B000326C582E000000000A465753746174757D
:10E7C00073436F6D6D616E643A204F666673657456
:10E7D000206F6620506F736974696F6E53656E7336
:10E7E0006F72733A203078252E326C582C20657861
:10E7F0007065637465643A203078252E326C582E2B
:10E80000000000000A4657537461747573436F6DBE
:10E810006D616E643A204F6666736574206F662082
:10E82000436F6E74726F6C52656769737465723A88
:10E83000203078252E326C582C20657870656374F2
:10E8400065643A203078252E326C582E0000000086
:10E850000A0A4657537461747573436F6D6D616E28
:10E86000643A2063757272656E742076616C7565AA
:10E87000733A0A000A0000000A0A53656E736F7249
:10E880005374657073436F6D6D616E643A204670AA
:10E89000676120696E7465726661636520697320C3
:10E8A0006E6F7420696E697469616C697A65642140
:10E8B00020506C656173652063616C6C20496E69E2
:10E8C0007446706761206669727374212E000000BF
:10E8D0000A0A53656E736F725374657073436F6D7C
:10E8E0006D616E643A204F6666736574206F6620B2
:10E8F00066697273742053656E736F72205374650A
:10E90000703A203078252E326C582C20657870654E
:10E91000637465643A203078252E326C582E0000DE
:10E920000A53656E736F725374657073436F6D6DC8
:10E93000616E643A204F6666736574206F66206C62
:10E940006173742053656E736F7220537465703AEF
:10E95000203078252E326C582C20657870656374D1
:10E9600065643A203078252E326C582E0000000065
:10E970000A0A53656E736F725374657073436F6DDB
:10E980006D616E643A2063757272656E7420766193
:10E990006C7565733A0A00000A506F7344657448D9
:10E9A0006F6D65413A2009000A506F7344657441E8
:10E9B000303A2020202009000A506F7344657441CA
:10E9C000313A2020202009000A506F7344657441B9
:10E9D000323A2020202009000A506F7344657448A1
:10E9E0006F6D65423A2009000A506F7344657442A6
:10E9F000303A2020202009000A506F734465744289
:10EA0000313A2020202009000A506F734465744277
:10EA1000323A2020202009000A506F734465743078
:10EA2000413A20000A506F7344657431413A200026
:10EA30000A506F7344657432413A20000A506F7374
:10EA400044657433413A20000A506F73446574344E
:10EA5000413A20000A506F7344657435413A2000F2
:10EA60000A506F7344657436413A20000A506F7340
:10EA700044657437413A20000A506F73446574301E
:10EA8000423A20000A506F7344657431423A2000C4
:10EA90000A506F7344657432423A20000A506F7313
:10EAA00044657433423A20000A506F7344657434ED
:10EAB000423A20000A506F7344657435423A200090
:10EAC0000A506F7344657436423A20000A506F73DF
:10EAD00044657437423A20000A0A4D6F746F7243DE
:10EAE0006F6D6D616E643A204670676120696E7467
:10EAF000657266616365206973206E6F7420696E4C
:10EB0000697469616C697A65642120506C65617310
:10EB1000652063616C6C20496E6974467067612082
:10EB20006669727374212E00256C75000A0A4D6F98
:10EB3000746F72436F6D6D616E643A206D6F7669AC
:10EB40006E673A0A000000000A0A4D6F746F724344
:10EB50006F6D6D616E643A2073657420746F3A2036
:10EB6000256C750A000000000A0A4D6F746F72432D
:10EB70006F6D6D616E643A2063757272656E74209C
:10EB800076616C7565733A0A000000000A0A4669EE
:10EB90006C74657253656C656374436F6D6D616E03
:10EBA000643A20496E76616C696420706F73697491
:10EBB000696F6E207265717565737465643A20259E
:10EBC0006C753B206D61782076616C696420706F94
:10EBD000736974696F6E3A20256C753B206173739D
:10EBE000756D696E67207765277665206265656E4D
:10EBF0002072657175657374656420746F20726529
:10EC00002D686F6D6520776865656C0A00000000EF
:10EC10000A0A46696C74657253656C656374436F68
:10EC20006D6D616E643A206D6F76696E6720746FEA
:10EC30003A20256C750A00000A0A46696C746572F0
:10EC400053656C656374436F6D6D616E643A206DDE
:10EC50006F7665206661696C6564210A00000000BA
:10EC60000A0A46696C74657253656C656374436F18
:10EC70006D6D616E643A207175657279696E672099
:10EC800063757272656E7420706F736974696F6EEC
:10EC90002E2E2E0A000000000A0A46696C74657266
:10ECA00053656C656374436F6D6D616E643A206D7E
:10ECB0006F746F7220697320696E206D6F74696F55
:10ECC0006E20746F2074617267657420706F736951
:10ECD00074696F6E3A20256C750A00000A0A46694D
:10ECE0006C74657253656C656374436F6D6D616EB2
:10ECF000643A2063757272656E7420706F73697404
:10ED0000696F6E20696E76616C696421212052659D
:10ED10002D686F6D696E6720776865656C2E2E2E85
:10ED20000A0000000A0A46696C74657253656C65D6
:10ED30006374436F6D6D616E643A206375727265C2
:10ED40006E7420706F736974696F6E3A20256C75EC
:10ED50000A0000000A0A42495354436F6D6D616E08
:10ED6000643A203A00000000253032583A00000092
:10ED70000A0A4261756444697669646572733A206F
:10ED80004670676120696E746572666163652069AB
:10ED900073206E6F7420696E697469616C697A653D
:10EDA000642120506C656173652063616C6C20493F
:10EDB0006E697446706761206669727374212E00F3
:10EDC000256C752C256C752C256C752C256C7500A7
:10EDD0000A0A4261756444697669646572733A200F
:10EDE00073657474696E6720746F3A20256C752C96
:10EDF00020256C752C20256C752C20256C752E0A11
:10EE0000000000000A0A426175644469766964651D
:10EE100072733A2063757272656E742076616C75D8
:10EE200065733A20256C752C20256C752C20256C7B
:10EE3000752E0A000A4261756444697669646572D8
:10EE4000733A20506F7274302066696E616C206472
:10EE500069766973696F6E20726174696F3A2025F3
:10EE60007520282F3136293B2041637475616C2051
:10EE700062617564726174653A20252E356C660096
:10EE80000A4261756444697669646572733A205018
:10EE90006F7274312066696E616C20646976697383
:10EEA000696F6E20726174696F3A20257520282F72
:10EEB0003136293B2041637475616C206261756451
:10EEC000726174653A20252E356C66000A426175C0
:10EED0006444697669646572733A20506F72743263
:10EEE0002066696E616C206469766973696F6E2053
:10EEF000726174696F3A20257520282F3136293BBD
:10EF00002041637475616C2062617564726174651F
:10EF10003A20252E356C660A000000000A42617511
:10EF20006444697669646572733A20506F72743311
:10EF30002066696E616C206469766973696F6E2002
:10EF4000726174696F3A20257520282F3136293B6C
:10EF50002041637475616C206261756472617465CF
:10EF60003A20252E356C660A000000000A53686FAF
:10EF70007742756666657273436F6D6D616E643A54
:10EF80002046706761556172745061727365723AA0
:10EF900020000000256C7525325B2C09205D25635F
:10EFA000000000000A0A4D6F6E69746F725365723B
:10EFB00069616C436F6D6D616E643A204D6F6E696F
:10EFC000746F72696E6720706F727420256C753A69
:10EFD0002025632E0A0000000A0A4D6F6E69746FC7
:10EFE0007253657269616C436F6D6D616E643A2036
:10EFF000496E76616C696420706F727420256C753F
:10F000003B206D61782069732023322E0A000000B6
:10F010000A0A4D6F6E69746F7253657269616C4351
:10F020006F6D6D616E643A20496E737566666963D3
:10F0300069656E7420706172616D657465727320AC
:10F040002825753B2073686F756C642062652032DB
:10F05000293B207175657279696E672E2E2E00002E
:10F060000A4D6F6E69746F7253657269616C436F9C
:10F070006D6D616E643A204D6F6E69746F72696E6A
:10F080006720706F727420303A2025632E0A0000CA
:10F090000A4D6F6E69746F7253657269616C436F6C
:10F0A0006D6D616E643A204D6F6E69746F72696E3A
:10F0B0006720706F727420313A2025632E0A000099
:10F0C0000A4D6F6E69746F7253657269616C436F3C
:10F0D0006D6D616E643A204D6F6E69746F72696E0A
:10F0E0006720706F727420323A2025632E0A000068
:10F0F0000A4D6F6E69746F7253657269616C436F0C
:10F100006D6D616E643A204D6F6E69746F72696ED9
:10F110006720706F727420333A2025632E0A000036
:10F12000256300000A0A4670676150617273657258
:10F13000436F6D6D616E643A20436C656172696EF8
:10F14000672070617273657220706970656C696E9A
:10F15000653A2025632E0A000A0A467067615061ED
:10F1600072736572436F6D6D616E643A20427566AD
:10F170006665723A20526561644164647228307831
:10F18000256C58292C205772697465416464722873
:10F190003078256C58292C205065656B4164647269
:10F1A000283078256C58292C205065656B44617493
:10F1B0006128256C75293B2000000000252E32585F
:10F1C0003A0000000A4670676150617273657243CD
:10F1D0006F6D6D616E643A20506970656C696E6523
:10F1E0003A20486561646572456E64283078256C04
:10F1F00058292C20466F6F746572456E64283078EC
:10F20000256C58292C205061796C6F616454797099
:10F2100065283078256C58292C205061796C6F61F5
:10F22000644C656E28256C75292C205061636B65D4
:10F2300074437263283078256C58292C2043616C04
:10F2400063437263283078256C58290A0000000057
:10F25000BEBAAD1BEDAD0F0A010001100210031084
:10F2600004100220020003200420052006200720AD
:10F27000082009200A2003000400050006000600FB
:10F2800004002800C0030130023003300430053090
:10F2900006300E3001400240034004400540064065
:10F2A000FFFF7F000000780000001E00000000004B
:10F2B000FFFF87FF000080FF00000C0000007800C7
:10F2C0000001020304050607000102030405060706
:10F2D0000809000102030405060708090A0B0C0DC2
:10F2E0000E0F101112131415161718191A1B1C1DC6
:10F2F0001E087F1B0900000068000000700000006D
:10F300005C01000060010000EE02DA0287002D00BF
:10F31000D007000064000000080000009300000017
:10F320008952A06A00000000547565205365702062
:10F3300020382031383A32333A30352032303236C4
:10F3400000010101BEBAAD1BEDAD0F0A01000110B5
:10F3500002100310041002200200032004200520E4
:10F3600006200720082009200A20030004000500C9
:10F370000600060004002800C003013002300330FC
:10F380000430053006300E30014002400340044096
:10F39000054006400700000051756572792043471B
:10F3A0007261706856657273696F6E5061796C6FC7
:10F3B0006164207061636B65740000005365742F95
:10F3C000717565727920434772617068465748616C
:10F3D000726477617265436F6E74726F6C526567A9
:10F3E0006973746572207061636B6574000000005E
:10F3F0005365742F71756572792043477261706827
:10F4000046574D6F746F72436F6E74726F6C5374A6
:10F410006174757352656769737465722070616396
:10F420006B6574005175657279204347726170682D
:10F430004657506F736974696F6E53656E7365528A
:10F4400065676973746572207061636B6574000031
:10F450005365742F717565727920434772617068C6
:10F460004657506F736974696F6E53746570526557
:10F47000676973746572207061636B657400000066
:10F4800051756572792043477261706846575465BB
:10F490006C656D657472795061796C6F6164207010
:10F4A00061636B65740000005365742F717565723C
:10F4B000792046696C74657220706F6F7369746926
:10F4C0006F6E202833326220696E74656765722919
:10F4D0002E2052657475726E732066696E616C20A1
:10F4E000706F736974696F6E2028303D73756E7329
:10F4F000616665292C202D31206966206D6F766943
:10F500006E672C206F72202D3220696620706F7319
:10F510006974696F6E696E67206572726F722E0012
:10F52000BEBAAD1BEDAD0F0A010001104347726179
:10F53000706856657273696F6E5061796C6F616443
:10F540003A2053657269616C4E756D3A20307825AA
:10F550006C582C2050726F636573736F72466972BA
:10F560006D776172654275696C644E756D3A2025E0
:10F570006C752C20465047414669726D7761726503
:10F580004275696C644E756D3A20256C75000000FB
:10F59000434772617068465748617264776172656B
:10F5A000436F6E74726F6C52656769737465723AFB
:10F5B00020416C6C3A20252E345820002C20506FAE
:10F5C000734C656473456E413A2025752000000038
:10F5D0002C20506F734C656473456E423A2025753C
:10F5E000200000002C204D6F746F72456E61626CBC
:10F5F000653A2025752000002C20526573657453F0
:10F60000746570733A202575200000002C204D6F22
:10F61000746F7241506C75733A202575200000009C
:10F620002C204D6F746F72414D696E75733A2025B1
:10F63000752000002C204D6F746F7242506C7573F2
:10F640003A202575200000002C204D6F746F724207
:10F650004D696E75733A2025752000002C20466197
:10F66000756C7431563A2025752000002C204661B7
:10F67000756C7433563A2025752000002C204661A5
:10F68000756C7435563A2025752000002C20506F7B
:10F690007765726E456E35563A202575200000005C
:10F6A0002C20506F776572437963643A202575206A
:10F6B000000000002C204C6564523A202575200083
:10F6C0002C204C6564473A20257520002C204C6581
:10F6D00064423A20257520002C2055617274304F09
:10F6E000453A2025752000002C2055617274314F59
:10F6F000453A2025752000002C2055617274324F48
:10F70000453A2025752000002C2055617274334F36
:10F71000453A2025752000002C2055783153656C22
:10F720004A6D703A20257520000000002C20557885
:10F730003253656C4A6D703A202575200000000038
:10F7400043477261706846574D6F746F72436F6EB6
:10F7500074726F6C537461747573526567697374F6
:10F7600065723A20416C6C3A20252E386C58200086
:10F770002C205365656B537465703A20252B6420EB
:10F78000000000002C2043757272656E745374651E
:10F79000703A20252B6420004347726170684657F9
:10F7A000506F736974696F6E53656E7365526567E8
:10F7B00069737465723A20416C6C3A20252E345876
:10F7C000200000002C20506F7353656E7365486FE6
:10F7D0006D65413A20257520000000002C20506FF7
:10F7E0007353656E736542697430413A2025752004
:10F7F000000000002C20506F7353656E73654269E2
:10F800007431413A20257520000000002C20506FF3
:10F810007353656E736542697432413A20257520D1
:10F82000000000002C20506F7353656E7365486FA5
:10F830006D65423A20257520000000002C20506F95
:10F840007353656E736542697430423A20257520A2
:10F85000000000002C20506F7353656E7365426981
:10F860007431423A20257520000000002C20506F92
:10F870007353656E736542697432423A2025752070
:10F88000000000002C20506F7353656E7365413A81
:10F89000203078252E315820000000005374657008
:10F8A00052656769737465723A20416C6C3A202521
:10F8B0002E385820000000002C204F6E53746570C5
:10F8C0003A202564200000002C204F6666537465A2
:10F8D000703A2025642000002C204D696453746523
:10F8E000703A2025642000000A42696E61727956E0
:10F8F000657273696F6E436F6D6D616E643A20530C
:10F90000656E64696E6720726573706F6E736520D3
:10F91000282575206279746573293A20000000005B
:10F920000A0000000A42696E6172794657486172A6
:10F930006477617265436F6E74726F6C5374617437
:10F940007573436F6D6D616E643A2070726F63659D
:10F950007373696E67282575292E2E2E0A0A0000FA
:10F960000A42696E617279465748617264776172C2
:10F9700065436F6E74726F6C537461747573436F0B
:10F980006D6D616E643A2053657474696E6720749E
:10F990006F2000000A42696E6172794657486172B1
:10F9A0006477617265436F6E74726F6C53746174C7
:10F9B0007573436F6D6D616E643A205265706C793A
:10F9C000696E673A200000000A42696E61727946EA
:10F9D000574D6F746F72436F6E74726F6C537461B6
:10F9E000747573436F6D6D616E643A2070726F63EE
:10F9F000657373696E67282575292E2E2E0A0A00F5
:10FA00000A42696E61727946574D6F746F72436F27
:10FA10006E74726F6C537461747573436F6D6D6146
:10FA20006E643A2053657474696E6720746F2000A9
:10FA30000A42696E61727946574D6F746F72436FF7
:10FA40006E74726F6C537461747573436F6D6D6116
:10FA50006E643A205265706C79696E673A200000D6
:10FA60000A42696E6172794657506F736974696FA3
:10FA70006E53656E7365436F6E74726F6C53746111
:10FA8000747573436F6D6D616E643A2070726F634D
:10FA9000657373696E67282575292E2E2E0A0A0054
:10FAA0000A42696E6172794657506F736974696F63
:10FAB0006E53656E7365436F6E74726F6C537461D1
:10FAC000747573436F6D6D616E643A205265706C2E
:10FAD00079696E673A2000000A42696E6172794660
:10FAE00057506F736974696F6E5374657073436FA9
:10FAF0006D6D616E643A2070726F63657373696EC9
:10FB000067282575292E2E2E0A0A00000A42696EE2
:10FB10006172794657506F736974696F6E5374657B
:10FB20007073436F6D6D616E643A205265706C79CD
:10FB3000696E673A200000000A506F73446574488C
:10FB40006F6D65413A2000000A506F73446574413F
:10FB5000303A20000A506F7344657441313A2000F6
:10FB60000A506F7344657441323A20000A506F7333
:10FB7000446574486F6D65423A2000000A506F7307
:10FB800044657442303A20000A506F7344657442F1
:10FB9000313A20000A506F7344657442323A2000B3
:10FBA0000A506F7344657430413A20000A506F73F5
:10FBB00044657431413A20000A506F7344657432D1
:10FBC000413A20000A506F7344657433413A200073
:10FBD0000A506F7344657434413A20000A506F73C1
:10FBE00044657435413A20000A506F734465743699
:10FBF000413A20000A506F7344657437413A20003F
:10FC00000A506F7344657430423A20000A506F7393
:10FC100044657431423A20000A506F73446574326F
:10FC2000423A20000A506F7344657433423A200010
:10FC30000A506F7344657434423A20000A506F735F
:10FC400044657435423A20000A506F734465743637
:10FC5000423A20000A506F7344657437423A2000DC
:10FC60000A42696E617279465754656C656D6574B8
:10FC70007279414443436F6D6D616E643A207072D6
:10FC80006F63657373696E67282575292E2E2E0A9A
:10FC90000A0000000A0A42696E617279465754658B
:10FCA0006C656D65747279414443436F6D6D616E2F
:10FCB000643A2043757272656E7456616C75657333
:10FCC0003A0A0A00503156323A2025332E366C66F5
:10FCD00020560A00503256323A2025332E366C66B2
:10FCE00020560A00503238563A2025332E366C669C
:10FCF00020560A00503256353A2025332E366C668F
:10FD000020560A005036563A2025332E366C66208F
:10FD1000560A00005035563A2025332E366C6620A0
:10FD2000560A000050335633443A2025332E366CA1
:10FD30006620560A00000000503456333A2025331E
:10FD40002E366C6620560A00503249323A2025334E
:10FD50002E366C6620560A00503449333A2025333B
:10FD60002E366C6620560A005036493A2025332E2E
:10FD7000366C6620560A00000A42696E6172794646
:10FD80005754656C656D65747279414443436F6D7A
:10FD90006D616E643A205265706C79696E672E2EC3
:10FDA0002E0A00000A42696E617279465746696CF4
:10FDB00074657253656C656374436F6D6D616E64D9
:10FDC0003A2070726F63657373696E6728257529B1
:10FDD0002E2E2E0A0A0000000A42696E61727946D0
:10FDE0005746696C74657253656C656374436F6DD7
:10FDF0006D616E643A20496E76616C696420706F43
:10FE0000736974696F6E207265717565737465646A
:10FE10003A20256C753B206D61782076616C6964B1
:10FE200020706F736974696F6E3A20256C753B2082
:10FE3000617373756D696E672077652776652062DB
:10FE400065656E2072657175657374656420746F85
:10FE50002072652D686F6D6520776865656C0A0096
:10FE60000A42696E617279465746696C74657253CD
:10FE7000656C656374436F6D6D616E643A206D6F80
:10FE800076696E6720746F3A20256C750A00000051
:10FE90000A0A42696E617279465746696C746572E6
:10FEA00053656C656374436F6D6D616E643A206D6C
:10FEB0006F7665206661696C6564210A0000000048
:10FEC0000A0A42696E617279465746696C746572B6
:10FED00053656C656374436F6D6D616E643A206D3C
:10FEE0006F76696E6720746F3A20256C750A000082
:10FEF0000A0A42696E617279465746696C74657286
:10FF000053656C656374436F6D6D616E643A207107
:10FF100075657279696E672063757272656E74209B
:10FF2000706F736974696F6E2E2E2E0A00000000C8
:10FF30000A0A42696E617279465746696C74657245
:10FF400053656C656374436F6D6D616E643A206DCB
:10FF50006F746F7220697320696E206D6F74696FA2
:10FF60006E20746F2074617267657420706F73699E
:10FF700074696F6E3A20256C750A00000A0A42699E
:10FF80006E617279465746696C74657253656C652B
:10FF90006374436F6D6D616E643A20637572726550
:10FFA0006E7420706F736974696F6E20696E76610C
:10FFB0006C696421210A00000A0A42696E61727943
:10FFC000465746696C74657253656C656374436F1C
:10FFD0006D6D616E643A2063757272656E74207027
:10FFE0006F736974696F6E3A20256C750A00021090
:10FFF0000310041002200200032004200520062024
:020000022000DC
:100000000720082009200A2003000400050006003C
:10001000060004002800C003013002300330043021
:10002000053006300E3001400240034004400540D8
:1000300006400000FFFF7F000000780000001E0067
:1000400000000000FFFF87FF000080FF00000C00A1
:100050000000780000010203040506070001020306
:10006000040506070809000102030405060708093C
:100070000A0B0C0D0E0F1011121314151617181968
:100080001A1B1C1D1E087F1B0900000068000000D1
:10009000700000005C01000060010000EE02DA0266
:1000A00087002D00D0070000640000000800000059
:1000B00093000000000000008952A06A00000000C8
:1000C000547565205365702020382031383A32331A
:1000D0003A3035203230323600010101FFFF7F0017
:1000E0000000780000001E0000000000FFFF87FFF6
:1000F000000080FF00000C000000780000010203F7
:1001000004050607000102030405060708090001AB
:1001100002030405060708090A0B0C0D0E0F101147
:1001200012131415161718191A1B1C1D1E087F1BF5
:100130000900000068000000700000005C01000081
:10014000600100000A50696E6F75744D6F6E6974BE
:100150006F724164633A20542F4F2E000A0A536392
:10016000616E4D6F6E69746F7241646320436F6D91
:100170006D616E643A2056616C75657320776974A1
:100180006820636F7272656374656420756E69744C
:100190007320666F6C6C6F773A0A000050315632EC
:1001A0003A2025332E366C6620560A0050325632DD
:1001B0003A2025332E366C6620560A0050323856C7
:1001C0003A2025332E366C6620560A0050325635BA
:1001D0003A2025332E366C6620560A005036563AA1
:1001E0002025332E366C6620560A00005035563ACC
:1001F0002025332E366C6620560A000050335633C5
:10020000443A2025332E366C6620560A0000000042
:10021000503456333A2025332E366C6620560A0069
:10022000503249323A2025332E366C6620560A0069
:10023000503449333A2025332E366C6620560A0056
:100240005036493A2025332E366C6620560A000077
:10025000417578303A2025332E366C6620560A00D8
:10026000417578313A2025332E366C6620560A00C7
:10027000417578323A2025332E366C6620560A00B6
:10028000416D6269656E744C696768743A20253304
:100290002E366C6620560A0054656D706572617466
:1002A0007572653A2025332E366C6620560A00009A
:1002B0000A5363616E4D6F6E69746F72416463209F
:1002C000436F6D6D616E643A20436F6D706C657441
:1002D000652E0A0A000000000A0A546573744D6F07
:1002E0006E69746F7241646320436F6D6D616E64FB
:1002F0003A2053657269616C3A2052656164696E97
:100300006720412F44277320287261772076616C23
:10031000756573293A0A00000A503156323A202591
:100320002B6C642C203078252E386C58000000008F
:100330000A503256323A20252B6C642C2030782516
:100340002E386C58000000000A503238563A2025EA
:100350002B6C642C203078252E386C58000000005F
:100360000A503256353A20252B6C642C20307825E3
:100370002E386C58000000000A5036563A20252BC3
:100380006C642C203078252E386C58000A50355675
:100390003A20252B6C642C203078252E386C5800A0
:1003A0000A50335633443A20252B6C642C20307885
:1003B000252E386C580000000A503456333A202558
:1003C0002B6C642C203078252E386C5800000000EF
:1003D0000A503249323A20252B6C642C2030782583
:1003E0002E386C58000000000A503449333A20255A
:1003F0002B6C642C203078252E386C5800000000BF
:100400000A5036493A20252B6C642C203078252E52
:10041000386C58000A417578303A20252B6C642CD2
:10042000203078252E386C58000000000A4175787D
:10043000313A20252B6C642C203078252E386C58CE
:10044000000000000A417578323A20252B6C642C9C
:10045000203078252E386C58000000000A416D626B
:1004600069656E744C696768743A20252B6C642C3E
:10047000203078252E386C58000000000A54656D35
:1004800070657261747572653A20252B6C642C203E
:100490003078252E386C58000A546573744D6F6E91
:1004A00069746F7241646320436F6D6D616E643A6D
:1004B00020436F6D706C6574652E0A0A00000000A1
:1004C000202C090D0A0000000A4D6F6E69746F72CE
:1004D00041646343616C6962726174653A20496E7C
:1004E00076616C696420706172616D6574657273A8
:1004F0003B206D7573742067697665206174206C8C
:1005000065617374206E616D65206F6620696E7021
:1005100075742063616C6962726174696F6E2074B6
:100520006F207175657279210A0A0000256C6500DB
:1005300044454641554C5453000000000A4D6F6E2F
:1005400069746F7241646343616C6962726174655E
:100550003A20416C6C2063616C69627261746573EE
:100560002073657420746F2064656661756C7473A4
:10057000210A0A0050315632000000005032563233
:10058000000000005032385600000000503256354E
:100590000000000050365600503556005033563398
:1005A00044000000503456330000000050324932FD
:1005B000000000005034493300000000503649006C
:1005C00041555830000000004155583100000000EE
:1005D0004155583200000000414D4249454E544CAF
:1005E000494748540000000054454D50455241547D
:1005F000555245000A4D6F6E69746F7241646343D2
:10060000616C6962726174653A2053657420476158
:10061000696E3A20256C65202822257322292C201A
:10062000536574204F66667365743A20256C6520A7
:100630002822257322290A000A4D6F6E69746F7291
:1006400041646343616C6962726174653A20476119
:10065000696E3A20256C652C204F66667365743A86
:1006600020256C650A0000000A4D6F6E69746F7278
:1006700041646343616C6962726174653A20556ECE
:1006800061626C6520746F206C6F636174652069B2
:100690006E707574206D61746368696E67202225C1
:1006A0007322210A000000000A4D6F6E69746F7298
:1006B00041646343616C6962726174653A20436F9F
:1006C0006D706C6574652E0A0A00000061647331F8
:1006D0003235383A3A696E697428293A20636F6E68
:1006E00066696730206D69736D6174636820287274
:1006F000656164733A3078252E32582C2077616E0C
:100700007465643A3078252E3258290A00000000BA
:10071000616473313235383A3A696E697428293A1E
:1007200020636F6E66696731206D69736D617463F4
:1007300068202872656164733A3078252E32582C0F
:100740002077616E7465643A3078252E3258290A14
:1007500000000000616473313235383A3A696E69DD
:100760007428293A2073797372656164206D697306
:100770006D61746368202872656164733A3078250E
:100780002E32582C2077616E7465643A3078252EAD
:100790003258290A00000000616473313235383A5A
:1007A0003A696E697428293A206770696F63206D11
:1007B00069736D61746368202872656164733A308F
:1007C00078252E32582C2077616E7465643A307823
:1007D000252E3258290A0000616473313235383AC7
:1007E0003A696E697428293A2069646E756D206DC6
:1007F00069736D61746368202872656164733A304F
:1008000078252E32582C2077616E7465643A3078E2
:10081000252E3258290A00005343414E4D4F4E4970
:10082000544F524144430000225363616E4D6F6E3A
:1008300069746F72416463223B2053686F77206351
:10084000757272656E7420696E70757420766F6C47
:1008500074616765732E2E2E0000000054455354BA
:100860004D4F4E49544F524144430000225465734A
:10087000744D6F6E69746F72416463223B205368DC
:100880006F772072617720412F4420636F756E74FB
:10089000732E2E2E0000000043414C494252415419
:1008A000454D4F4E49544F52414443002243616CE1
:1008B0006962726174654D6F6E69746F72416463D1
:1008C000203C726561646F75743E2C3C6761696E93
:1008D0003E286F7074696F6E616C292C3C6F666680
:1008E0007365743E286F7074696F6E616C29223B6A
:1008F0002043616C69627261746520286F72207197
:1009000075657279292074686520676976656E203F
:10091000726561646F7574000000000000000000E3
:100920002D87000051870000718700000000000043
:1009300000000000E17800000179000001010108D9
:100940007F1B0900BEBAAD1BEDAD0F0A01000110FF
:1009500002100310041002200200032004200520CE
:1009600006200720082009200A20030004000500B3
:100970000600060004002800C003013002300330E6
:100980000430053006300E30014002400340044080
:100990000540064055736167654661756C74537414
:1009A0006174757352656769737465723A20616C1E
:1009B0006C3D3078252E34583B20556E4465664991
:1009C0006E7374723D25632C20496E765374617486
:1009D00065455350523D25632C20496E7650433D6A
:1009E00025632C204E6F43503D25632C20556E41CE
:1009F0006C69676E65643D25632C20446976427995
:100A00005A65726F3D2563004275734661756C745B
:100A100053746174757352656769737465723A20B3
:100A2000616C6C3D3078252E32583B2049427573FD
:100A30004572723D25632C2050726563697345725F
:100A4000723D25632C20496D707265636973457230
:100A5000723D25632C20556E53746B4572723D2593
:100A6000632C2053746B4572723D25632C204C73AC
:100A7000704572723D25632C204246415256616C8E
:100A800069643D25630000004275734661756C74AE
:100A90004164647265737352656769737465723A11
:100AA000206661756C74206174203078252E386C56
:100AB000580000004D656D4D616E6167654661755A
:100AC0006C7453746174757352656769737465727D
:100AD0003A20616C6C3D3078252E32583B204941DC
:100AE000636356696F6C3D25632C204441636356F4
:100AF000696F6C3D25632C204D656D556E53746B8D
:100B00004572723D25632C204D656D53746B4572A3
:100B1000723D25632C204D656D4C73704572723D9E
:100B200025632C204D4D415256616C69643D25630F
:100B3000000000004D656D4D616E61676546617531
:100B40006C7441646472657373526567697374652C
:100B5000723A206661756C74206174203078252E9D
:100B6000386C5800436F6E666967757261626C65B8
:100B70004661756C745374617475735265676973FB
:100B800074657273434653523A20616C6C3D307801
:100B9000252E386C583B20003B20000048617264D1
:100BA0004661756C745374617475735265676973CB
:100BB0007465723A20616C6C3D3078252E386C5823
:100BC0003B20566563745461626C653D25632C203F
:100BD000466F726365643D25632C204465627567CA
:100BE0004576743D25630000436F6E7465787453D9
:100BF000746174654672616D653A2072303D30787B
:100C0000252E386C582C2072313D3078252E386CCA
:100C1000582C2072323D3078252E386C582C20729A
:100C2000333D3078252E386C582C207231323D30CF
:100C300078252E386C582C206C723D3078252E3853
:100C40006C582C2070635F72657475726E5F61649E
:100C500064723D3078252E386C582C207870737271
:100C60003D3078252E386C58000000000A00000046
:100C70000A0A0A214275734661756C74210A0000E4
:100C80005043205B5231355D203D2025780A00001D
:100C90004C52205B5231345D203D2025780A000003
:100CA0000A0A0A2155736167654661756C74210AE9
:100CB000000000000A0A0A214D656D4D616E67460D
:100CC00061756C74210A0000FA0500000101010041
:100CD000200000000A0A496E76616C696420636F27
:100CE0006D6D616E642028222573223B205B00001D
:100CF000252E326868583A005D2029202D206C6925
:100D00007374696E6720616C6C20617661696C61D7
:100D1000626C6520636F6D6D616E64733A0A0000EA
:100D200025733A2025730A000A21666F726D61747B
:100D3000663A3A77727374725F66756E63282570CF
:100D40002C2025702C20256C7529210A000000001C
:100D50000A0A547842696E6172795061636B6574F6
:100D60003A204E554C4C205061636B6574436F6E56
:100D70007465787421202853686F756C64206265EF
:100D80002042696E617279556172742A2920506C13
:100D900065617365207265636F6D70696C65207441
:100DA0006869732062696E6172792E2E2E0A0000C6
:100DB0000A0A43697263756C61724669666F466CB4
:100DC000617474656E6564467067613A204461744D
:100DD000614F6666736574283078256C78292C20FD
:100DE00044617461283078256C78292C2052656123
:100DF000644F6666736574283078256C78292C20DA
:100E000057726974654F6666736574283078256C0F
:100E100078292C204C656E28256C75292C20506F64
:100E2000705265676973746572283078256C78290B
:100E30003B2000002A446174614F66667365742824
:100E4000256C75292C202A44617461283078257816
:100E5000292C202A526561644F66667365742825C3
:100E60006C75292C202A57726974654F6666736504
:100E70007428256C75292C20446570746828256CAD
:100E800075292C202A506F705265676973746572DA
:100E900028256C75292E00000A0A43697263756C57
:100EA00061724669666F466C617474656E6564460E
:100EB0007067613A20506F704D616E7928257529F1
:100EC000204020307825702E0A0D00000000000020
:100ED00000000000099700002D97000063970000B4
:100EE000C797000073980000BF980000C5990000E4
:100EF0004D9700002B9800004F980000699A000061
:100F0000319A000035990000000000000000000048
:100F10000000000000000000C1BC0000C1BC0000D7
:100F2000C1BC0000C1BC0000C1BC0000C1BC0000CD
:100F3000C1BC0000C1BC0000C1BC0000C1BC0000BD
:100F4000C1BC0000BEBAAD1B4347726170685061FE
:100F5000636B65744865616465723A2053746172AD
:100F600074546F6B656E3A203078256C582C205085
:100F700061796C6F6164547970653A20256C752CC9
:100F8000205061796C6F61644C656E3A20256C75F8
:100F9000000000000A0A4347726170685061636B89
:100FA00065743A3A497356616C696428293A20504D
:100FB00061636B65745374617274546F6B656E3AE0
:100FC000204275666665722E617355333228257529
:100FD00029203D203078256C782E0A0D0000000075
:100FE0000A0A4347726170685061636B65743A3AEC
:100FF000497356616C696428293A207061796C6F75
:101000006164747970653A204275666665722E6116
:101010007355313628257529203D20307825782EC6
:101020000A0D00000A0A4347726170685061636BE1
:1010300065743A3A497356616C696428293A20709C
:1010400061796C6F61646C656E3A204275666665A5
:10105000722E617355313628257529203D20307850
:1010600025782E0A0D0000000A0A43477261706855
:101070005061636B65743A3A497356616C696428D0
:10108000293A207061636B6574206F7665727369AD
:101090007A65643A20427566666572446570746864
:1010A0003A2025752C205061636B65744C656E3A4F
:1010B0002025752E0A0D00000A0A434772617068E8
:1010C0005061636B65743A3A497356616C69642880
:1010D000293A20746F6B656E206D69736D6174635E
:1010E000683A2045787065637465643A2025752CEC
:1010F0002041637475616C3A2025752E0A0D00003D
:101100000A0A4347726170685061636B65743A3ACA
:10111000497356616C696428293A204352433A2046
:101120004275666665722E617355333228257529BE
:10113000203D203078256C782E0A0D000A0A43479E
:10114000726170685061636B65743A3A49735661B5
:101150006C696428293A205061636B6574456E643C
:10116000546F6B656E3A204275666665722E6173C8
:1011700055333228257529203D203078256C782E6E
:101180000A0D00000A0A4347726170685061636B80
:1011900065743A3A497356616C696428293A204368
:1011A00052433A20456E643A20257520537461728B
:1011B000743A202575202E0A0D0000000A0A4347C4
:1011C000726170685061636B65743A3A4973566135
:1011D0006C696428293A2043616C63276420435278
:1011E000433A203078256C78202843726343757227
:1011F00072656E74416464723A203078256C782987
:101200002C202874696D656F75743A202575292E18
:101210000A0D00000A0A4347726170685061636BEF
:1012200065743A3A497356616C696428293A2043D7
:1012300072635374617274416464723A2030782529
:101240006C782C20437263456E64416464723A206A
:101250003078256C780A0D000A0A42696E6172794D
:1012600020556172743A20496E697428506B744835
:101270002025752C20506B7446202575292E0A0DCB
:10128000000000002E252E32780000000A0A426974
:101290006E617279556172743A2042756666657244
:1012A00028257029206F766572666C6F773B2074F5
:1012B000686973207061636B65742077696C6C205A
:1012C0006E6F74206669742028257A7562292C2037
:1012D000666C757368696E67206275666665722EE6
:1012E0000A0D00000A0A42696E61727955617274D2
:1012F0003A20556E6D61746368656420636F6D6D2F
:10130000616E64203078252E386C5821204E756D22
:10131000436D64733A20256C752C2053746172748C
:101320003A20256C752C20456E643A20256C750A90
:10133000000000000A0A42696E6172795561727498
:101340003A205061636B65742072656365697665E8
:10135000642C206275742053657269616C4E756DE2
:1013600062657220636F6D70617269736F6E206663
:1013700061696C6564202865787065637465643A9A
:10138000203078252E386C583B20676F743A203017
:1013900078252E386C58292E0A0D00000A0A426959
:1013A0006E617279556172743A205061636B657435
:1013B0002072656365697665642C206275742069A6
:1013C0006E76616C69642E0A0D0000000A0A42699B
:1013D0006E61727920556172743A2053656E64694A
:1013E0006E67207061636B65742825752C202575E8
:1013F000293A2000252E32583A0000000A00000049
:101400000A465047415561727443616C6C62616376
:101410006B733A204E554C4C2825752920496E7621
:10142000616C69645061636B6574210A0A00000095
:101430000A465047415561727443616C6C62616346
:101440006B733A20496E76616C69645061636B65B9
:10145000742120636F6E74656E74733A203A0000D5
:101460000A0A00000A4650474142696E6172795586
:1014700061727443616C6C6261636B733A204E55A8
:101480004C4C2825752920556E48616E646C656446
:101490005061636B6574210A0A0000000A465047D8
:1014A000415561727443616C6C6261636B733A2085
:1014B000556E68616E646C6564207061636B657401
:1014C000282575293A2000000A0A21215F5F6378E8
:1014D000615F707572655F7669727475616C2829D9
:1014E00021210A0031343600316433313965333516
:1014F00038373437646237623265343638363734D9
:1015000030646334653932376232643332383536A9
:10151000000000000A0A4553432D46573A2076251D
:10152000732E6225733B204F6666736574206F6669
:1015300020436F6E74726F6C526567697374657265
:101540003A203078252E326C582C206578706563EF
:101550007465643A203078252E326C582E000000D5
:10156000EDAD0F0A0100011002100310041002205B
:10157000020003200420052006200720082009205F
:101580000A200300040005000600060004002800ED
:10159000C0030130023003300430053006300E3015
:1015A000014002400340044005400640FA050000A7
:1015B000087F1B09FFFF7F000000780000001E006D
:1015C00000000000FFFF87FF000080FF00000C000C
:1015D0000000780000010203040506070001020371
:1015E00004050607080900010203040506070809A7
:1015F0000A0B0C0D0E0F10111213141516171819D3
:101600001A1B1C1D1E000000680000007000000076
:101610005C0100006001000000000000000000000C
:10162000ADC50000D1C5000001BF000000000000F2
:1016300000000000C5BA0000E9BA000009BB0000C4
:1016400089BB000059AA0000E1BB000000000000B7
:1016500000000000C9B80000EDB8000013A90000A8
:101660000DB900004BB9000009BA000069BA0000CA
:101670007BBA00008DBA000089B9000000000000AC
:101680000000000031B70000000000000000000072
:10169000F5C5000019C60000B9AC0000B9B40000DF
:1016A0000000000000000000EDA900000DAA0000ED
:1016B0002DAA000043AA000059AA00006FAA00004A
:1016C000000000000000000000000000000000001A
:1016D000C1BC00000000000000000000000000008D
:1016E0000000000013A90000C1BC0000C1BC000044
:1016F000C1BC0000C1BC0000C1BC0000C1BC0000F6
:10170000B5A800000000000000000000000000007C
:1017100000000000C1BC000000000000000000004C
:10172000259D0000499D0000699D0000859D0000E9
:101730009D9D0000E99D0000259E0000719E000017
:10174000BD9E0000D19E0000E59E0000F99E0000B5
:101750000D9F00005F9F000019A00000239F000064
:101760003D9F0000919F0000D79F0000B1A00000A6
:1017700049A10000BDA1000019A2000075A200004F
:10178000E9A2000049A30000A5A30000F5A3000002
:10179000D5A60000EFA6000011A7000077A7000063
:1017A000D7A70000000000000000000000000000BB
:1017B00000000000C1BC0000C1BC0000C1BC0000B2
:1017C000C1BC0000C1BC0000C1BC0000C1BC000025
:1017D000C1BC0000C1BC0000C1BC0000C1BC000015
:1017E000C1BC0000C1BC0000C1BC0000C1BC000005
:1017F000C1BC0000C1BC0000C1BC0000C1BC0000F5
:10180000C1BC0000C1BC0000C1BC0000C1BC0000E4
:10181000C1BC0000C1BC0000C1BC0000C1BC0000D4
:10182000C1BC0000C1BC0000C1BC0000C1BC0000C4
:101830000101010000202020202020202020282835
:101840002828282020202020202020202020202080
:1018500020202020208810101010101010101010C0
:1018600010101010100404040404040404040410F0
:10187000101010101010414141414141010101017E
:101880000101010101010101010101010101010148
:101890001010101010104242424242420202020254
:1018A0000202020202020202020202020202020218
:1018B00010101010200000000000000000000000C8
:1018C0000000000000000000000000000000000018
:1018D0000000000000000000000000000000000008
:1018E00000000000000000000000000000000000F8
:1018F00000000000000000000000000000000000E8
:1019000000000000000000000000000000000000D7
:1019100000000000000000000000000000000000C7
:1019200000000000000000000000000000000000B7
:1019300000000000000000000A00000065256C6443
:1019400000000000494E4600696E66004E414E00A0
:101950006E616E003031323334353637383961627A
:101960006364656600000000303132333435363749
:10197000383941424344454600000000286E756CEA
:101980006C290000300000002F000000504F534928
:101990005800000043000000415343494900000043
:1019A00049534F2D383835392D310000636A6B7338
:1019B000696E676C65000000636A6B6E6172726FBE
:1019C00077000000636A6B77696465005554462DA3
:1019D0003800000055544638000000004A495300C2
:1019E000455543004A5000004555434A5000000009
:1019F000534A49530000000049534F0038383539E5
:101A00000000000049534F2D383835392D000000B3
:101A1000435000004B4F4938000000004350323023
:101A20003836360043503231383636004350313084
:101A30003300000047454F524749414E0000000027
:101A400050530000435031303100000050543135C4
:101A5000340000004350313032000000544953003C
:101A60003632300043503837340000004C435F4179
:101A70004C4C00004C414E47000000002E0000007E
:101A80004C435F434F4C4C41544500004C435F4333
:101A900054595045000000004C435F4D4F4E455493
:101AA000415259004C435F4E554D45524943000049
:101AB0004C435F54494D45004C435F4D45535341A2
:101AC00047455300496E66696E69747900000000ED
:101AD0004E614E0042616C6C6F6320737563636589
:101AE00065646564000000002F5F5F772F61726D91
:101AF0002D6E6F6E652D656162692D6763632D784C
:101B00007061636B2F61726D2D6E6F6E652D6561F7
:101B100062692D6763632D787061636B2F627569ED
:101B20006C642D6173736574732F6275696C642FB7
:101B30006C696E75782D7836342F736F75726365A6
:101B4000732F6E65776C69622D63796777696E2F85
:101B50006E65776C69622F6C6962632F7374646C55
:101B600069622F64746F612E630000002F5F5F77DE
:101B70002F61726D2D6E6F6E652D656162692D67C7
:101B800063632D787061636B2F61726D2D6E6F6E64
:101B9000652D656162692D6763632D787061636B84
:101BA0002F6275696C642D6173736574732F627530
:101BB000696C642F6C696E75782D7836342F736F6D
:101BC00075726365732F6E65776C69622D637967D3
:101BD00077696E2F6E65776C69622F6C6962632F0F
:101BE0007374646C69622F6D707265632E6300009C
:101BF0006E660000696E697479000000616E000015
:101C00002C2066756E6374696F6E3A2000000000C8
:101C1000617373657274696F6E202225732220666A
:101C200061696C65643A2066696C652022257322BF
:101C30002C206C696E65202564257325730A0000CD
:101C40002F5F5F772F61726D2D6E6F6E652D6561F1
:101C500062692D6763632D787061636B2F61726DAC
:101C60002D6E6F6E652D656162692D6763632D78DA
:101C70007061636B2F6275696C642D617373657439
:101C8000732F6275696C642F6C696E75782D783668
:101C9000342F736F75726365732F6E65776C69622D
:101CA0002D63796777696E2F6E65776C69622F6C2B
:101CB0006962632F7374646C69622F6764746F6107
:101CC0002D6765746865782E630000000A000100C6
:101CD00002000300040005000600070008000900D8
:101CE0000A000B000C000D000E000F001000000099
:101CF00030303030303030303030303030303030E4
:101D000020202020202020202020202020202020D3
:101D10004300000000000000000000000000000080
:101D200000000000000000000000000000000000B3
:101D30004300000000000000000000000000000060
:101D40000000000000000000000000000000000093
:101D50004300000000000000000000000000000040
:101D60000000000000000000000000000000000073
:101D70004300000000000000000000000000000020
:101D80000000000000000000000000000000000053
:101D90004300000000000000000000000000000000
:101DA0000000000000000000000000000000000033
:101DB00043000000000000000000000000000000E0
:101DC0000000000000000000000000000000000013
:101DD00043000000000000000000000000000000C0
:101DE00000000000000000000000000000000000F3
:101DF0006D660100D93F01000000000034180200A8
:101E00007C1A02000C1C02000C1C02000C1C0200BC
:101E10000C1C02000C1C02000C1C02000C1C02001A
:101E20000C1C02000C1C0200FFFFFFFFFFFFFFFF66
:101E3000FFFFFFFFFFFF000001004153434949003E
:101E40000000000000000000000000000000000092
:101E50000000000000000000000041534349490019
:101E60000000000000000000000000000000000072
:101E70000000000000000000000000006C1A0200DA
:101E8000801A02008C1A0200981A0200A41A02009A
:101E9000B01A0200B81A0200040000000000050099
:101EA0000004010101010106010600040000000018
:101EB000000000000000040400000000060202020E
:101EC00002020602060606040606060606060606C0
:101ED00006060303060606000000000000000000DE
:101EE00002000000000000000005040404040407D0
:101EF00004070003000000000000000000000101D2
:101F000000000000070101010101070107070706A2
:101F10000707070707070707070700000707070066
:101F20000000000000000000050000001900000093
:101F30007D00000000000000BC89D897B2D29C3C14
:101F400033A7A8D523F649393DA7F444FD0FA532A0
:101F50009D978CCF08BA5B25436FAC642806C80AEE
:101F60000080E03779C34143176E05B5B5B8934695
:101F7000F5F93FE9034F384D321D30F94877825A61
:101F80003CBF737FDD4F1575000000000000F03F7F
:101F90000000000000002440000000000000594044
:101FA0000000000000408F40000000000088C34097
:101FB00000000000006AF8400000000080842E410C
:101FC00000000000D01263410000000084D7974158
:101FD0000000000065CDCD41000000205FA002425E
:101FE000000000E876483742000000A2941A6D42D3
:101FF000000040E59C30A2420000901EC4BCD642C6
:1020000000003426F56B0C430080E03779C3414370
:1020100000A0D8855734764300C84E676DC1AB43E6
:10202000003D9160E458E143408CB5781DAF154404
:1020300050EFE2D6E41A4B4492D54D06CFF08044DF
:10204000F64AE1C7022DB544B49DD9794378EA44F4
:1020500034000000CEFBFFFFCB03000001000000B6
:102060000000000035000000CEFBFFFFCB030000A6
:102070000100000000000000BC89D897B2D29C3C4F
:1020800033A7A8D523F649393DA7F444FD0FA5325F
:102090009D978CCF08BA5B25436FAC642806681106
:1020A0000C5F104E154E2A4E314E364E3C4E3F4E72
:1020B000424E564E584E824E854E6B8C8A4E128240
:1020C0000D5F8E4E9E4E9F4EA04EA24EB04EB34E12
:1020D000B64ECE4ECD4EC44EC64EC24ED74EDE4E3E
:1020E000ED4EDF4EF74E094F5A4F304F5B4F5D4F6D
:1020F000574F474F764F884F8F4F984F7B4F694FC1
:10210000704F914F6F4F864F964F1851D44FDF4FFE
:10211000CE4FD84FDB4FD14FDA4FD04FE44FE54F82
:102120001A50285014502A50255005501C4FF64F75
:10213000215029502C50FE4FEF4F11500650435064
:10214000475003675550505048505A5056506C50A5
:10215000785080509A508550B450B250C950CA50EF
:10216000B350C250D650DE50E550ED50E350EE5023
:10217000F950F550095101510251165115511451A0
:102180001A5121513A5137513C513B513F51405125
:1021900052514C5154516251F87A69516A516E5101
:1021A00080518251D8568C5189518F519151935100
:1021B00095519651A451A651A251A951AA51AB5182
:1021C000B351B151B251B051B551BD51C551C951C1
:1021D000DB51E0515586E951ED51F051F551FE5179
:1021E00004520B5214520E5227522A522E5233527C
:1021F00039524F5244524B524C525E5254526A52D0
:102200007452695273527F527D528D52945292523F
:10221000715288529152A88FA78FAC52AD52BC52C6
:10222000B552C152CD52D752DE52E352E652ED982A
:10223000E052F352F552F852F952065308533875EA
:102240000D5310530F5315531A5323532F53315318
:1022500033533853405346534553174E49534D5308
:10226000D6515E5369536E5318597B53775382533B
:102270009653A053A653A553AE53B053B653C3536E
:10228000127CD996DF53FC66EE71EE53E853ED53A2
:10229000FA5301543D5440542C542D543C542E5464
:1022A000365429541D544E548F5475548E545F54D3
:1022B00071547754705492547B548054765484549F
:1022C00090548654C754A254B854A554AC54C45422
:1022D000C854A854AB54C254A454BE54BC54D8548B
:1022E000E554E6540F551455FD54EE54ED54FA548C
:1022F000E2543955405563554C552E555C5545555E
:1023000056555755385533555D5599558055AF54E9
:102310008A559F557B557E5598559E55AE557C5593
:102320008355A9558755A855DA55C555DF55C45568
:10233000DC55E455D4551456F7551656FE55FD5543
:102340001B56F9554E565056DF7134563656325696
:1023500038566B5664562F566C566A5686568056BB
:102360008A56A05694568F56A556AE56B656B456B3
:10237000C256BC56C156C356C056C856CE56D15684
:10238000D356D756EE56F9560057FF5604570957FD
:1023900008570B570D57135718571657C7551C5743
:1023A0002657375738574E573B5740574F5769575F
:1023B000C057885761577F5789579357A057B357CE
:1023C000A457AA57B057C357C657D457D257D35755
:1023D0000A58D657E3570B5819581D5872582158A8
:1023E00062584B587058C06B52583D5879588558B0
:1023F000B9589F58AB58BA58DE58BB58B858AE5861
:10240000C558D358D158D758D958D858E558DC585A
:10241000E458DF58EF58FA58F958FB58FC58FD5863
:1024200002590A5910591B59A66825592C592D597A
:10243000325938593E59D27A555950594E595A59EC
:1024400058596259605967596C5969597859815975
:102450009D595E4FAB4FA359B259C659E859DC5943
:102460008D59D959DA59255A1F5A115A1C5A095AE5
:102470001A5A405A6C5A495A355A365A625A6A5A46
:102480009A5ABC5ABE5ACB5AC25ABD5AE35AD75A64
:10249000E65AE95AD65AFA5AFB5A0C5B0B5B165BA2
:1024A000325BD05A2A5B365B3E5B435B455B405BED
:1024B000515B555B5A5B5B5B655B695B705B735B38
:1024C000755B785B88657A5B805B835BA65BB85BDA
:1024D000C35BC75BC95BD45BD05BE45BE65BE25B81
:1024E000DE5BE55BEB5BF05BF65BF35B055C075C7F
:1024F000085C0D5C135C205C225C285C385C395CF9
:10250000415C465C4E5C535C505C4F5C715B6C5C48
:102510006E5C624E765C795C8C5C915C945C9B59E1
:10252000AB5CBB5CB65CBC5CB75CC55CBE5CC75CF2
:10253000D95CE95CFD5CFA5CED5C8C5DEA5C0B5D92
:10254000155D175D5C5D1F5D1B5D115D145D225D9A
:102550001A5D195D185D4C5D525D4E5D4B5D6C5DA5
:10256000735D765D875D845D825DA25D9D5DAC5D22
:10257000AE5DBD5D905DB75DBC5DC95DCD5DD35D9C
:10258000D25DD65DDB5DEB5DF25DF55D0B5E1A5EE7
:10259000195E115E1B5E365E375E445E435E405ED2
:1025A0004E5E575E545E5F5E625E645E475E755E61
:1025B000765E7A5EBC9E7F5EA05EC15EC25EC85ED5
:1025C000D05ECF5ED65EE35EDD5EDA5EDB5EE25E4F
:1025D000E15EE85EE95EEC5EF15EF35EF05EF45EA5
:1025E000F85EFE5E035F095F5D5F5C5F0B5F115F1E
:1025F000165F295F2D5F385F415F485F4C5F4E5F1C
:102600002F5F515F565F575F595F615F6D5F735F0B
:10261000775F835F825F7F5F8A5F885F915F875F9D
:102620009E5F995F985FA05FA85FAD5FBC5FD65F5C
:10263000FB5FE45FF85FF15FDD5FB360FF5F216028
:1026400060601960106029600E6031601B60156069
:102650002B6026600F603A605A6041606A60776064
:102660005F604A6046604D606360436064604260E2
:102670006C606B60596081608D60E76083609A6018
:1026800084609B60966097609260A7608B60E16059
:10269000B860E060D360B460F05FBD60C660B560F4
:1026A000D8604D6115610661F660F7600061F46005
:1026B000FA6003612161FB60F1600D610E614761A9
:1026C0003E61286127614A613F613C612C61346150
:1026D0003D614261446173617761586159615A613A
:1026E0006B6174616F61656171615F615D615361AF
:1026F0007561996196618761AC6194619A618A6143
:102700009161AB61AE61CC61CA61C961F761C861B9
:10271000C361C661BA61CB61797FCD61E661E36176
:10272000F661FA61F461FF61FD61FC61FE610062C6
:10273000086209620D620C6214621B621E622162F1
:102740002A622E6230623262336241624E625E629F
:1027500063625B62606268627C62826289627E62DE
:10276000926293629662D46283629462D762D1620B
:10277000BB62CF62FF62C662D464C862DC62CC62B4
:10278000CA62C262C7629B62C9620C63EE62F16296
:10279000276302630863EF62F56250633E634D6333
:1027A0001C644F6396638E638063AB637663A3633D
:1027B0008F6389639F63B5636B636963BE63E9631A
:1027C000C063C663E363C963D263F663C46316641C
:1027D000346406641364266436641D6517642864D3
:1027E0000F6467646F6476644E642A6595649364CD
:1027F000A564A9648864BC64DA64D264C564C764EF
:10280000BB64D864C264F164E7640982E064E16493
:10281000AC62E364EF642C65F664F464F264FA6419
:102820000065FD6418651C650565246523652B65D9
:10283000346535653765366538654B754865566569
:1028400055654D6558655E655D657265786582653F
:1028500083658A8B9B659F65AB65B765C365C665F8
:10286000C165C465CC65D265DB65D965E065E165A8
:10287000F16572670A660366FB65736735663666DF
:1028800034661C664F664466496641665E665D66F0
:102890006466676668665F66626670668366886699
:1028A0008E668966846698669D66C166B966C966E5
:1028B000BE66BC66C466B866D666DA66E0663F6623
:1028C000E666E966F066F566F7660F6716671E67E7
:1028D0002667276738972E673F67366741673867EF
:1028E000376746675E6760675967636764678967CC
:1028F0007067A9677C676A678C678B67A667A16743
:102900008567B767EF67B467EC67B367E967B86770
:10291000E467DE67DD67E267EE67B967CE67C667C3
:10292000E7679C6A1E684668296840684D68326897
:102930004E68B3682B685968636877687F689F68DA
:102940008F68AD6894689D689B688368AE6AB96853
:102950007468B568A068BA680F698D687E68016997
:10296000CA680869D86822692669E1680C69CD6877
:10297000D468E768D568366912690469D768E3687E
:102980002569F968E068EF6828692A691A69236986
:102990002169C668796977695C6978696B69546986
:1029A0007E696E69396974693D695969306961691F
:1029B0005E695D6981696A69B269AE69D069BF693A
:1029C000C169D369BE69CE69E85BCA69DD69BB6963
:1029D000C369A7692E6A9169A0699C699569B46900
:1029E000DE69E869026A1B6AFF690A6BF969F269C4
:1029F000E769056AB1691E6AED69146AEB690A6ADA
:102A0000126AC16A236A136A446A0C6A726A366A75
:102A1000786A476A626A596A666A486A386A226AE4
:102A2000906A8D6AA06A846AA26AA36A976A178606
:102A3000BB6AC36AC26AB86AB36AAC6ADE6AD16A40
:102A4000DF6AAA6ADA6AEA6AFB6A056B1686FA6ABC
:102A5000126B166B319B1F6B386B376BDC76396BE7
:102A6000EE98476B436B496B506B596B546B5B6BC8
:102A70005F6B616B786B796B7F6B806B846B836B47
:102A80008D6B986B956B9E6BA46BAA6BAB6BAF6BEE
:102A9000B26BB16BB36BB76BBC6BC66BCB6BD36BF1
:102AA000DF6BEC6BEB6BF36BEF6BBE9E086C136C28
:102AB000146C1B6C246C236C5E6C556C626C6A6CC1
:102AC000826C8D6C9A6C816C9B6C7E6C686C736C88
:102AD000926C906CC46CF16CD36CBD6CD76CC56C93
:102AE000DD6CAE6CB16CBE6CBA6CDB6CEF6CD96C2F
:102AF000EA6C1F6D4D88366D2B6D3D6D386D196D0F
:102B0000356D336D126D0C6D636D936D646D5A6D23
:102B1000796D596D8E6D956DE46F856DF96D156EDE
:102B20000A6EB56DC76DE66DB86DC66DEC6DDE6D88
:102B3000CC6DE86DD26DC56DFA6DD96DE46DD56D56
:102B4000EA6DEE6D2D6E6E6E2E6E196E726E5F6E8C
:102B50003E6E236E6B6E2B6E766E4D6E1F6E436EE9
:102B60003A6E4E6E246EFF6E1D6E386E826EAA6EC9
:102B7000986EC96EB76ED36EBD6EAF6EC46EB26E18
:102B8000D46ED56E8F6EA56EC26E9F6E416F116F43
:102B90004C70EC6EF86EFE6E3F6FF26E316FEF6E42
:102BA000326FCC6E3E6F136FF76E866F7A6F786FF1
:102BB000816F806F6F6F5B6FF36F6D6F826F7C6F74
:102BC000586F8E6F916FC26F666FB36FA36FA16FF7
:102BD000A46FB96FC66FAA6FDF6FD56FEC6FD46F3C
:102BE000D86FF16FEE6FDB6F09700B70FA6F1170B9
:102BF00001700F70FE6F1B701A70746F1D7018706B
:102C00001F7030703E7032705170637099709270A6
:102C1000AF70F170AC70B870B370AE70DF70CB7025
:102C2000DD70D9700971FD701C7119716571557174
:102C30008871667162714C7156716C718F71FB7124
:102C400084719571A871AC71D771B971BE71D2716F
:102C5000C971D471CE71E071EC71E771F571FC71DD
:102C6000F971FF710D7210721B7228722D722C7225
:102C7000307232723B723C723F72407246724B72DB
:102C8000587274727E7282728172877292729672B8
:102C9000A272A772B972B272C372C672C472CE72D5
:102CA000D272E272E072E172F972F7720F5017732A
:102CB0000A731C7316731D7334732F732973257372
:102CC0003E734E734F73D89E57736A7368737073F5
:102CD000787375737B737A73C873B373CE73BB7376
:102CE000C073E573EE73DE73A27405746F7425749C
:102CF000F87332743A7455743F745F745974417444
:102D00005C746974707463746A7476747E748B74A2
:102D10009E74A774CA74CF74D474F173E074E374AE
:102D2000E774E974EE74F274F074F174F874F77483
:102D30000475037505750C750E750D751575137590
:102D40001E7526752C753C7544754D754A7549750B
:102D50005B7546755A756975647567756B756D75C4
:102D6000787576758675877574758A7589758275B7
:102D700094759A759D75A575A375C275B375C37560
:102D8000B575BD75B875BC75B175CD75CA75D2759B
:102D9000D975E375DE75FE75FF75FC750176F07506
:102DA000FA75F275F3750B760D7609761F76277630
:102DB0002076217622762476347630763B764776F6
:102DC000487646765C76587661766276687669767D
:102DD0006A7667766C7670767276767678767C76BA
:102DE0008076837688768B768E76967693769976CD
:102DF0009A76B076B476B876B976BA76C276CD766B
:102E0000D676D276DE76E176E576E776EA762F86B6
:102E1000FB76087707770477297724771E7725775D
:102E200026771B773777387747775A7768776B77C6
:102E30005B7765777F777E7779778E778B779177FA
:102E4000A0779E77B077B677B977BF77BC77BD7735
:102E5000BB77C777CD77D777DA77DC77E377EE770D
:102E6000FC770C781278267920782A7945788E7844
:102E7000747886787C789A788C78A378B578AA78F4
:102E8000AF78D178C678CB78D478BE78BC78C5785E
:102E9000CA78EC78E778DA78FD78F47807791279EF
:102EA000117919792C792B794079607957795F7983
:102EB0005A79557953797A797F798A799D79A77981
:102EC0004B9FAA79AE79B379B979BA79C979D579AD
:102ED000E779EC79E179E379087A0D7A187A197A49
:102EE000207A1F7A8079317A3B7A3E7A377A437A30
:102EF000577A497A617A627A697A9D9F707A797A8B
:102F00007D7A887A977A957A987A967AA97AC87A21
:102F1000B07AB67AC57AC47ABF7A8390C77ACA7A09
:102F2000CD7ACF7AD57AD37AD97ADA7ADD7AE17A1C
:102F3000E27AE67AED7AF07A027B0F7B0A7B067BF7
:102F4000337B187B197B1E7B357B287B367B507B44
:102F50007A7B047B4D7B0B7B4C7B457B757B657B58
:102F6000747B677B707B717B6C7B6E7B9D7B987BBE
:102F70009F7B8D7B9C7B9A7B8B7B927B8F7B5D7B0E
:102F8000997BCB7BC17BCC7BCF7BB47BC67BDD7B52
:102F9000E97B117C147CE67BE57B607C007C077C14
:102FA000137CF37BF77B177C0D7CF67B237C277CE3
:102FB0002A7C1F7C377C2B7C3D7C4C7C437C547C66
:102FC0004F7C407C507C587C5F7C647C567C657C6C
:102FD0006C7C757C837C907CA47CAD7CA27CAB7C7F
:102FE000A17CA87CB37CB27CB17CAE7CB97CBD7C7E
:102FF000C07CC57CC27CD87CD27CDC7CE27C3B9BE8
:10300000EF7CF27CF47CF67CFA7C067D027D1C7DF4
:10301000157D0A7D457D4B7D2E7D327D3F7D357D45
:10302000467D737D567D4E7D727D687D6E7D4F7DC4
:10303000637D937D897D5B7D8F7D7D7D9B7DBA7D6D
:10304000AE7DA37DB57DC77DBD7DAB7D3D7EA27D83
:10305000AF7DDC7DB87D9F7DB07DD87DDD7DE47D5D
:10306000DE7DFB7DF27DE17D057E0A7E237E217E75
:10307000127E317E1F7E097E0B7E227E467E667E1C
:103080003B7E357E397E437E377E327E3A7E677E5A
:103090005D7E567E5E7E597E5A7E797E6A7E697E30
:1030A0007C7E7B7E837ED57D7D7EAE8F7F7E887E9F
:1030B000897E8C7E927E907E937E947E967E8E7E9E
:1030C0009B7E9C7E387F3A7F457F4C7F4D7F4E7F35
:1030D000507F517F557F547F587F5F7F607F687F2F
:1030E000697F677F787F827F867F837F887F877F06
:1030F0008C7F947F9E7F9D7F9A7FA37FAF7FB27FDF
:10310000B97FAE7FB67FB87F718BC57FC67FCA7F20
:10311000D57FD47FE17FE67FE97FF37FF97FDC987D
:10312000068004800B801280188019801C8021800A
:1031300028803F803B804A804680528058805A8059
:103140005F80628068807380728070807680798012
:103150007D807F808480868085809B8093809A801C
:10316000AD809051AC80DB80E580D980DD80C4806B
:10317000DA80D6800981EF80F1801B81298123814B
:103180002F814B818B9646813E8153815181FC80FA
:1031900071816E81658166817481838188818A8174
:1031A00080818281A0819581A481A3815F819381A7
:1031B000A981B081B581BE81B881BD81C081C28144
:1031C000BA81C981CD81D181D981D881C881DA8183
:1031D000DF81E081E781FA81FB81FE810182028249
:1031E000058207820A820D821082168229822B8232
:1031F000388233824082598258825D825A825F824D
:103200006482628268826A826B822E827182778295
:1032100078827E828D829282AB829F82BB82AC82D8
:10322000E182E382DF82D282F482F382FA829383A4
:103230000383FB82F982DE820683DC820983D982E2
:1032400035833483168332833183408339835083BB
:1032500045832F832B831783188385839A83AA83BF
:103260009F83A283968323838E8387838A837C8331
:10327000B58373837583A0838983A883F4831384C0
:10328000EB83CE83FD830384D8830B84C183F783D0
:103290000784E083F2830D8422842084BD833884F4
:1032A0000685FB836D842A843C845A8584847784D4
:1032B0006B84AD846E848284698446842C846F849C
:1032C00079843584CA846284B984BF849F84D98414
:1032D000CD84BB84DA84D084C184C684D684A1849E
:1032E0002185FF84F484178518852C851F85158515
:1032F0001485FC8440856385588548854185028610
:103300004B8555858085A485888591858A85A88586
:103310006D8594859B85EA8587859C8577857E85E7
:103320009085C985BA85CF85B985D085D585DD8558
:10333000E585DC85F9850A8613860B86FE85FA8588
:10334000068622861A8630863F864D86554E5486DE
:103350005F86678671869386A386A986AA868B86F2
:103360008C86B686AF86C486C686B086C986238814
:10337000AB86D486DE86E986EC86DF86DB86EF8642
:1033800012870687088700870387FB8611870987CE
:103390000D87F9860A8734873F8737873B872587DC
:1033A00029871A8760875F8778874C874E8774875D
:1033B000578768876E875987538763876A87058829
:1033C000A2879F878287AF87CB87BD87C087D0873B
:1033D000D696AB87C487B387C787C687BB87EF8777
:1033E000F287E0870F880D88FE87F687F7870E88BB
:1033F000D2871188168815882288218831883688D6
:10340000398827883B8844884288528859885E8852
:1034100062886B8881887E889E8875887D88B5885B
:103420007288828897889288AE889988A2888D88C9
:10343000A488B088BF88B188C388C488D488D88855
:10344000D988DD88F9880289FC88F488E888F288C0
:1034500004890C890A89138943891E8925892A8947
:103460002B89418944893B89368938894C891D8952
:1034700060895E89668964896D896A896F897489C2
:1034800077897E89838988898A8993899889A1899E
:10349000A989A689AC89AF89B289BA89BD89BF8952
:1034A000C089DA89DC89DD89E789F489F889038AAA
:1034B000168A108A0C8A1B8A1D8A258A368A418AB6
:1034C0005B8A528A468A488A7C8A6D8A6C8A628ABA
:1034D000858A828A848AA88AA18A918AA58AA68AEC
:1034E0009A8AA38AC48ACD8AC28ADA8AEB8AF38A44
:1034F000E78AE48AF18A148BE08AE28AF78ADE8A14
:10350000DB8A0C8B078B1A8BE18A168B108B178B3F
:10351000208B338BAB97268B2B8B3E8B288B418B51
:103520004C8B4F8B4E8B498B568B5B8B5A8B6B8B9B
:103530005F8B6C8B6F8B748B7D8B808B8C8B8E8B6E
:10354000928B938B968B998B9A8B3A8C418C3F8C78
:10355000488C4C8C4E8C508C558C628C6C8C788C3E
:103560007A8C828C898C858C8A8C8D8C8E8C948CB8
:103570007C8C988C1D62AD8CAA8CBD8CB28CB38C6B
:10358000AE8CB68CC88CC18CE48CE38CDA8CFD8C50
:10359000FA8CFB8C048D058D0A8D078D0F8D0D8D9A
:1035A000108D4E9F138DCD8C148D168D678D6D8D66
:1035B000718D738D818D998DC28DBE8DBA8DCF8D9C
:1035C000DA8DD68DCC8DDB8DCB8DEA8DEB8DDF8DBD
:1035D000E38DFC8D088E098EFF8D1D8E1E8E108E44
:1035E0001F8E428E358E308E348E4A8E478E498E97
:1035F0004C8E508E488E598E648E608E2A8E638ECD
:10360000558E768E728E7C8E818E878E858E848E80
:103610008B8E8A8E938E918E948E998EAA8EA18E89
:10362000AC8EB08EC68EB18EBE8EC58EC88ECB8E41
:10363000DB8EE38EFC8EFB8EEB8EFE8E0A8F058F6B
:10364000158F128F198F138F1C8F1F8F1B8F0C8F4D
:10365000268F338F3B8F398F458F428F3E8F4C8F14
:10366000498F468F4E8F578F5C8F628F638F648F29
:103670009C8F9F8FA38FAD8FAF8FB78FDA8FE58F22
:10368000E28FEA8FEF8F8790F48F0590F98FFA8F92
:103690001190159021900D901E9016900B902790F0
:1036A000369035903990F88F4F90509051905290BD
:1036B0000E9049903E90569058905E9068906F9012
:1036C0007690A896729082907D90819080908A905A
:1036D00089908F90A890AF90B190B590E290E490CF
:1036E0004862DB90029112911991329130914A9186
:1036F00056915891639165916991739172918B91F3
:1037000089918291A291AB91AF91AA91B591B49117
:10371000BA91C091C191C991CB91D091D691DF91CD
:10372000E191DB91FC91F591F6911E92FF9114923B
:103730002C92159211925E92579245924992649200
:10374000489295923F924B9250929C92969293926D
:103750009B925A92CF92B992B792E9920F93FA92B2
:1037600044932E93199322931A9323933A93359368
:103770003B935C9360937C936E935693B093AC931E
:10378000AD939493B993D693D793E893E593D89355
:10379000C393DD93D093C893E4931A941494139431
:1037A00003940794109436942B94359421943A946E
:1037B0004194529444945B94609462945E946A94AD
:1037C00029927094759477947D945A947C947E9405
:1037D00081947F94829587958A95949596959895EE
:1037E0009995A095A895A795AD95BC95BB95B995CC
:1037F000BE95CA95F66FC395CD95CC95D595D495C4
:10380000D695DC95E195E595E295219628962E963C
:103810002F9642964C964F964B9677965C965E9670
:103820005D965F96669672966C968D96989695962E
:103830009796AA96A796B196B296B096B496B69673
:10384000B896B996CE96CB96C996CD964D89DC960C
:103850000D97D596F99604970697089713970E97A4
:1038600011970F971697199724972A97309739979A
:103870003D973E97449746974897429749975C975C
:103880006097649766976897D2526B97719779970C
:1038900085977C9781977A9786978B978F97909744
:1038A0009C97A897A697A397B397B497C397C697E3
:1038B000C897CB97DC97ED974F9FF297DF7AF697F3
:1038C000F5970F980C9838982498219837983D9838
:1038D00046984F984B986B986F9870987198749819
:1038E0007398AA98AF98B198B698C498C398C69898
:1038F000E998EB98039909991299149918992199C3
:103900001D991E99249920992C992E993D993E999B
:1039100042994999459950994B99519952994C9985
:10392000559997999899A599AD99AE99BC99DF99B0
:10393000DB99DD99D899D199ED99EE99F199F299A0
:10394000FB99F899019A0F9A059AE299199A2B9A7C
:10395000379A459A429A409A439A3E9A559A4D9A76
:103960005B9A579A5F9A629A659A649A699A6B9A77
:103970006A9AAD9AB09ABC9AC09ACF9AD19AD39AC1
:10398000D49ADE9ADF9AE29AE39AE69AEF9AEB9A51
:10399000EE9AF49AF19AF79AFB9A069B189B1A9B57
:1039A0001F9B229B239B259B279B289B299B2A9B14
:1039B0002E9B2F9B329B449B439B4F9B4D9B4E9B2F
:1039C000519B589B749B939B839B919B969B979B2E
:1039D0009F9BA09BA89BB49BC09BCA9BB99BC69B6B
:1039E000CF9BD19BD29BE39BE29BE49BD49BE19B2F
:1039F0003A9CF29BF19BF09B159C149C099C139C98
:103A00000C9C069C089C129C0A9C049C2E9C1B9C53
:103A1000259C249C219C309C479C329C469C3E9C2F
:103A20005A9C609C679C769C789CE79CEC9CF09CE4
:103A3000099D089DEB9C039D069D2A9D269DAF9D9B
:103A4000239D1F9D449D159D129D419D3F9D3E9D23
:103A5000469D489D5D9D5E9D649D519D509D599DD7
:103A6000729D899D879DAB9D6F9D7A9D9A9DA49D1A
:103A7000A99DB29DC49DC19DBB9DB89DBA9DC69D8B
:103A8000CF9DC29DD99DD39DF89DE69DED9DEF9D57
:103A9000FD9D1A9E1B9E1E9E759E799E7D9E819EFB
:103AA000889E8B9E8C9E929E959E919E9D9EA59E8D
:103AB000A99EB89EAA9EAD9E6197CC9ECE9ECF9E9B
:103AC000D09ED49EDC9EDE9EDD9EE09EE59EE89E1E
:103AD000EF9EF49EF69EF79EF99EFB9EFC9EFD9E39
:103AE000079F089FB776159F219F2C9F3E9F4A9F57
:103AF000529F549F639F5F9F609F619F669F679FD8
:103B00006C9F6A9F779F729F769F959F9C9FA09FB7
:103B10002F58C76959906474DC5199719C4E1655A1
:103B2000035A3F96C0541B612863F659229075844E
:103B30001C83507AAA60E163256EED656684A682D7
:103B4000F59B93682757A16571629B5BD0597B8673
:103B5000F498627DBE7D8E9B16629F7CB788895BE0
:103B6000B55E096397664868C7958D974F67E54EC0
:103B70000A4F4D4F9D4F4950F2563759D459015A6B
:103B8000095CDF600F61706113660569BA704F757B
:103B90007075FB79AD7DEF7DC3800E846388028BE9
:103BA00055907A903B53954EA54EDF57B280C19009
:103BB000EF78004EF158A26E3890327A28838B82CB
:103BC0002F9C41517053BD54E154E056FB59155F91
:103BD000F298EB6DE4802D8562967096A096FB9727
:103BE0000B54F353875BCF70BD7FC28FE8966F5342
:103BF0005C9DBA7A114E9378FC81266E1856045556
:103C00001D6B1A853B9CE559A953666DDC748F9535
:103C10004256914E4B90F2964F830C99E153B65514
:103C2000305B715F2066F3660468386CF36C296D55
:103C30005B74C8764E7A3498F1825B88608AED9224
:103C4000B26DAB75CA76C599A660018B8A8DB295A7
:103C50008E69AD538651125730584459B45BF65EA5
:103C60002860A963F463BF6C146F8E70147159716E
:103C7000D5713F73017E7682D182978560905B9289
:103C80001B9D6958BC655A6C2575F9512E596559AB
:103C9000805FDC5FBC62FA652A6A276BB46B8B734A
:103CA000C17F56892C9D0E9DC49EA15C966C7B8322
:103CB00004514B5CB661C68176686172594EFA4F09
:103CC00078536960296E4F7AF3970B4E1653EE4E78
:103CD000554F3D4FA14F734FA052EF5309560F5907
:103CE000C15AB65BE15BD17987669C67B6674C6B5E
:103CF000B36C6B70C2738D79BE793C7A877BB1826D
:103D0000DB8204837783EF83D3836687B28A295665
:103D1000A88CE68F4E901E978A86C44FE85C11628D
:103D200059723B75E581BD82FE86C08CC59613999C
:103D3000D599CB4E1A4FE389DE564A58CA58FB5ED6
:103D4000EB5F2A6094606260D0611262D062396574
:103D5000419B6666B068776D70704C758676757D30
:103D6000A582F9878B958E969D8CF151BE5216597E
:103D7000B354B35B165D68618269AF6D8D78CB8497
:103D80005788728AA793B89A6C6DA899D986A35759
:103D9000FF67CE860E92835287560454D35EE1624B
:103DA000B9643C683868BB6B7273BA786B7A9A896D
:103DB000D2896B8D038FED90A39594966997665B7E
:103DC000B35C7D694D984E989B63207B2B6A7F6A1C
:103DD000B6680D9C5F6F72529D557060EC623B6DD2
:103DE000076ED16E5B841089448F144E399CF65354
:103DF0001B693A6A84972A685C51C37AB284DC9161
:103E00008C935B56289D226805833184A57C0852DB
:103E1000C582E6747E4E834FA051D25B0A52D852BF
:103E2000E752FB5D9A552A58E6598C5B985BDB5B41
:103E3000725E795EA3601F616361BE61DB63626570
:103E4000D1675368FA683E6B536B576C226F976F5C
:103E5000456FB0741875E3760B77FF7AA17B217CF0
:103E6000E97D367FF07F9D8066829E83B389CC8A10
:103E7000AB8C8490519493959195A2956596D39728
:103E800028991882384E2B54B85CCC5DA9734C76B7
:103E90003C77A95CEB7F0B8DC1961198549858988C
:103EA000014F0E4F71539C556856FA574759095B9D
:103EB000C45B905C0C5E7E5ECC5FEE633A67D76558
:103EC000E2651F67CB68C4685F6A305EC56B176CBC
:103ED0007D6C7F754879635B007A007DBD5F8F895B
:103EE000188AB48C778DCC8E1D8FE2980E9A3C9BED
:103EF000804E7D50005193599C5B2F628062EC6430
:103F00003A6BA07291754779A97FFB87BC8A708B49
:103F1000AC63CA83A09709540354AB555468586ADC
:103F2000708A27787567CD9E7453A25B1A8150867C
:103F30000690184E454EC74E114FCA533854AE5BCB
:103F4000135F256051653D67426C726CE36C78705D
:103F50000374767AAE7A087B1A7DFE7C667DE7650F
:103F60005B72BB53455CE85DD262E0621963206E10
:103F70005A86318ADD8DF892016FA6795A9BA84E38
:103F8000AB4EAC4E9B4FA04FD1504751F67A71517A
:103F9000F651545321537F53EB53AC558358E15C96
:103FA000375F4A5F2F6050606D601F6359654B6AD1
:103FB000C16CC272ED72EF77F880058108824E8580
:103FC000F790E193FF9757995A9AF04EDD512D5C87
:103FD00081666D69405CF266756989735068817CA1
:103FE000C550E4524757FE5D2693A465236B3D6B95
:103FF00034748179BD794B7BCA7DB982CC837F884B
:104000005F89398BD18FD1911F5480925D4E36508C
:10401000E5533A53D7729673E977E682AF8EC69925
:10402000C899D29977511A615E86B0557A7A7650DE
:10403000D35B47908596324EDB6AE791515C485CD2
:1040400098639F7A936C7497618FAA7A8A71889625
:10405000827C1768707E51686C93F2521B54AB855A
:10406000138AA47FCD8EE190665388884179C24F30
:10407000BE501152445153552D57EA738B57515925
:10408000625F845F756076616761A961B2633A645B
:104090006C656F664268136E66753D7AFB7C4C7D7D
:1040A000997D4B7E6B7F0E834A83CD86088A638A17
:1040B000668BFD8E1A988F9DB882CE8FE89B8752B3
:1040C0001F628364C06F999641689150206B7A6C2F
:1040D000546F747A507D4088238A0867F64E3950B1
:1040E000265065507C5138526352A7550F570558DA
:1040F000CC5AFA5EB261F861F36272631C69296A94
:104100007D72AC722E7314786F78797D0C77A980EC
:104110008B89198BE28CD28E639075937A96559821
:10412000139A789E43519F53B3537B5E265F1B6E59
:10413000906E8473FE73437D3782008AFA8A5096AC
:104140004E4E0B50E4537C54FA56D159645BF15DEA
:10415000AB5E275F38624565AF67566ED072CA7C2A
:10416000B488A180E180F0834E86878AE88D3792FB
:10417000C7966798139F944E924E0D4F48534954DB
:104180003E542F5A8C5FA15F9F60A7688E6A5A7455
:1041900081789E8AA48A778B90915E4EC99BA44EAB
:1041A0007C4FAF4F1950165049516C519F52B95224
:1041B000FE529A53E35311540E5489555157A25746
:1041C0007D59545B5D5B8F5BE55DE75DF75D785E18
:1041D000835E9A5EB75E185F52604C619762D862E8
:1041E000A7633B6502664366F4666D67216897685E
:1041F000CB695F6C2A6D696D2F6E9D6E3275877607
:104200006C783F7AE07C057D187D5E7DB17D158000
:104210000380AF80B18054818F812A8252834C8881
:1042200061881B8BA28CFC8CCA90759171923F782F
:10423000FC92A4954D9605989999D89A3B9D5B520E
:10424000AB52F7530854D558F762E06F6A8C5F8F12
:10425000B99E4B513B524A54FD56407A7791609D2E
:10426000D29E4473096F70811175FD5FDA60A89A60
:10427000DB72BC8F646B0398CA4EF0566457BE580D
:104280005A5A6860C7610F6606663968B168F76D8B
:10429000D5753A7D6E82429B9B4E504FC953065551
:1042A0006F5DE65DEE5DFB67996C73740278508A12
:1042B0009693DF885057A75E2B63B550AC508D5155
:1042C0000067C9545E58BB59B05B695F4D62A1631A
:1042D0003D68736B086E7D70C79180721578267883
:1042E0006D798E65307DDC83C188098F9B96645221
:1042F000285750676A7FA18CB45142572A963A5882
:104300008A69B480B2540E5DFC579578FA9D5C4F73
:104310004A528B543E6428661467F567847A567B4C
:10432000227D2F935C68AD9B397B19538A5137529C
:10433000DF5BF662AE64E6642D67BA6BA985D19641
:104340009076D69B4C630693AB9BBF765266094E24
:104350009850C253715CE860926463655F68E6716F
:10436000CA732375977B827E9586838BDB8C7891CD
:104370001099AC65AB668B6BD54ED44E3A4F7F4FE0
:104380003A52F853F253E355DB56EB58CB59C9591F
:10439000FF59505B4D5C025E2B5ED75F1D6007636B
:1043A0002F655C5BAF65BD65E8659D67626B7B6B88
:1043B0000F6C45734979C179F87C197D2B7DA280FA
:1043C0000281F38196895E8A698A668A8C8AEE8A7E
:1043D000C78CDC8CCC96FC986F6B8B4E3C4F8D4F12
:1043E0005051575BFA5B486101634266216BCB6EAB
:1043F000BB6C3E72BD74D475C1783A790C80338041
:10440000EA8194849E8F506C7F9E0F5F588B2B9D0A
:10441000FA7AF88E8D5BEB96034EF153F7573159CC
:10442000C95AA45B89607F6E066FBE75EA8C9F5B7C
:104430000085E07B7250F4679D82615C4A851E7E38
:104440000E829951045C6863668D9C656E713E793D
:10445000177D05801D8BCA8E6E90C786AA901F504F
:10446000FA523A5C53677C7035724C91C8912B9329
:10447000E582C25B315FF9603B4ED653885B4B628D
:1044800031678A6BE972E0732E7A6B81A38D52914A
:1044900096991251D7536A54FF5B8863396AAC7D91
:1044A0000097DA56CE536854975B315CDE5DEE4F71
:1044B0000161FE62326DC079CB79427D4D7ED27F43
:1044C000ED811F82908446887289908B748E2F8F25
:1044D00031904B916C91C6969C91C04E4F4F455177
:1044E0004153935F0E62D467416C0B6E6373267EFB
:1044F000CD918392D4531959BF5BD16D5D792E7ED6
:104500009B7C7E589F71FA515388F08FCA4FFB5C99
:104510002566AC77E37A1C82FF99C651AA5FEC65E9
:104520006F69896BF36D966E646FFE76147DE15D45
:10453000759087910698E6511D5240629166D96642
:104540001A6EB65ED27D727FF866AF85F785F88AFF
:10455000A952D95373598F5E905F5560E492649667
:10456000B7501F51DD5220534753EC53E854465582
:10457000315517566859BE593C5AB55B065C0F5CFD
:10458000115C1A5C845E8A5EE05E705F7F628462AA
:10459000DB628C63776307660C662D6676667E67E2
:1045A000A2681F6A356ABC6C886D096E586E3C71D2
:1045B00026716771C77501775D7801796579F07942
:1045C000E07A117BA77C397D9680D6838B844985E0
:1045D0005D88F3881F8A3C8A548A738A618CDE8CDA
:1045E000A49166927E9318949C9698970A4E084ED2
:1045F0001E4E574E97517052CE573458CC58225BAE
:10460000385EC560FE6461675667446DB672737547
:10461000637AB884728BB89120933156F457FE9820
:10462000ED620D69966BED71547E77807282E6893A
:10463000DF985587B18F3B5C384FE14FB54F075539
:10464000205ADD5BE95BC35F4E612F63B0654B664B
:10465000EE689B69786DF16D3375B9751F775E797A
:10466000E679337DE381AF82AA85AA893A8AAB8E47
:104670009B8F3290DD910797BA4EC14E0352755809
:10468000EC580B5C1A753D5C4E810A8AC58F6396A7
:104690006D97257BCF8A08986291F356A85317909F
:1046A00039548257255EA863346C8A7061778B7C9D
:1046B000E07F708842905491109318938F965E74A7
:1046C000C49A075D695D7065A267A88DDB966E630D
:1046D00049671969C5831798C096FE88846F7A6404
:1046E000F85B164E2C705D752F66C4513652E2523F
:1046F000D359815F276010623F6574651F667466D9
:10470000F2681668636B056E72721F75DB76BE7C8D
:104710005680F058FD887F89A08A938ACB8A1D90A5
:1047200092915297599789650E7A0681BB962D5EB4
:10473000DC601A62A56514669067F3774D7A4D7C4C
:104740003E7E0A81AC8C648DE18D5F8EA978075224
:10475000D962A563426498622D8A837AC07BAC8A51
:10476000EA96767D0C824987D94E4851435360536F
:10477000A35B025C165CDD5D26624762B064136871
:104780003468C96C456D176DD3675C6F4E717D7170
:10479000CB657F7AAD7BDA7D4A7EA87F7A811B82EA
:1047A0003982A6856E8ACE8CF58D78907790AD9201
:1047B00091928395AE9B4D528455386F36716851F6
:1047C0008579557EB381CE7C4C565158A85CAA633E
:1047D000FE66FD665A69D9728F758E750E795679A7
:1047E000DF79977C207D447D0786348A3B966190F3
:1047F000209FE7507552CC53E2530950AA55EE580A
:104800004F593D728B5B645C1D53E360F3605C63E6
:1048100083633F63BB63CD64E965F966E35DCD699E
:10482000FD69156FE571894EE975F876937ADF7C3D
:10483000CF7D9C7D6180498358836C84BC84FB85DB
:10484000C588708D01906D9097931C97129ACF50E8
:1048500097588E61D3813585088D2090C34F745051
:10486000475273536F6049635F672C6EB38D1F901F
:10487000D74F5E5CCA8CCF659A7D5253968876512D
:10488000C363585B6B5B0A5C0D6451675C90D64EEA
:104890001A592A59706C518A3E551558A559F0601D
:1048A0005362C167358255694096C499289A534F1F
:1048B0000658FE5B1080B15C2F5E855F20604B6107
:1048C0003462FF66F06CDE6ECE807F81D4828B888E
:1048D000B88C00902E908A96DB9EDB9BE34EF053C3
:1048E00027592C7B8D914C98F99DDD6E2770535381
:1048F0004455855B58629E62D362A26CEF6F22744E
:10490000178A3894C16FFE8A3883E751F886EA53D4
:10491000E953464F5490B08F6A593181FD5DEA7A70
:10492000BF8FDA68378CF872489C3D6AB08A394E7E
:10493000585306566657C562A263E6654E6BE16D35
:104940005B6EAD70ED77EF7AAA7BBB7D3D80C68054
:10495000CB86958A5B93E356C7583E5FAD659666F6
:10496000806AB56B3775C78A2450E57730571B5F6F
:1049700065607A66606CF4751A7A6E7FF4811887C8
:104980004590B399C97B5C75F97A517BC4841090CA
:10499000E979927A3683E15A40772D4EF24E995B4F
:1049A000E05FBD623C66F167E86C6B8677883B8AA6
:1049B0004E91F392D099176A26702A73E782578432
:1049C000AF8C014E4651CB518B55F55B165E335E75
:1049D000815E145F355F6B5FB45FF2611163A26645
:1049E0001D676E6F52723A753A777480398178819B
:1049F0007687BF8ADC8A858DF38D9A9277950298A7
:104A0000E59CC5525763F4761567886CCD73C38CEB
:104A1000AE937396256D9C580E69CC69FD8F9A9361
:104A2000DB751A905A580268B463FB69434F2C6FC8
:104A3000D867BB8F2685B47D54933F69706F6A57E2
:104A4000F7582C5B2C7D2A720A54E391B49DAD4E2D
:104A50004E4F5C50755043529E8C485424589A5B7C
:104A60001D5E955EAD5EF75E1F5F8C60B5623A635A
:104A7000D063AF68406C87788E790B7AE07D47828F
:104A8000028AE68A448E1390B8902D91D8910E9F99
:104A9000E56C5864E2647565F46E84761B7B6990FE
:104AA000D193BA6EF254B95FA4644D8FED8F4492E6
:104AB00078516B582959555C975EFB6D8F7E1C753C
:104AC000BC8CE28E5B98B9701D4FBF6BB16F3075B7
:104AD000FB964E51105435585758AC59605C925F54
:104AE00097655C67216E7B76DF83ED8C1490FD907B
:104AF0004D9325783A78AA52A65E1F5774591260D2
:104B000012505A51AC51CD5100521055545858586A
:104B10005759955BF65C8B5DBC6095622D6471673F
:104B20004368BC68DF68D776D86D6F6E9B6D6F7019
:104B3000C871535FD8757779497B547B527BD67C9B
:104B4000717D305263846985E4850E8A048B468CBE
:104B50000F8E03900F90199476962D98309AD895D1
:104B6000CD50D5520C5402580E5CA7619E641E6D48
:104B7000B377E57AF480048453908592E05C079DD6
:104B80003F53975FB35F9C6D79726377BF79E47B26
:104B9000D26BEC72AD8A0368616AF851817A34692C
:104BA0004A5CF69CEB82C55B49911E7078566F5C3F
:104BB000C76066658C6C5A8C419013985154C766D7
:104BC0000D924859A39085514D4EEA5199850E8B0F
:104BD00058707A634B936269B499047E7775575322
:104BE0006069DF8EE3965D6C8C4E3C5C105FE98FF4
:104BF0000253D18C89807986FF5EE565734E6551DD
:104C000082593F5CEE97FB4E8A59CD5F8D8AE16FEA
:104C1000B0796279E75B71842B73B171745EF55F73
:104C20007B639A64C371987C434EFC5E4B4EDC57A9
:104C3000A256A960C36F0D7DFD803381BF81B28F05
:104C40009789A486F45D8A62AD6487897767E26C90
:104C50003E6D36743478465A757FAD82AC99F34F09
:104C6000C35EDD62926357656F67C3764C72CC801A
:104C7000BA80298F4D910D50F957925A8568736902
:104C80006471FD72B78CF258E08C6A9619907F8738
:104C9000E479E77729842F4F65525A53CD62CF6765
:104CA000CA6C7D76947B957C36828485EB8FDD663D
:104CB000206F06721B7EAB83C199A69EFD51B17B0E
:104CC0007278B87B8780487BE86A615E8C8051751A
:104CD00060756B5162928C6E7A769791EA9A104F5A
:104CE000707F9C624F7BA595E99C7A565958E48663
:104CF000BC96344F24524A53CD53DB53065E2C648A
:104D000091657F673E6C4E6C4872AF72ED7354755F
:104D1000417E2C82E985A98CC47BC6916971129869
:104D2000EF983D6369666A75E476D0784385EE86D0
:104D30002A53515326548359875E7C5FB26049627F
:104D40007962AB629065D46BCC6CB275AE769178BB
:104D5000D879CB7D777FA580AB88B98ABB8C7F90D3
:104D60005E97DB980B6A387C99503E5CAE5F876734
:104D7000D86B357409778E7F3B9FCA67177A395392
:104D80008B75ED9A665F9D81F18398803C5FC55F6E
:104D90006275467B3C906768EB599B5A107D7E7626
:104DA0002C8BF54F6A5F196A376C026FE274687971
:104DB0006888558A798CDF5ECF63C575D279D782D2
:104DC0002893F2929C84ED862D9CC1546C5F8C6577
:104DD0005C6D1570A78CD38C3B984F65F6740D4EA7
:104DE000D84EE0572B59665ACC5BA851035E9C5EA7
:104DF000166076627765A7656E666E6D3672267B85
:104E000050819A8199825C8BA08CE68C748D1C9663
:104E10004496AE4FAB64666B1E8261846A85E890EF
:104E2000015C5369A8987A8457850F4F6F52A95F28
:104E3000455E0D678F79798107898689F56D175FE2
:104E40005562B86CCF4E6972929B06523B547456B1
:104E5000B358A4616E621A716E59897CDE7C1B7D29
:104E6000F09687655E80194E754F75514058635EA8
:104E7000735E0A5FC467264E3D8589955B96737C99
:104E80000198FB50C1585676A7782552A577118511
:104E9000867B4F5009594772C77BE87DBA8FD48F04
:104EA0004D90BF4FC952295A015FAD97DD4F178210
:104EB000EA9203575563696B2B75DC88148F427A2D
:104EC000DF52935855610A62AE66CD6B3F7CE98331
:104ED0002350F84F05534654315849599D5BF05CB7
:104EE000EF5C295D965EB16267633E65B9650B67ED
:104EF000D56CE16CF97032782B7EDE80B3820C8445
:104F0000EC84028712892A8A4A8CA690D292FD9854
:104F1000F39C6C9D4F4EA14E8D5056524A57A85946
:104F20003D5ED85FD95F3F62B4661B67D067D268C9
:104F30009251217DAA80A881008B8C8CBF8C7E929F
:104F4000329620542C981753D5505C53A858B2640D
:104F5000346767726677467AE691C352A16C866BB6
:104F600000584C5E54592C67FB7FE151C67669644A
:104F7000E878549BBB9ECB57B95927669A67CE6B8E
:104F8000E954D969555E9C819567AA9BFE67529C3E
:104F90005D68A64EE34FC853B9622B67AB6CC48FF4
:104FA000AD4F6D7EBF9E074E6261806E2B6F138585
:104FB00073542A67459BF35D957BAC5CC65B1C878D
:104FC0004A6ED184147A088199598D7C116C2077AE
:104FD000D952225921715F72DB772797619D0B6946
:104FE0007F5A185AA5510D547D540E66DF76F78FFF
:104FF0009892F49CEA595D72C56E4D51C968BF7DA7
:10500000EC7D6297BA9E7864216A028384595F5B63
:10501000DB6B1B73F276B27D17809984325128675F
:10502000D99EEE766267FF520599245C3B627E7CD6
:10503000B08C4F55B6600B7D809501535F4EB651D5
:105040001C593A723680CE91255FE2778453795F9E
:10505000047DAC85338A8D8E5697F367AE85539465
:1050600009610861B96C5276ED8A388F2F55514F1E
:105070002A51C752CB53A55B7D5EA0608261D66387
:105080000967DA67676E8C6D3673377331755079DF
:10509000D588988A4A909190F590C4968D87155935
:1050A000884E594F0E4E898A3F8F1098AD507C5EC6
:1050B0009659B95BB85EDA63FA63C164DC664A6923
:1050C000D8690B6DB66E94712875AF7A8A7F0080AF
:1050D0004984C9848189218B0A8E65907D960A99BD
:1050E0007E619162326B836C746DCC7FFC7FC06D8E
:1050F000857FBA87F8886567B1833C98F7961B6D02
:10510000617D3D846A91714E7553505D046BEB6F08
:10511000CD852D86A78929520F54655C4E67A868F6
:1051200006748374E275CF88E188CC91E296789614
:105130008B5F8773CB7A4E84A06365758952416D0E
:105140009C6E097459756B78927C8696DC7A8D9F7B
:10515000B64F6E61C5655C86864EAE4EDA50214E06
:10516000CC51EE5B99658168BC6D1F734276AD775B
:105170001C7AE77C6F82D28A7C90CF9175961898C2
:105180009B52D17D2B5098539767CB6DD071337460
:10519000E8812A8FA396579C9F9E60744158996D11
:1051A0002F7D5E98E44E364F8B4FB751B152BA5DAA
:1051B0001C60B2733C79D3823492B796F6960A9704
:1051C000979E629FA666746B1752A352C870C288DE
:1051D000C95E4B609061236F49713E7CF47D6F80A6
:1051E000EE8423902C9342546F9BD36A8970C28CB7
:1051F000EF8D3297B452415ACA5E045F17677C69DB
:1052000094696A6D0F6F6272FC72ED7B01807E8023
:105210004B87CE906D51939E84798B803293D68A42
:105220002D508C54718A6A6BC48C0781D160A06741
:10523000F29D994E984E109C6B8AC18568850069D5
:105240007E6E977855810000002502250C251025DB
:10525000182514251C252C25242534253C2501251D
:1052600003250F2513251B251725232533252B253E
:105270003B254B2520252F25282537253F251D2576
:105280003025252538254225100411041204130465
:1052900014041504010416041704180419041A044C
:1052A0001B041C041D041E041F04200421042204EA
:1052B00023042404250426042704280429042A049A
:1052C0002B042C042D042E042F04000000000000E9
:1052D00000000000000000000000000000000000CE
:1052E00000000000000000003004310432043304E8
:1052F00034043504510436043704380439043A04BC
:105300003B043C043D043E043F0440044104420489
:1053100043044404450446044704480449044A0439
:105320004B044C044D044E044F04000091039203BF
:1053300093039403950396039703980399039A03A1
:105340009B039C039D039E039F03A003A103A30350
:10535000A403A503A603A703A803A9030000000054
:10536000000000000000000000000000B103B203D4
:10537000B303B403B503B603B703B803B903BA0361
:10538000BB03BC03BD03BE03BF03C003C103C30310
:10539000C403C503C603C703C803C9030000000054
:1053A00000000000000000000000000101010101F8
:1053B00001010101010000000000000001010101E4
:1053C00001010101010101010101010101010101CD
:1053D00001010101010100000000000000010101C4
:1053E00001010101010101010101010101010101AD
:1053F0000101010101010100C625A125A025B32558
:10540000B225BD25BC253B2012309221902191214F
:105410009321133000000000000000000000000095
:105420000000000000000000000008220B2286227D
:105430008722822283222A222922000000000000E3
:105440000000000000000000000027222822AC001D
:10545000D221D421002203222922000000000000D2
:1054600000000000000000000000000000002022FA
:10547000A522122302220722612252226A226B22D3
:105480001A223D221D2235222B222C220000000050
:10549000000000000000000000002B2130206F26DB
:1054A0006D266A2620202120B6002C220000000054
:1054B0000000EF250030013002300CFF0EFFFB3002
:1054C0001AFF1BFF1FFF01FF9B309C30B40040FF01
:1054D000A8003EFF3E203FFFFD30FE309D309E3055
:1054E0000330DD4E053006300730FC30142010202C
:1054F0000FFF3CFF1C3016205CFF262025201820C3
:1055000019201C201D2008FF09FF143015303BFF17
:105510003DFF5BFF5DFF083009300A300B300C3077
:105520000D300E300F30103011300BFF1222B10051
:10553000D700F7001DFF60221CFF1EFF66226722B6
:105540001E22342242264026B0003220332003217E
:10555000A50004FFA200A30005FF03FF06FF0AFF4A
:1055600020FFA70006260526CB25CF25CE25C7255B
:105570000A00010002000300040005000600070005
:10558000080009000A000B000C000D000E000F00BF
:1055900010000000303030303030303030303030BB
:1055A00030303030202020202020202020202020BB
:1055B000202020200000000000000000000000006B
:1055C00000000000000000000000000000000000DB
:1055D00000000000000000000000000000000000CB
:1055E00000000000101112131415161718190000EE
:1055F00000000000001A1B1C1D1E1F000000000000
:10560000000000000000000000000000000000009A
:1056100000000000001A1B1C1D1E1F0000000000DF
:10562000000000000000000000000000000000007A
:10563000000000000000000000000000000000006A
:10564000000000000000000000000000000000005A
:10565000000000000000000000000000000000004A
:10566000000000000000000000000000000000003A
:10567000000000000000000000000000000000002A
:10568000000000000000000000000000000000001A
:10569000000000000000000000000000000000000A
:1056A00000000000000000000000000000000000FA
:1056B00000000000000000001F001C20000000008F
:1056C0001421000002001624000000001425000030
:1056D0000200152800000000112900000000142A13
:1056E00000000000182B00000000142C0000000037
:1056F000102D00000000142E000001000C300000EE
:105700000900143A00000100183C00000200143F98
:1057100000000100034100001900155B00000000BB
:10572000145C00000000115D00000000175E000026
:1057300000000F5F00000000176000000000036120
:1057400000001900157B00000000187C000000001C
:10575000117D00000000187E00000000007F0000A6
:1057600020001CA00000000014A10000000016A2F0
:105770000000030019A60000000014A700000000AC
:1057800017A80000000019A90000000006AA0000E8
:10579000000013AB0000000018AC0000000001ADD9
:1057A0000000000019AE0000000017AF000000006C
:1057B00019B00000000018B1000000000EB2000097
:1057C000010017B40000000003B50000000014B68B
:1057D0000000010017B8000000000EB90000000032
:1057E00006BA0000000012BB000000000EBC000062
:1057F000020014BF0000000003C00000160018D70C
:105800000000000003D80000060004DF00000000D4
:1058100003E00000160018F70000000003F8000085
:105820003F00043801000000033901000F00044963
:1058300001000000034A01004200048D0100000045
:10584000038E01000C00049B01000000039C01007A
:105850000D0004AA0100010003AC01000D0004BA10
:105860000100000006BB0100000003BC01000100B4
:1058700004BE0100000003BF0100000006C00100DB
:10588000030003C40100000007C50100000003C6B7
:105890000100010007C80100000003C90100010068
:1058A00007CB0100000003CC0100230004F001003D
:1058B000000003F10100000007F20100000003F303
:1058C00001002D000421020000000322020011004B
:1058D000043402000500033A02001A0004550200D5
:1058E00000000356020001000458020000000359A2
:1058F00002000000045A02000000035B02000100E5
:10590000045D020002000360020001000462020064
:10591000000003630200000004640200000003654D
:105920000200010004670200000003680200040096
:10593000046D02000100036F020000000470020009
:1059400000000371020001000473020001000375EE
:1059500002000000047602000600037D0200000041
:10596000047E0200010003800200000004810200A6
:105970000000038202000100048402000200038789
:1059800002000500048D02000400039202000000E2
:105990000493020000000694020000000495020037
:1059A0000700039D02000100049F0200100005B0E3
:1059B0000200110017C20200030005C602000B001E
:1059C00017D202000D0005E00200040017E50200F6
:1059D000060005EC0200000017ED0200000005EED5
:1059E0000200000017EF020010000B0003006F0020
:1059F0000370030003000574030000001775030023
:105A00000000037603000100057A03000000037B19
:105A100003000200147E03000000037F0300000067
:105A200017840300010003860300000014870300AD
:105A30000000038803000200038C03000000038EB3
:105A40000300010004900300000003910300100014
:105A500003A303000C0004B00300000003B1030023
:105A6000200008D20300020003D50300200018F62E
:105A70000300000003F70300040004FC030000001F
:105A800003FD030084001982040000000B8304005E
:105A900004000A8804000100038A0400A500033101
:105AA00005002500055905000000145A05000500F1
:105AB000046005000000036105002500048705005F
:105AC0000100148905000000108A05000000198DEE
:105AD00005000100168F050000000B9105002C0049
:105AE00010BE050000000BBF0500000014C005003B
:105AF00000000BC10500010014C3050000000BC429
:105B00000500010014C6050000000BC705000000D9
:105B100006D005001A0006EF0500030014F3050087
:105B20000100010006000500180606000200140925
:105B300006000100160B06000000140C0600010010
:105B4000190E060001000B1006000A00141B0600C7
:105B50000000011C06000000141D060002000620C3
:105B600006001F000540060000000641060009006F
:105B70000B4B060014000C6006000900146A0600B6
:105B80000300066E060001000B700600000006719F
:105B90000600620014D40600000006D506000000CE
:105BA0000BD60600060001DD0600000019DE060027
:105BB00000000BDF0600050005E5060001000BE70D
:105BC0000600010019E9060000000BEA06000300C8
:105BD00006EE060001000CF00600090006FA0600B9
:105BE000020019FD0600010006FF06000000140077
:105BF00007000D00010F070000000610070000005D
:105C00000B1107000000061207001D000B300700F3
:105C10001A00064D070058000BA607000A0006B13F
:105C2000070000000CC00700090006CA070020009A
:105C30000BEB0700080005F40700010019F6070048
:105C4000000014F70700020005FA070000000BFD32
:105C50000700000016FE07000100060008001500FE
:105C60000B1608000300051A080000000B1B0800B3
:105C700008000524080000000B2508000200052884
:105C8000080000000B2908000400143008000E0072
:105C90000640080018000B5908000200145E0800B6
:105CA0000000066008000A00067008001700178848
:105CB00008000000068908000500019008000100A6
:105CC0000B980800070006A00800280005C9080076
:105CD00000000BCA0800170001E2080000000BE3F7
:105CE00008001F0009030900000006040900350030
:105CF0000B3A09000000093B090000000B3C0900B9
:105D00000000063D09000000093E090002000B41A9
:105D1000090007000949090003000B4D09000000B4
:105D2000094E090001000650090000000B5109004E
:105D300006000658090009000B62090001001464FE
:105D4000090001000C660900090014700900000038
:105D5000057109000000067209000E000B810900A0
:105D60000000098209000100068509000700068F6E
:105D70000900010006930900150006AA09000600A3
:105D800006B20900000006B6090003000BBC0900BA
:105D9000000006BD0900000009BE090002000BC199
:105DA0000900030009C70900010009CB090001002F
:105DB0000BCD0900000006CE0900000009D709003C
:105DC000000006DC0900010006DF090002000BE20A
:105DD000090001000CE60900090006F009000100B5
:105DE00016F2090001000EF40900050019FA090075
:105DF000000016FB0900000006FC0900000014FD6D
:105E0000090000000BFE090000000B010A00010060
:105E100009030A00000006050A000500060F0A0033
:105E2000010006130A001500062A0A0006000632C1
:105E30000A00010006350A00010006380A000100C8
:105E40000B3C0A000000093E0A0002000B410A0058
:105E500001000B470A0001000B4B0A0002000B5126
:105E60000A00000006590A000300065E0A0000004E
:105E70000C660A0009000B700A00010006720A0095
:105E800002000B750A00000014760A0000000B8166
:105E90000A00010009830A00000006850A000800C4
:105EA000068F0A00020006930A00150006AA0A00DF
:105EB000060006B20A00010006B50A0004000BBC89
:105EC0000A00000006BD0A00000009BE0A00020028
:105ED0000BC10A0004000BC70A00010009C90A002F
:105EE000000009CB0A0001000BCD0A00000006D01B
:105EF0000A00000006E00A0001000BE20A000100AF
:105F00000CE60A00090014F00A00000016F10A006D
:105F1000000006F90A0000000BFA0A0005000B0158
:105F20000B00000009020B00010006050B00070032
:105F3000060F0B00010006130B001500062A0B00CC
:105F4000060006320B00010006350B0004000B3C76
:105F50000B000000063D0B000000093E0B00000096
:105F60000B3F0B00000009400B0000000B410B0031
:105F7000030009470B000100094B0B0001000B4D0A
:105F80000B0000000B550B00010009570B0000002F
:105F9000065C0B000100065F0B0002000B620B00A9
:105FA00001000C660B00090019700B00000006715F
:105FB0000B0000000E720B0005000B820B000000AE
:105FC00006830B00000006850B000500068E0B0003
:105FD000020006920B00030006990B000100069CCC
:105FE0000B000000069E0B00010006A30B00010041
:105FF00006A80B00020006AE0B000B0009BE0B004A
:1060000001000BC00B00000009C10B00010009C614
:106010000B00020009CA0B0002000BCD0B000000B0
:1060200006D00B00000009D70B0000000CE60B00A7
:1060300009000EF00B00020019F30B00050016F921
:106040000B00000019FA0B0000000B000C00000010
:1060500009010C0002000B040C00000006050C00F6
:106060000700060E0C00020006120C001600062A9D
:106070000C000F000B3C0C000000063D0C00000063
:106080000B3E0C00020009410C0003000B460C0003
:1060900002000B4A0C0003000B550C0001000658CF
:1060A0000C000200065D0C00000006600C00010000
:1060B0000B620C0001000C660C00090014770C0048
:1060C00000000E780C000600197F0C00000006800E
:1060D0000C0000000B810C00000009820C00010084
:1060E00014840C00000006850C000700068E0C00CE
:1060F000020006920C00160006AA0C00090006B564
:106100000C0004000BBC0C00000006BD0C000000DD
:1061100009BE0C0000000BBF0C00000009C00C0001
:1061200004000BC60C00000009C70C00010009CADE
:106130000C0001000BCC0C00010009D50C00010083
:1061400006DD0C00010006E00C0001000BE20C0073
:1061500001000CE60C00090006F10C00010009F337
:106160000C0000000B000D00010009020D000100F1
:1061700006040D000800060E0D00020006120D00B8
:1061800028000B3B0D000100063D0D000000093EFC
:106190000D0002000B410D00030009460D00020036
:1061A000094A0D0002000B4D0D000000064E0D00C7
:1061B0000000194F0D00000006540D0002000957A1
:1061C0000D0000000E580D000600065F0D000200D5
:1061D0000B620D0001000C660D0009000E700D0031
:1061E000080019790D000000067A0D0005000B81EA
:1061F0000D00000009820D00010006850D00110050
:10620000069A0D00170006B30D00080006BD0D002C
:10621000000006C00D0006000BCA0D00000009CFEB
:106220000D0002000BD20D0002000BD60D00000085
:1062300009D80D0007000CE60D00090009F20D0059
:10624000010014F40D00000006010E002F000B31B8
:106250000E00000006320E0001000B340E00060096
:10626000163F0E00000006400E00050005460E0019
:1062700000000B470E000700144F0E0000000C50EA
:106280000E000900145A0E00010006810E000100E4
:1062900006840E00000006860E000400068C0E0028
:1062A000170006A50E00000006A70E0009000BB19E
:1062B0000E00000006B20E0001000BB40E00080034
:1062C00006BD0E00000006C00E00040005C60E004C
:1062D00000000BC80E0006000CD00E00090006DC02
:1062E0000E00030006000F00000019010F0002005D
:1062F00014040F000E0019130F00000014140F00F7
:10630000000019150F0002000B180F000100191AE8
:106310000F0005000C200F0009000E2A0F000900D5
:1063200019340F0000000B350F00000019360F0064
:1063300000000B370F00000019380F0000000B3968
:106340000F000000153A0F000000113B0F00000085
:10635000153C0F000000113D0F000000093E0F002A
:10636000010006400F00070006490F0023000B71D3
:106370000F000D00097F0F0000000B800F000400CC
:1063800014850F0000000B860F00010006880F0027
:1063900004000B8D0F000A000B990F00230019BE9B
:1063A0000F0007000BC60F00000019C70F00050003
:1063B00019CE0F00010014D00F00040019D50F00F2
:1063C000030014D90F000100060010002A00092B59
:1063D000100001000B2D1000030009311000000017
:1063E0000B32100005000938100000000B391000B6
:1063F0000100093B100001000B3D10000100063FA9
:10640000100000000C4010000900144A10000500A4
:106410000650100005000956100001000B5810002E
:106420000100065A100003000B5E10000200066116
:106430001000000009621000020006651000010053
:10644000096710000600066E100002000B711000B4
:106450000300067510000C000B8210000000098379
:10646000100001000B8510000100098710000500D5
:106470000B8D10000000068E10000000098F100028
:1064800000000C9010000900099A100002000B9DFA
:1064900010000000199E1000010003A0100025004C
:1064A00003C71000000003CD1000000003D010004F
:1064B0002A0014FB1000000005FC1000000003FD82
:1064C00010000200060011004801064A12000300F5
:1064D000065012000600065812000000065A12006C
:1064E0000300066012002800068A120003000690CE
:1064F0001200200006B21200030006B812000600C7
:1065000006C01200000006C21200030006C81200F6
:106510000E0006D8120038000612130003000618F9
:10652000130042000B5D130002001460130008000A
:106530000E6913001300068013000F00199013005A
:10654000090003A01300550003F813000500100014
:1065500014000000060114006B02196D1600000003
:10656000146E16000000066F160010001C80160046
:106570000000068116001900159B16000000119CF2
:106580001600000006A016004A0014EB16000200D8
:106590000DEE1600020006F11600070006001700B7
:1065A00011000B1217000200091517000000061F4A
:1065B000170012000B321700010009341700000009
:1065C0001435170001000640170011000B52170088
:1065D0000100066017000C00066E170002000B7227
:1065E000170001000680170033000BB417000100EC
:1065F00009B6170000000BB71700060009BE170008
:1066000007000BC61700000009C7170001000BC9DF
:1066100017000A0014D41700020005D71700000065
:1066200014D81700020016DB1700000006DC170064
:1066300000000BDD170000000CE0170009000EF051
:1066400017000900140018000500100618000000CB
:106650001407180003000B0B18000200010E1800AD
:1066600000000B0F180000000C1018000900062095
:1066700018002200054318000000064418003400EA
:106680000680180004000B8518000100068718001A
:1066900021000BA91800000006AA1800000006B08F
:1066A00018004500060019001E000B20190002000A
:1066B0000923190003000B271900010009291900FB
:1066C00002000930190001000B32190000000933E3
:1066D000190005000B3919000200194019000000CB
:1066E0001444190001000C46190009000650190055
:1066F0001D00067019000400068019002B0006B06A
:10670000190019000CD0190009000EDA1900000058
:1067100019DE1900210006001A0016000B171A00D6
:10672000010009191A0001000B1B1A000000141EB9
:106730001A00010006201A00340009551A00000052
:106740000B561A00000009571A0000000B581A00D7
:1067500006000B601A00000009611A0000000B62BD
:106760001A00000009631A0001000B651A000700F7
:10677000096D1A0005000B731A0009000B7F1A003F
:1067800000000C801A0009000C901A00090014A0E7
:106790001A00060005A71A00000014A81A00050038
:1067A0000BB01A000D000ABE1A0000000BBF1A0041
:1067B0000F000B001B00030009041B00000006056E
:1067C0001B002E000B341B00000009351B000000CD
:1067D0000B361B000400093B1B0000000B3C1B0098
:1067E0000000093D1B0004000B421B000000094390
:1067F0001B00010006451B0007000C501B00090090
:10680000145A1B00060019611B0009000B6B1B00CA
:10681000080019741B000800147D1B0001000B8088
:106820001B00010009821B00000006831B001D00E5
:1068300009A11B0000000BA21B00030009A61B00FE
:1068400001000BA81B00010009AA1B0000000BABF4
:106850001B00020006AE1B0001000CB01B0009006B
:1068600006BA1B002B000BE61B00000009E71B000B
:1068700000000BE81B00010009EA1B0002000BED01
:106880001B00000009EE1B0000000BEF1B000200C4
:1068900009F21B00010014FC1B00030006001C0091
:1068A000230009241C0007000B2C1C0007000934DE
:1068B0001C0001000B361C000100143B1C000400EE
:1068C0000C401C000900064D1C0002000C501C006E
:1068D0000900065A1C001D0005781C000500147EE6
:1068E0001C00010003801C00080003901C002A000B
:1068F00003BD1C00020014C01C0007000BD01C00CC
:10690000020014D31C0000000BD41C000C0009E191
:106910001C0000000BE21C00060006E91C0003003E
:106920000BED1C00000006EE1C0005000BF41C0023
:10693000000006F51C00010009F71C0000000BF820
:106940001C00010006FA1C00000004001D002B00C2
:10695000052C1D003E00046B1D000C0005781D0079
:10696000000003791D000000047A1D000200037D71
:106970001D000000047E1D000F00038E1D0000009E
:10698000048F1D000B00059B1D0024000BC01D0083
:106990003F0003001E00950004961E000400039BA8
:1069A0001E000000049C1E000100039E1E0000004B
:1069B000049F1E00000003A01E00750003181F00A6
:1069C000050003201F00250003481F000500045098
:1069D0001F00000003511F00000004521F000000B0
:1069E00003531F00000004541F00000003551F0044
:1069F000000004561F00000003571F000000035949
:106A00001F000000035B1F000000035D1F0000006B
:106A1000035F1F001E0003801F00070007881F0080
:106A2000070003901F00070007981F00070003A03E
:106A30001F00070007A81F00070003B01F00010088
:106A400004B21F00000003B31F00000004B41F00C5
:106A5000000004B61F00010003B81F00030007BCBC
:106A60001F00000017BD1F00000003BE1F00000034
:106A700017BF1F00020004C21F00000003C31F0055
:106A8000000004C41F00000004C61F00010003C86A
:106A90001F00030007CC1F00000017CD1F000200DD
:106AA00003D01F00010004D21F00010004D61F0004
:106AB000010003D81F00030017DD1F00020003E0E0
:106AC0001F00010004E21F00020003E51F00000098
:106AD00004E61F00010003E81F00040017ED1F007B
:106AE000020004F21F00000003F31F00000004F482
:106AF0001F00000004F61F00010003F81F00030040
:106B000007FC1F00000017FD1F0001001C002000F3
:106B10000A00010B200004001010200005001416CC
:106B200020000100131820000000121920000000AE
:106B3000151A20000000131B20000100121D200068
:106B40000000151E20000000131F2000000014206C
:106B5000200007001A28200000001B292000000048
:106B6000012A200004001C2F200000001430200007
:106B70000800133920000000123A20000000143BE6
:106B8000200003000F3F20000100144120000200FC
:106B90001844200000001545200000001146200088
:106BA0000000144720000A0018522000000014536F
:106BB000200000000F5420000000145520000900A0
:106BC0001C5F20000000016020000400016620001E
:106BD00009000E70200000000571200000000E74F6
:106BE00020000500187A20000200157D200000001A
:106BF000117E20000000057F200000000E80200094
:106C00000900188A20000200158D20000000118E56
:106C100020000000059020000C0016A0200020009D
:106C20000BD020000C000ADD200003000BE1200047
:106C300000000AE2200002000BE520000B00190012
:106C400021000100080221000000190321000300B7
:106C5000080721000000190821000100040A210092
:106C60000000080B21000200040E210001000810A2
:106C7000210002000413210000001914210000006B
:106C80000815210000001916210001001818210024
:106C90000000081921000400191E21000500082425
:106CA000210000001925210000000326210000001A
:106CB00019272100000008282100000019292100BF
:106CC0000000032A21000100082C21000100192ED8
:106CD00021000000042F21000000083021000100E5
:106CE0000332210000000833210000000434210099
:106CF0000000063521000300043921000000193A84
:106D000021000100043C21000100083E2100010097
:106D1000184021000400084521000000044621001D
:106D20000300194A21000000184B21000000194CF3
:106D300021000100034E21000000194F2100000036
:106D40000E5021000F000D6021002200038321005E
:106D500001000D85210003000E8921000000198A21
:106D60002100010018902100040019952100040061
:106D7000189A21000100199C2100030018A021008D
:106D8000000019A12100010018A32100000019A48E
:106D90002100010018A62100000019A7210006000B
:106DA00018AE2100000019AF21001E0018CE2100EE
:106DB000010019D02100010018D22100000019D3D0
:106DC0002100000018D42100000019D521001E0068
:106DD00018F421000B0119002300070015082300F7
:106DE0000000110923000000150A23000000110B08
:106DF00023000000190C23001300182023000100B9
:106E0000192223000600152923000000112A23005F
:106E10000000192B23005000187C23000000197D6E
:106E200023001D00189B2300180019B4230027001D
:106E300018DC2300050019E2230044001940240057
:106E40000A000E6024003B00199C24004D000EEA4D
:106E50002400150019002500B60018B72500000011
:106E600019B82500080018C12500000019C2250026
:106E7000350018F825000700190026006E00186F6D
:106E80002600000019702600F70015682700000092
:106E9000116927000000156A27000000116B270008
:106EA0000000156C27000000116D27000000156E12
:106EB00027000000116F2700000015702700000058
:106EC00011712700000015722700000011732700C0
:106ED00000001574270000001175270000000E76D1
:106EE00027001D00199427002B0018C0270004005C
:106EF00015C52700000011C62700000018C727008D
:106F00001E0015E62700000011E72700000015E825
:106F10002700000011E92700000015EA2700000003
:106F200011EB2700000015EC2700000011ED2700F1
:106F3000000015EE2700000011EF2700000018F0F8
:106F400027000F0019002800FF0018002900820008
:106F500015832900000011842900000015852900EF
:106F60000000118629000000158729000000118803
:106F700029000000158929000000118A290000005D
:106F8000158B29000000118C29000000158D2900A7
:106F90000000118E29000000158F290000001190BB
:106FA000290000001591290000001192290000001D
:106FB000159329000000119429000000159529005F
:106FC0000000119629000000159729000000119873
:106FD00029000000189929003E0015D8290000005A
:106FE00011D92900000015DA2900000011DB290061
:106FF000000018DC29001F0015FC2900000011FD0D
:107000002900000018FE2900010119002B002F00A3
:1070100018302B00140019452B00010018472B00D5
:107020000500194D2B00260019762B001F0019971B
:107030002B00680003002C00700004712C0000007D
:1070400003722C00010004742C00000003752C0056
:10705000010004772C000400057C2C000100037E55
:107060002C00650004E42C00000019E52C0005004C
:1070700003EB2C0003000BEF2C00020003F22C00AA
:10708000010014F92C0003000EFD2C00000014FE7A
:107090002C00010003002D00250003272D00000017
:1070A000032D2D00000006302D003700056F2D0048
:1070B000000014702D0000000B7F2D0000000680E2
:1070C0002D00160006A02D00060006A82D000600C3
:1070D00006B02D00060006B82D00060006C02D00E3
:1070E000060006C82D00060006D02D00060006D8B2
:1070F0002D0006000BE02D001F0014002E000100E3
:1071000013022E00000012032E00000013042E00B4
:10711000000012052E00000014062E0002001309C4
:107120002E000000120A2E000000140B2E0000009A
:10713000130C2E000000120D2E000000140E2E0065
:10714000080010172E00000014182E000100101A5D
:107150002E000000141B2E000000131C2E00000047
:10716000121D2E000000141E2E00010013202E0000
:10717000000012212E00000015222E000000112315
:107180002E00000015242E00000011252E00000006
:1071900015262E00000011272E00000015282E00B5
:1071A000000011292E000000142A2E000400052FD3
:1071B0002E00000014302E000900103A2E000100AD
:1071C000143C2E00030010402E00000014412E003D
:1071D000000015422E00000014432E000C00195030
:1071E0002E00010014522E00020015552E00000042
:1071F00011562E00000015572E00000011582E00C9
:10720000000015592E000000115A2E000000155BD9
:107210002E000000115C2E000000105D2E0000000A
:1072200019802E001900199B2E00580019002F00FC
:10723000D50019F02F000B001C00300000001401D5
:107240003000020019043000000005053000000085
:107250000606300000000D07300000001508300061
:107260000000110930000000150A30000000110B69
:1072700030000000150C30000000110D300000003F
:10728000150E30000000110F300000001510300006
:107290000000111130000000191230000100151417
:1072A00030000000111530000000151630000000FD
:1072B00011173000000015183000000011193000BF
:1072C0000000151A30000000111B30000000101CD7
:1072D00030000000151D30000000111E30000100BC
:1072E0001920300000000D21300008000B2A30006A
:1072F0000300092E3000010010303000000005317D
:10730000300004001936300001000D383000020052
:10731000053B30000000063C30000000143D30000A
:107320000000193E300001000641300055000B9965
:1073300030000100179B30000100059D3000010066
:10734000069F3000000010A03000000006A13000B1
:10735000590014FB3000000005FC3000020006FF5D
:1073600030000000060531002A00063131005D00C2
:107370001990310001000E9231000300199631007E
:10738000090006A031001F0019C03100230006F0DB
:1073900031000F00190032001E000E2032000900DB
:1073A000192A32001D000E48320007001950320021
:1073B00000000E5132000E00196032001F000E80D6
:1073C00032000900198A320026000EB132000E0088
:1073D00019C032003F0106003400BF1919C04D002A
:1073E0003F0006004E0014520515A00000000616CE
:1073F000A00076041990A400360006D0A40027004F
:1074000005F8A400050014FEA40001000600A50074
:107410000B01050CA6000000140DA60002000610CA
:10742000A6000F000C20A6000900062AA6000100F5
:107430000340A6002D00066EA60000000B6FA600FC
:1074400000000A70A60002001473A60000000B746E
:10745000A6000900147EA6000000057FA60000001B
:107460000380A6001B00059CA60001000B9EA60041
:10747000010006A0A60045000DE6A60009000BF0DD
:10748000A600010014F2A60005001700A7001600D0
:107490000517A70008001720A70001000322A70076
:1074A0000D000430A70001000332A7003D00057065
:1074B000A70000000471A70007000379A7000E00D1
:1074C0000588A70000001789A7000100038BA7000B
:1074D0000200048EA7000000068FA70000000390A2
:1074E000A70004000495A70000000396A700180059
:1074F00004AFA700000003B0A7001A0003D0A70044
:10750000010004D3A700000004D5A700000003D6A3
:10751000A700030005F2A700020003F5A700010081
:1075200006F7A700000005F8A700010004FAA7006D
:10753000000006FBA70006000B02A80000000603DF
:10754000A80002000B06A80000000607A800030020
:107550000B0BA8000000060CA80016000923A800C9
:1075600001000B25A80001000927A8000000192828
:10757000A80003000B2CA80000000E30A800050096
:107580001936A80001001638A80000001939A80013
:1075900000000640A80033001474A800030009800E
:1075A000A80001000682A800310009B4A8000F005D
:1075B0000BC4A800010014CEA80001000CD0A80044
:1075C00009000BE0A800110006F2A800050014F85D
:1075D000A800020006FBA800000014FCA8000000A0
:1075E00006FDA80001000BFFA80000000C00A90088
:1075F0000900060AA9001B000B26A9000700142E8B
:10760000A90001000630A90016000B47A9000A00D6
:107610000952A9000100145FA90000000660A9003A
:107620001C000B80A90002000983A9000000068449
:10763000A9002E000BB3A900000009B4A9000100A5
:107640000BB6A900030009BAA90001000BBCA900F0
:10765000010009BEA900020014C1A9000C0005CF59
:10766000A90000000CD0A900090014DEA900010047
:1076700006E0A90004000BE5A900000005E6A9004A
:10768000000006E7A90008000CF0A900090006FAAE
:10769000A90004000600AA0028000B29AA00050082
:1076A000092FAA0001000B31AA0001000933AA002A
:1076B00001000B35AA0001000640AA0002000B439E
:1076C000AA0000000644AA0007000B4CAA00000014
:1076D000094DAA0000000C50AA000900145CAA0081
:1076E00003000660AA000F000570AA0000000671E2
:1076F000AA0005001977AA000200067AAA00000075
:10770000097BAA0000000B7CAA000000097DAA00EA
:107710000000067EAA0031000BB0AA00000006B1EE
:10772000AA0000000BB2AA00020006B5AA000100E0
:107730000BB7AA00010006B9AA0004000BBEAA00FC
:10774000010006C0AA0000000BC1AA00000006C28A
:10775000AA00000006DBAA00010005DDAA00000067
:1077600014DEAA00010006E0AA000A0009EBAA0044
:1077700000000BECAA00010009EEAA00010014F0C1
:10778000AA00010006F2AA00000005F3AA00010009
:1077900009F5AA0000000BF6AA0000000601AB00E4
:1077A00005000609AB0005000611AB000500062028
:1077B000AB0006000628AB0006000430AB00220038
:1077C0000353AB0000000454AB000600175BAB0092
:1077D0000000055CAB0003000460AB000800056915
:1077E000AB000000176AAB0001000370AB004F0054
:1077F00006C0AB00220009E3AB0001000BE5AB00C3
:10780000000009E6AB0001000BE8AB00000009E94D
:10781000AB00010014EBAB00000009ECAB00000072
:107820000BEDAB0000000CF0AB0009000600AC0053
:10783000A32B06B0D700160006CBD70030000200FD
:10784000D800FF070600F9006D010670FA00690014
:107850000400FB0006000413FB000400061DFB00EF
:1078600000000B1EFB000000061FFB00090018298A
:10787000FB000000062AFB000C000638FB00040099
:10788000063EFB0000000640FB0001000643FB0033
:1078900001000646FB006B0017B2FB00100006D388
:1078A000FB006A01113EFD000000153FFD000000D5
:1078B0001940FD000F000650FD003F000692FD003C
:1078C000350019CFFD00000006F0FD000B0016FC8E
:1078D000FD00000019FDFD0002000B00FE000F007E
:1078E0001410FE0006001517FE0000001118FE001F
:1078F00000001419FE0000000B20FE000F001430E1
:10790000FE0000001031FE0001000F33FE000100F8
:107910001535FE0000001136FE0000001537FE0090
:1079200000001138FE0000001539FE000000113A79
:10793000FE000000153BFE000000113CFE000000B0
:10794000153DFE000000113EFE000000153FFE0048
:1079500000001140FE0000001541FE000000114231
:10796000FE0000001543FE0000001144FE00000070
:107970001445FE0001001547FE0000001148FE00FE
:1079800000001449FE0003000F4DFE0002001450D9
:10799000FE0002001454FE0003001058FE00000018
:1079A0001559FE000000115AFE000000155BFE0094
:1079B0000000115CFE000000155DFE000000115E7D
:1079C000FE000000145FFE0002001862FE000000CE
:1079D0001063FE0000001864FE0002001468FE0040
:1079E00000001669FE000000146AFE000100067027
:1079F000FE0004000676FE00860001FFFE00000087
:107A00001401FF0002001604FF0000001405FF002F
:107A100002001508FF0000001109FF000000140A11
:107A2000FF000000180BFF000000140CFF00000016
:107A3000100DFF000000140EFF0001000C10FF00ED
:107A40000900141AFF000100181CFF000200141F97
:107A5000FF0001000321FF001900153BFF0000009B
:107A6000143CFF000000113DFF000000173EFF0026
:107A700000000F3FFF0000001740FF00000003411F
:107A8000FF001900155BFF000000185CFF000000FC
:107A9000115DFF000000185EFF000000155FFF0091
:107AA00000001160FF0000001461FF00000015627B
:107AB000FF0000001163FF0000001464FF000100DC
:107AC0000666FF0009000570FF0000000671FF0058
:107AD0002C00059EFF00010006A0FF001E0006C24C
:107AE000FF00050006CAFF00050006D2FF000500E2
:107AF00006DAFF00020016E0FF00010018E2FF00B6
:107B0000000017E3FF00000019E4FF00000016E585
:107B1000FF00010019E8FF00000018E9FF00030062
:107B200019EDFF00010001F9FF00020019FCFF0040
:107B30000100060000010B00060D000119000628D7
:107B400000011200063C00010100063F00010E008A
:107B5000065000010D00068000017A0014000101AA
:107B600002000E0701012C001937010108000D4029
:107B7000010134000E7501010300197901011000A3
:107B80000E8A01010100198C010102001990010106
:107B90000C0019A00101000019D001012C000BFDFF
:107BA00001010000068002011C0006A00201300055
:107BB0000BE0020100000EE102011A0006000301C1
:107BC0001F000E2003010300062D030113000D41C9
:107BD000030100000642030107000D4A03010000F3
:107BE0000650030125000B76030104000680030103
:107BF0001D00149F0301000006A00301230006C816
:107C00000301070014D0030100000DD1030104009B
:107C1000030004014F00065004014D000CA00401B4
:107C2000090003B00401230003D804012300060067
:107C300005012700063005013300146F050100001F
:107C4000037005010A00037C05010E00038C050189
:107C50000600039405010100039705010A0003A330
:107C600005010E0003B30501060003BB0501010079
:107C700006000601360106400701150006600701EF
:107C8000070005800701050005870701290005B2E7
:107C900007010800060008010500060808010000A9
:107CA000060A08012B00063708010100063C0801FE
:107CB0000000063F080116001457080100000E5886
:107CC0000801070006600801160019770801010085
:107CD0000E7908010600068008011E000EA70801A3
:107CE000080006E00801120006F4080101000EFB7E
:107CF000080104000600090115000E16090105001F
:107D0000141F09010000062009011900143F090190
:107D100000000680090137000EBC0901010006BE03
:107D2000090101000EC009010F000ED209012D004A
:107D300006000A0100000B010A0102000B050A01FE
:107D400001000B0C0A01030006100A0103000615CE
:107D50000A01020006190A011C000B380A01020080
:107D60000B3F0A0100000E400A01080014500A01EE
:107D7000080006600A011C000E7D0A010100147F44
:107D80000A01000006800A011C000E9D0A01020083
:107D900006C00A01070019C80A01000006C90A0145
:107DA0001B000BE50A0101000EEB0A01040014F0B0
:107DB0000A01060006000B01350014390B0106000C
:107DC00006400B0115000E580B01070006600B0161
:107DD00012000E780B01070006800B0111001499A8
:107DE0000B0103000EA90B01060006000C01480060
:107DF00003800C01320003C00C0132000EFA0C01AA
:107E0000050006000D0123000B240D0103000C30BA
:107E10000D0109000E600E011E0006800E012900F2
:107E20000BAB0E01010010AD0E01000006B00E01FB
:107E300001000BFD0E01020006000F011C000E1DCB
:107E40000F01090006270F01000006300F01150081
:107E50000B460F010A000E510F01030014550F01CC
:107E6000040006700F0111000B820F01030014863D
:107E70000F01030006B00F0114000EC50F0106002C
:107E800006E00F0116000900100100000B011001AF
:107E900000000902100100000603100134000B3835
:107EA00010010E001447100106000E5210011300BD
:107EB0000C66100109000B70100100000671100122
:107EC00001000B73100101000675100100000B7F0B
:107ED00010010200098210010000068310012C002D
:107EE00009B0100102000BB31001030009B7100123
:107EF00001000BB91001010014BB1001010001BD0C
:107F00001001000014BE100103000BC2100100009C
:107F100001CD1001000006D0100118000CF0100176
:107F200009000B00110102000603110123000B27B9
:107F300011010400092C110100000B2D1101070093
:107F40000C3611010900144011010300064411010F
:107F5000000009451101010006471101000006500B
:107F6000110122000B7311010000147411010100B2
:107F70000676110100000B80110101000982110138
:107F80000000068311012F0009B3110102000BB696
:107F90001101080009BF1101010006C11101030010
:107FA00014C5110103000BC91101030014CD110107
:107FB000000009CE110100000BCF110100000CD010
:107FC0001101090006DA1101000014DB11010000A3
:107FD00006DC1101000014DD110102000EE11101A7
:107FE0001300060012011100061312011800092CDB
:107FF000120102000B2F12010200093212010100CE
:108000000B34120100000935120100000B36120179
:1080100001001438120105000B3E12010000063F5A
:10802000120101000B41120100000680120106003E
:10803000068812010000068A12010300068F120151
:108040000E00069F1201090014A91201000006B0DB
:1080500012012E000BDF1201000009E012010200E4
:108060000BE3120107000CF0120109000B001301D1
:108070000100090213010100060513010700060FA4
:1080800013010100061313011500062A130106004F
:108090000632130101000635130104000B3B1301E6
:1080A0000100063D13010000093E130101000B40D1
:1080B00013010000094113010300094713010100E6
:1080C000094B130102000650130100000957130168
:1080D0000000065D130104000962130101000B6634
:1080E000130106000B701301040006001401340094
:1080F0000935140102000B3814010700094014016E
:1081000001000B42140102000945140100000B4656
:1081100014010000064714010300144B140104006D
:108120000C5014010900145A14010100145D1401CB
:1081300000000B5E14010000065F140102000680BF
:1081400014012F0009B0140102000BB31401050043
:1081500009B9140100000BBA1401000009BB140195
:1081600003000BBF1401010009C1140100000BC280
:108170001401010006C41401010014C6140100001A
:1081800006C7140100000CD0140109000680150177
:108190002E0009AF150102000BB21501030009B84A
:1081A000150103000BBC1501010009BE15010000FB
:1081B0000BBF1501010014C11501160006D81501E9
:1081C00003000BDC15010100060016012F00093029
:1081D000160102000B3316010700093B16010100CE
:1081E0000B3D16010000093E160100000B3F160171
:1081F00001001441160102000644160100000C5053
:1082000016010900146016010C00068016012A00F0
:108210000BAB1601000009AC160100000BAD1601F6
:10822000000009AE160101000BB01601050009B6E9
:10823000160100000BB71601000006B81601000079
:1082400014B9160100000CC0160109000600170140
:108250001A000B1D170102000920170101000B2253
:10826000170103000926170100000B27170104005E
:108270000C30170109000E3A17010100143C1701D8
:108280000200193F17010000064017010600060012
:1082900018012B00092C180102000B2F18010800EF
:1082A0000938180100000B3918010100143B1801AE
:1082B000000003A018013F000CE0180109000EEABD
:1082C0001801080006FF180107000609190100003F
:1082D000060C1901070006151901010006181901FD
:1082E00017000930190105000937190101000B3B7E
:1082F00019010100093D190100000B3E19010000A0
:10830000063F19010000094019010000064119014A
:1083100000000942190100000B4319010000144438
:10832000190102000C501901090006A019010700EB
:1083300006AA1901260009D1190102000BD419015E
:1083400003000BDA1901010009DC190103000BE03D
:108350001901000006E11901000014E219010000F2
:1083600006E31901000009E41901000006001A01E2
:1083700000000B011A010900060B1A0127000B333C
:108380001A01050009391A010000063A1A01000015
:108390000B3B1A010300143F1A0107000B471A0197
:1083A000000006501A0100000B511A010500095780
:1083B0001A0101000B591A010200065C1A012D0076
:1083C0000B8A1A010C0009971A0100000B981A0178
:1083D0000100149A1A010200069D1A010000149E61
:1083E0001A01040006B01A01480014001B0109001C
:1083F00006001C010800060A1C012400092F1C01AC
:1084000000000B301C0106000B381C010500093E62
:108410001C0100000B3F1C01000006401C01000075
:1084200014411C0104000C501C0109000E5A1C01CF
:10843000120014701C01010006721C011D000B9239
:108440001C01150009A91C0100000BAA1C01060053
:1084500009B11C0100000BB21C01010009B41C0190
:1084600000000BB51C01010006001D0106000608F6
:108470001D010100060B1D0125000B311D0105002A
:108480000B3A1D0100000B3C1D0101000B3F1D01BB
:10849000060006461D0100000B471D0100000C50A0
:1084A0001D01090006601D01050006671D01010090
:1084B000066A1D011F00098A1D0104000B901D01A1
:1084C000010009931D0101000B951D010000099693
:1084D0001D0100000B971D01000006981D01000002
:1084E0000CA01D01090006E01E0112000BF31E0185
:1084F000010009F51E01010014F71E0101000B0027
:108500001F01010006021F01000009031F010000F6
:1085100006041F010C0006121F01210009341F016F
:1085200001000B361F010400093E1F0101000B4032
:108530001F01000009411F0100000B421F01000044
:1085400014431F010C000C501F01090006B01F014D
:1085500000000EC01F01140019D51F01070016DD11
:108560001F01030019E11F01100014FF1F0100008B
:108570000600200199030D0024016E0014702401EF
:10858000040006802401C30006902F01600014F14E
:108590002F010100060030012F04013034010F00CB
:1085A0000B40340100000641340105000B47340143
:1085B0000E0006004401460206006801380206402B
:1085C0006A011E000C606A010900146E6A01010054
:1085D00006706A014E000CC06A01090006D06A01EB
:1085E0001D000BF06A01040014F56A01000006008A
:1085F0006B012F000B306B01060014376B01040078
:10860000193C6B01030005406B01030014446B012E
:10861000000019456B0100000C506B0109000E5B56
:108620006B01060006636B011400067D6B011200EE
:1086300003406E013F000E806E01160014976E011C
:10864000030006006F014A000B4F6F010000065047
:108650006F01000009516F0136000B8F6F0103009D
:1086600005936F010C0005E06F01010014E26F013A
:10867000000005E36F0100000BE46F01000009F04A
:108680006F01010006007001F71706008801D5048C
:1086900006008D01080005F0AF01030005F5AF01EC
:1086A000060005FDAF0101000600B00122010632FF
:1086B000B10100000650B10102000655B1010000F1
:1086C0000664B10103000670B1018B010600BC0114
:1086D0006A000670BC010C000680BC010800069010
:1086E000BC010900199CBC0100000B9DBC010100EC
:1086F000149FBC01000001A0BC0103000B00CF01CE
:108700002D000B30CF0116001950CF017300190056
:10871000D001F5001900D10126001929D1013B0033
:108720000965D10101000B67D1010200196AD1016D
:108730000200096DD10105000173D10107000B7B17
:10874000D10107001983D10101000B85D101060079
:10875000198CD1011D000BAAD101030019AED10162
:108760003C001900D20141000B42D2010200194520
:10877000D20100000EC0D20113000EE0D20113009E
:108780001900D30156000E60D30118000800D4016F
:108790001900041AD40119000834D4011900044E38
:1087A000D40106000456D40111000868D401190050
:1087B0000482D4011900089CD4010000089ED40151
:1087C000010008A2D401000008A5D401010008A9F5
:1087D000D401030008AED401070004B6D40103009D
:1087E00004BBD401000004BDD401060004C5D401BB
:1087F0000A0008D0D401190004EAD40119000804C1
:10880000D50101000807D5010300080DD5010700B7
:108810000816D5010600041ED50119000838D50137
:108820000100083BD50103000840D50104000846BB
:10883000D5010000084AD50106000452D5011900EF
:10884000086CD50119000486D501190008A0D501CE
:10885000190004BAD501190008D4D501190004EE95
:10886000D50119000808D60119000422D601190003
:10887000083CD60119000456D60119000870D6012B
:108880001900048AD6011B0008A8D601180018C1D7
:10889000D601000004C2D601180018DBD601000082
:1088A00004DCD601050008E2D601180018FBD60149
:1088B000000004FCD60118001815D70100000416AA
:1088C000D7010500081CD70118001835D701000092
:1088D0000436D7011800184FD70100000450D70103
:1088E00005000856D7011800186FD7010000047062
:1088F000D70118001889D7010000048AD7010500A4
:108900000890D701180018A9D701000004AAD701C0
:10891000180018C3D701000004C4D701050008CA15
:10892000D701000004CBD70100000CCED7013100E5
:108930001900D801FF010B00DA0136001937DA01FE
:1089400003000B3BDA013100196DDA0107000B75EA
:10895000DA0100001976DA010D000B84DA0100005B
:108960001985DA0101001487DA0104000B9BDA0192
:1089700004000BA1DA010E000400DF010900060A61
:10898000DF010000040BDF0113000425DF010500F7
:108990000B00E00106000B08E00110000B1BE001DA
:1089A00006000B23E00101000B26E0010400053066
:1089B000E0013D000B8FE00100000600E1012C000A
:1089C0000B30E10106000537E10106000C40E10132
:1089D0000900064EE1010000194FE1010000069078
:1089E000E2011D000BAEE201000006C0E2012B0017
:1089F0000BECE20103000CF0E201090016FFE201BA
:108A0000000006D0E4011A0005EBE40100000BECC5
:108A1000E40103000CF0E401090006E0E7010600B0
:108A200006E8E701030006EDE701010006F0E701B3
:108A30000E000600E801C4000EC7E80108000BD0D4
:108A4000E80106000300E90143000B44E9010600C8
:108A5000054BE90100000C50E9010900145EE90131
:108A600001000E71EC013A0019ACEC0100000EADF2
:108A7000EC01020016B0EC0100000EB1EC010300A5
:108A80000E01ED012C00192EED0100000E2FED015D
:108A90000E000600EE0103000605EE011A00062195
:108AA000EE0101000624EE0100000627EE010000A1
:108AB0000629EE0109000634EE0103000639EE0135
:108AC0000000063BEE0100000642EE0100000647F2
:108AD000EE0100000649EE010000064BEE01000029
:108AE000064DEE0102000651EE0101000654EE01B2
:108AF00000000657EE0100000659EE010000065B7B
:108B0000EE010000065DEE010000065FEE010000D0
:108B10000661EE0101000664EE0100000667EE0149
:108B20000300066CEE0106000674EE0103000679F0
:108B3000EE010300067EEE0100000680EE01090052
:108B4000068BEE01100006A1EE01020006A5EE0163
:108B5000040006ABEE01100018F0EE010100190050
:108B6000F0012B001930F001630019A0F0010E0094
:108B700019B1F0010E0019C1F0010E0019D1F00178
:108B800024000E00F1010C00190DF101A00019E6FE
:108B9000F1011C001910F2012B001940F20108002C
:108BA0001950F20101001960F20105001900F301EA
:108BB000FA0017FBF30104001900F401D70219DCD5
:108BC000F601100019F0F6010C001900F70176000B
:108BD000197BF7015E0019E0F7010B0019F0F701AE
:108BE00000001900F8010B001910F80137001950A6
:108BF000F80109001960F80127001990F8011D001B
:108C000019B0F80101001900F90153011960FA01C6
:108C10000D001970FA010C001980FA010800199072
:108C2000FA012D0019BFFA01060019CEFA010D0054
:108C300019E0FA01080019F0FA0108001900FB0117
:108C400092001994FB0136000CF0FB0109000600AC
:108C50000002DFA60600A70239100640B702DD00B9
:108C60000620B802811606B0CE02301D0600F802BA
:108C70001D02060000034A13065013035F10010192
:108C8000000E00000120000E5F000B00010EEF003F
:108C900030303030303030303030303030303030D4
:108CA00020202020202020202020202020202020C4
:108CB0003E410C41114127413641034106411541D6
:108CC0000F410E41264113412941024119410A41F8
:108CD0000B4100001000000000000000017A52006B
:108CE000027C0E011B0C0D00140000001800000097
:108CF000684CFEFFEC00000000024D0A430B000030
:108D000000000000F8B500BFF8BC08BC9E467047E4
:108D1000F8B500BFF8BC08BC9E46704721DB0000D8
:108D2000D50400002D460000855D0000658C000024
:108D30004DC90000B104000037460000995C0000F6
:108D4000217600006F8C00007D92000057C9000062
:088D5000A077FD7F0100000087
:108D60000000000080651406806514068065140606
:108D700060198501806514068065140680651406F7
:108D8000BC080020797A6166706E756D006B4D4786
:108D90005450455A59000000FFFFFFFF64DD0100F9
:108DA00064DD010064DD010064DD010000000050AD
:108DB00064DD01002AED00E029ED00E038ED00E07F
:108DC00028ED00E034ED00E028ED00E02CED00E0BF
:108DD00008E000E00CED00E014ED00E02AED00E01A
:108DE00029ED00E038ED00E028ED00E034ED00E092
:108DF00028ED00E02CED00E008E000E00CED00E0E4
:108E000014ED00E064DD01000A0A4553432D465786
:108E10003E200000000000008065140600000000F5
:108E20000000000003000000745E0020D00000205D
:108E300000000000745E0020DC5E0020445F002023
:108E40000000000000000000000000000000000022
:108E50000000000000000000000000000000000012
:108E60000000000000000000000000000000000002
:108E700000000000000000000000000000000000F2
:108E800000000000000000000000000000000000E2
:108E900000000000000000000000000000000000D2
:108EA00000000000000000000000000000000000C2
:108EB00000000000000000000000000000000000B2
:108EC00000000000000000000100000000000000A1
:108ED0000E33CDAB34126DE6ECDE05000B00000066
:108EE0000000000000000000000000000000000082
:108EF0000000000000000000000000000000000072
:108F00000000000000000000000000000000000061
:108F10000000000000000000000000000000000051
:108F20000000000000000000000000000000000041
:108F30000000000000000000000000000000000031
:108F40000000000000000000000000000000000021
:108F50000000000000000000000000000000000011
:108F60000000000000000000000000000000000001
:108F7000CC5F0020FFFFFFFF0000020000000000A8
:108F8000000000000000000020020020200200205D
:108F90002802002028020020300200203002002099
:108FA0003802002038020020400200204002002049
:108FB00048020020480200205002002050020020F9
:108FC00058020020580200206002002060020020A9
:108FD0006802002068020020700200207002002059
:108FE0007802002078020020800200208002002009
:108FF00088020020880200209002002090020020B9
:109000009802002098020020A0020020A002002068
:10901000A8020020A8020020B0020020B002002018
:10902000B8020020B8020020C0020020C0020020C8
:10903000C8020020C8020020D0020020D002002078
:10904000D8020020D8020020E0020020E002002028
:10905000E8020020E8020020F0020020F0020020D8
:10906000F8020020F8020020000300200003002086
:109070000803002008030020100300201003002034
:1090800018030020180300202003002020030020E4
:109090002803002028030020300300203003002094
:1090A0003803002038030020400300204003002044
:1090B00048030020480300205003002050030020F4
:1090C00058030020580300206003002060030020A4
:1090D0006803002068030020700300207003002054
:1090E0007803002078030020800300208003002004
:1090F00088030020880300209003002090030020B4
:109100009803002098030020A0030020A003002063
:10911000A8030020A8030020B0030020B003002013
:10912000B8030020B8030020C0030020C0030020C3
:10913000C8030020C8030020D0030020D003002073
:10914000D8030020D8030020E0030020E003002023
:10915000E8030020E8030020F0030020F0030020D3
:10916000F8030020F8030020000400200004002081
:10917000080400200804002010040020100400202F
:1091800018040020180400202004002020040020DF
:10919000280400202804002030040020300400208F
:1091A000380400203804002040040020400400203F
:1091B00048040020480400205004002050040020EF
:1091C000580400205804002060040020600400209F
:1091D000680400206804002070040020700400204F
:1091E00078040020780400208004002080040020FF
:1091F00088040020880400209004002090040020AF
:109200009804002098040020A0040020A00400205E
:10921000A8040020A8040020B0040020B00400200E
:10922000B8040020B8040020C0040020C0040020BE
:10923000C8040020C8040020D0040020D00400206E
:10924000D8040020D8040020E0040020E00400201E
:10925000E8040020E8040020F0040020F0040020CE
:10926000F8040020F804002000050020000500207C
:10927000080500200805002010050020100500202A
:1092800018050020180500202005002020050020DA
:10929000280500202805002030050020300500208A
:1092A000380500203805002040050020400500203A
:1092B00048050020480500205005002050050020EA
:1092C000580500205805002060050020600500209A
:1092D000680500206805002070050020700500204A
:1092E00078050020780500208005002080050020FA
:1092F00088050020880500209005002090050020AA
:109300009805002098050020A0050020A005002059
:10931000A8050020A8050020B0050020B005002009
:10932000B8050020B8050020C0050020C0050020B9
:10933000C8050020C8050020D0050020D005002069
:10934000D8050020D8050020E0050020E005002019
:10935000E8050020E8050020F0050020F0050020C9
:10936000F8050020F8050020000600200006002077
:109370000806002008060020100600201006002025
:10938000180600201806002043000000000000001E
:1093900000000000000000000000000000000000CD
:1093A00000000000000000000000000000000000BD
:1093B00000000000000000000000000000000000AD
:1093C000000000000000000000000000000000009D
:1093D000000000000000000000000000000000008D
:1093E000000000000000000000000000000000007D
:1093F000000000000000000000000000000000006D
:10940000000000000000000000000000000000005C
:10941000000000000000000000000000000000004C
:10942000000000000000000000000000000000003C
:10943000000000000000000000000000000000002C
:10944000000000000000000000000000000000001C
:10945000000000000000000000000000000000000C
:1094600000000000000000000000000000000000FC
:1094700043000000000000000000000000000000A9
:1094800000000000000000000000000000000000DC
:109490004300000000000000000000000000000089
:1094A00000000000000000000000000000000000BC
:1094B0004300000000000000000000000000000069
:1094C000000000000000000000000000000000009C
:1094D0004300000000000000000000000000000049
:1094E000000000000000000000000000000000007C
:1094F0004300000000000000000000000000000029
:10950000000000000000000000000000000000005B
:109510004300000000000000000000000000000008
:10952000000000000000000000000000000000003B
:1095300043000000000000000000000000000000E8
:10954000000000000000000000000000000000001B
:109550006D660100D93F01000000000034180200D0
:109560007C1A02000C1C02000C1C02000C1C0200E5
:109570000C1C02000C1C02000C1C02000C1C020043
:109580000C1C02000C1C0200FFFFFFFFFFFFFFFF8F
:10959000FFFFFFFFFFFF0000010041534349490067
:1095A00000000000000000000000000000000000BB
:1095B0000000000000000000000041534349490042
:1095C000000000000000000000000000000000009B
:1095D0000000000000000000000000004300000048
:1095E000000000000000000000000000000000007B
:1095F000000000000000000000000000000000006B
:040000030000019167
:00000001FF
