:1000000000000120910100007F0300006105000055
:100010008303000073050000850500000000000058
:100020000000000000000000000000008903000044
:100030008B030000000000008D0300008F03000010
:100040009103000093030000950300009703000054
:10005000990300009B0300009D0300009F03000024
:10006000A1030000A3030000A5030000A7030000F4
:10007000A9030000AB030000AD030000AF030000C4
:10008000B1030000B3030000B5030000B703000094
:10009000B9030000BB030000BD030000BF03000064
:1000A000C1030000C3030000C5030000C703000034
:1000B000C9030000CB030000CD030000CF03000004
:1000C000D1030000D3030000D5030000D7030000D4
:1000D000D9030000DB030000DD030000DF030000A4
:1000E000E1030000E3030000E5030000E703000074
:1000F000E9030000EB030000ED030000EF03000044
:10010000F1030000F3030000F5030000F703000013
:10011000F9030000FB030000FD030000FF030000E3
:1001200001040000030400000504000007040000AF
:10013000090400000B0400000D0400000F0400007F
:10014000110400001304000015040000170400004F
:10015000190400001B0400001D0400001F0400001F
:1001600021040000230400002504000027040000EF
:10017000290400002B0400002D0400002F040000BF
:100180003104000033040000000000000000000003
:100190004FF0000BDFF8BE020068DFF8B612096806
:1001A00001F0030100F01C00142801D14BF0020BF8
:1001B000002901D04BF0010BBBF1000F05D0A7487F
:1001C000A749DFF8722200F09FF8A64880470BF09D
:1001D000020ABAF1000F0CD0DFF86E02DFF86E12DF
:1001E00002680B680FB44FF000024FF0FF0302608B
:1001F0000B609D484FF000024FF00103022808D128
:10020000DFF83A120A60DFF83E120A60DFF83212B5
:100210000B60012808D1DFF82A120A60DFF82612E5
:100220000A60DFF81A120B609048002809D1904844
:100230009049914A00F030F890489149914A00F075
:100240002BF891489149924A00F026F8914892493A
:10025000DFF8E22100F058F8BBF1000F10D08F4812
:100260008F49DFF8D62100F04FF80BF0020ABAF1FF
:10027000000F05D00FBC02600B6000BFAFF3008021
:10028000DFF820020FF2030E00474FF000004FF09E
:100290000001DFF814F2FEE72DE9F841884225D08D
:1002A000B2EB010200D5FEE740EA010313F00303BD
:1002B00002D000F01DF819E04FF000039046121133
:1002C000F7D09A421CBFF0C8F0C103F10103F8D186
:1002D00008F00F08B8F1000F08D004780C7000F196
:1002E000010001F10101B8F10108F6D1BDE8F88182
:1002F00008B54FF0000303780B7000F1010001F125
:100300000101013AF7D108BD884237D000F0030659
:10031000002E14D04FF00405A5EB06044FF008079B
:1003200007FB06F8914669FA08F9002C07D080F817
:10033000009069FA07F900F10100013CF5E74FF080
:1003400000060F46091A88460911914614461546BB
:10035000B14206D018BFA0E8340206F10106B1424E
:10036000F8D108F00F08B8F1000F07D002704FEA7B
:10037000322200F10100B8F10108F4E77047FEE70E
:10038000FEE7FEE7FEE7FEE7FEE7FEE7FEE7FEE745
:10039000FEE7FEE7FEE7FEE7FEE7FEE7FEE7FEE735
:1003A000FEE7FEE7FEE7FEE7FEE7FEE7FEE7FEE725
:1003B000FEE7FEE7FEE7FEE7FEE7FEE7FEE7FEE715
:1003C000FEE7FEE7FEE7FEE7FEE7FEE7FEE7FEE705
:1003D000FEE7FEE7FEE7FEE7FEE7FEE7FEE7FEE7F5
:1003E000FEE7FEE7FEE7FEE7FEE7FEE7FEE7FEE7E5
:1003F000FEE7FEE7FEE7FEE7FEE7FEE7FEE7FEE7D5
:10040000FEE7FEE7FEE7FEE7FEE7FEE7FEE7FEE7C4
:10041000FEE7FEE7FEE7FEE7FEE7FEE7FEE7FEE7B4
:10042000FEE7FEE7FEE7FEE7FEE7FEE7FEE7FEE7A4
:10043000FEE7FEE7704700000000A2A2A2A2008033
:100440000340088003401080034030800340348024
:1004500003403880034018080240000000F00020EC
:10046000000001209D0500000000000000000000C9
:10047000000000000000000090010000B004000037
:10048000B0040000C8B70200D0B70200000000208E
:100490007008002070080020706500207065002042
:1004A00000F0002091E50000A9CD00000000000050
:1004B00010B5054C237833B9044B13B10448AFF39E
:1004C00000800123237010BD700800200000000090
:1004D00044B7020008B5034B1BB103490348AFF30F
:1004E000008008BD000000007408002044B702002E
:1004F000A3F5803A704700BF154B002B08BF114B86
:100500009D46FFF7F5FF00218B460F461148124A22
:10051000121A0DF05FFE0C4B002B00D098470B4BCE
:10052000002B00D098470020002104000D000B484C
:100530000DF03AF90EF02CF8200029000CF034FCF4
:100540000DF038F900000800000000000000000075
:1005500000F000207008002070650020E1E5000038
:100560001EF0040F0CBFEFF30880EFF309800CF0CE
:10057000B7BA1EF0040F0CBFEFF30880EFF3098049
:100580000CF0F8BA1EF0040F0CBFEFF30880EFF385
:1005900009800CF01FBB0138FDD1704780B500AF5A
:1005A00000F0FAF8044B5B69034A43F400735361AB
:1005B000FFF740FF00BF80BD00ED00E080B588B0D0
:1005C00000AF314BD3F8983003F08063FB61FB69D7
:1005D000002B4ED12C4BD3F8983003F480537B6121
:1005E0007B69002B15D1294B294A1A60294B284ACF
:1005F0001A60294B264A1A60284B294A1A60294B4F
:10060000234A1A60284B224A1A60284B204A1A6053
:1006100036E0274A3B1D92E8030083E803001A4BAB
:10062000D3F89C309B0903F007033B613A1D3B69FB
:1006300013441B78FB73FB7B022B12D0022B14DCC0
:10064000002B02D0012B07D00FE000F035F8B86185
:10065000B86900F04FF813E04FF4004000F04AF89A
:100660000EE0144800F046F80AE0124800F042F8A4
:1006700006E000F021F8B861B86900F03BF8FFE748
:1006800000BF2037BD4680BD00800340040000202D
:1006900080651406080000200C00002010000020D7
:1006A0006019850114000020180000201C000020A3
:1006B0004CF3010040420F0080B483B000AF0A4BFE
:1006C000D3F8503103F004033B603B68002B02D1A8
:1006D000064B7B6001E0064B7B607B6818460C375D
:1006E000BD4680BC704700BF0080034040787D015C
:1006F00080F0FA0280B483B000AF78600C4A7B6867
:1007000013600C4A7B6813600B4A7B6813600B4BC9
:100710000B4A1A600B4A7B6813600B4A7B681360B4
:100720000A4A7B68136000BF0C37BD4680BC704727
:1007300004000020080000200C0000201000002011
:100740006019850114000020180000201C00002002
:1007500080B483B000AF0E4BD3F84C313B603B68A4
:100760004FF60202934204D03B680A4A934203D0F8
:1007700005E001237B6005E002237B6002E00023AB
:100780007B6000BF7B6818460C37BD4680BC704755
:100790000080034002F8010080B582B000AFFFF78F
:1007A000D7FF78607B68012B02D100F007F800E0EA
:1007B00000BF00BF0837BD4680BD000080B400AF59
:1007C000094BD3F89830084A43F48073C2F8983044
:1007D000054BD3F89830044A23F08063C2F8983070
:1007E00000BFBD4680BC70470080034080B483B02A
:1007F00000AF78604FF0FF3318460C37BD4680BC21
:10080000704780B584B000AFF860B9607A600DF0D1
:10081000B9FE03460C221A604FF0FF33184610371A
:10082000BD4680BD80B483B000AF786000BFFDE7F7
:1008300080B500AF0DF0A6FE03460B221A604FF004
:10084000FF33184680BD80B483B000AF7860396054
:100850003B684FF400525A60002318460C37BD46DF
:1008600080BC704780B400AF01231846BD4680BCF1
:10087000704780B483B000AF7860012318460C370E
:10088000BD4680BC704780B582B000AF78603960EB
:100890000DF078FE034616221A604FF0FF3318461B
:1008A0000837BD4680BD80B582B000AF7860396042
:1008B0000DF068FE03461F221A604FF0FF33184602
:1008C0000837BD4680BD80B485B000AFF860B96020
:1008D0007A60002318461437BD4680BC704780B448
:1008E00085B000AFF860B9607A604FF0FF3318460A
:1008F0001437BD4680BC704780B485B000AFF86047
:10090000B9607A60002318461437BD4680BC704732
:1009100080B485B000AFF860B9607A603B600023B6
:1009200018461437BD4680BC7047000080B586B0BD
:1009300000AF78601F4B1B68002B02D11D4B1E4A75
:100940001A601C4B1B687B61EFF308833B61194BFA
:100950001B683A699A420FD9164B1A687B68134490
:100960003A699A421AD21923144A01210020FFF74A
:10097000CFFF0120FFF756FF114BFB600D4B1A68AC
:100980007B681344FA689A4208D219230D4A012160
:100990000020FFF7BDFF0120FFF744FF054B1A6859
:1009A0007B681344034A13607B6918461837BD46B9
:1009B00080BD00BF900800207065002054F3010046
:1009C00000F0002070F3010080B483B000AF7860C5
:1009D00039603B684FF400525A60002318460C37C8
:1009E000BD4680BC704780B483B000AF78604FF0E4
:1009F000FF3318460C37BD4680BC704780B582B0C7
:100A000000AF78600DF0BEFD034602221A604FF081
:100A1000FF3318460837BD4680BD80B582B000AFB1
:100A200078600DF0AFFD03460A221A604FF0FF33E5
:100A300018460837BD4680BD2DE9B04384B000AFED
:100A400078607B68002298469146104BD3E90023DA
:100A500002FB09F008FB03F10144A8FB02454B1916
:100A60001D460B4A4FF00003204629461DF066F94B
:100A700002460B4613460133FB60F868FFF78BFD17
:100A800000BF1037BD46BDE8B08300BF8000002026
:100A900040420F0080B582B000AF78607B684FF4B1
:100AA0007A7202FB03F31846FFF7C6FF00BF083750
:100AB000BD4680BD80B582B000AF78607B684FF4E2
:100AC0007A7202FB03F31846FFF7E4FF00BF083712
:100AD000BD4680BD80B485B000AF786039604FF00E
:100AE000FF33FB603B68BB6012E07B681B781A46F3
:100AF000FB681B0E53400B4A52F82320FB681B0275
:100B00005340FB607B6801337B60BB68013BBB608B
:100B1000BB68002BE9D1FB68DB4318461437BD46A0
:100B200080BC704784F3010080B500AF30480BF003
:100B30004BFD304B1B6819462F480BF045FD2F4BE2
:100B40001B6819462E480BF03FFD2E4B1B681946BB
:100B50002D480BF039FD2D4B1B6819462C480BF026
:100B600033FD2C4B1B6819462B480BF02DFD2B4BEE
:100B70001B6819462A480BF027FD2A4B1B681946AB
:100B800029480BF021FD294B1B68194628480BF01A
:100B90001BFD284B1B68194627480BF015FD274BFA
:100BA0001B68194626480BF00FFD264B1B6819469B
:100BB00025480BF009FD254B1B68194624480BF00E
:100BC00003FD244B1B68194623480BF0FDFC234B07
:100BD0001B68194622480BF0F7FC224B1B6819468C
:100BE00021480BF0F1FC21480BF0EEFC00BF80BD6A
:100BF00084F70100000000009CF701009001000054
:100C0000BCF70100B0040000D8F70100C8B702002B
:100C1000F0F70100C0B7020004F80100C8B70200F5
:100C20001CF801000000002034F8010070080020CA
:100C30004CF801007008002060F801007065002089
:100C400078F801007065002088F8010000F00020AD
:100C5000A4F8010000F00020B8F801000000012015
:100C6000D4F8010070650020E8F80100F8F80100F0
:100C700080B584B000AFF860B9607A603B603B68D3
:100C800018687B68BA68F968984702463B681A603A
:100C90003B681B68002B02D14FF0FF3300E00023BC
:100CA00018461037BD4680BD80B586B000AFF860ED
:100CB000B9607A603B6014E0BB68102B28BF10233A
:100CC0007B613B687A687969F868FFF7D1FF034672
:100CD000002B02DA4FF0FF3307E0BA687B69D31AC2
:100CE000BB60BB68002BE7D1002318461837BD4610
:100CF00080BD000080B586B000AFF860B9607A6052
:100D00003B6000237B617B68002B0BD0BB68FA68DB
:100D100079683048FFF7C8FF0346002B02DA4FF02E
:100D2000FF3353E07A697B6813447B613B68002B97
:100D300012D03B6A002B0FD0BB68FA68396A38685A
:100D4000FFF796FF0346002B02DA4FF0FF333DE03A
:100D50007A693B6A13447B617B6A002B0BD0BB68CA
:100D6000FA68796A1C48FFF79FFF0346002B02DAF6
:100D70004FF0FF332AE07A697B6A13447B61FB6A98
:100D8000002B0BD0BB68FA68F96AB86AFFF770FFEE
:100D90000346002B02DA4FF0FF3317E07A69FB6A53
:100DA00013447B613B6B002B0BD0BB68FA68396B3B
:100DB0000848FFF779FF0346002B02DA4FF0FF33B4
:100DC00004E07A693B6B13447B617B6918461837F2
:100DD000BD4680BDFCF8010010F9010080B489B067
:100DE00000AFF860B9607A603B600023FB610023CC
:100DF000BB6100237B61FB689B681A46BB6893421A
:100E000005D2FB689B681A46BB68D31A7B61FB68F6
:100E10005B6803F00403002B02D07B69BB6101E037
:100E20007B69FB61FB685B6803F04003002B15D016
:100E3000FA69BB6913443B61FB685B6803F0040318
:100E4000002B0CBF01230023DBB21A463B6913447D
:100E50005B08FB613A69FB69D31ABB617B68002BB5
:100E600002D07B68FA691A603B68002B02D03B68AD
:100E7000BA691A6000BF2437BD4680BC70470000C5
:100E80002DE9B04FA0B000AFC7E912017A643B640E
:100E9000D7E91223C7E91C23D7E91C231446C3F35F
:100EA0001305C7E91845D7E91C234FF000004FF0A0
:100EB0000001180D00210346C3F30A03BB66D7E9FE
:100EC0001C234FF000004FF00001D80F0021034613
:100ED000FB66BA6E40F2FF739A4209D16FF000438D
:100EE000BB65FB6EFB65D7E91823C7E91423FFE058
:100EF000D7E9182313430DD1BB6E002B0AD1002371
:100F0000BB654FF000024FF00003C7E91423FB6EEE
:100F1000FB65EDE0FB6EFB65BB6E002B21D1012371
:100F2000BB664FF000024FF00003C7E91423002313
:100F3000BB650CE0D7E918239118B9615B41FB61EF
:100F4000D7E90623C7E91823BB6E013BBB66D7E987
:100F500018234FF0000A03F4002B5AEA0B03E9D0E0
:100F600006E075A3D3E90023C7E914230023BB657A
:100F700073A3D3E90023C7E91E23D7E918234FF051
:100F800000004FF00001190341EA12511003C7E9B4
:100F9000180131E0D7E91823002B0CDAD7E9140146
:100FA000D7E91E238418BC6341EB0303FB63D7E935
:100FB0000E34C7E91434D7E91823911839615B411D
:100FC0007B61D7E90423C7E91823D7E91E23511C05
:100FD000396343F100037B634FF000024FF00003DD
:100FE000D7E90C4521464A08204629460C4642EAE4
:100FF000C4724B08C7E91E23D7E918231343C9D18C
:10100000BB6EA3F2FF33BB6629E0D7E91423911826
:10101000B9605B41FB60D7E90223C7E91423D7E934
:10102000142341498A4241498B4115D3D7E91423FE
:10103000511DB96243F10003FB624FF00A024FF009
:101040000003D7E90A011CF079FE02460B46C7E906
:101050001423BB6D0133BB65BB6E013BBB66BB6E2E
:10106000002BD2DC41E0D7E9142331498A423149CF
:101070008B4120D2D7E9144522462B464FF0000081
:101080004FF00001990041EA9271900002460B4630
:1010900012EB040843EB050918EB08033B6049EB2E
:1010A00009037B60D7E9008942464B46C7E9142310
:1010B000BB6D013BBB65D7E91423511C396243F179
:1010C00000037B624FF000024FF00003D7E90845B0
:1010D00021464A08204629460C4642EAC4724B087B
:1010E000C7E91423BB6E0133BB66BB6E002BBADBB2
:1010F0007B6C002B02D0FA6D7B6C1A603B6C002B72
:1011000004D0D7E91423396CC1E90023D7F8A03003
:10111000002B03D0BA6DD7F8A0301A6000BF80371B
:10112000BD46BDE8B08F00BF0000C16FF28623004E
:1011300000008D49FD1A07000080C6A47E8D0300C3
:1011400000406352BFC6010080B586B000AFF860B2
:10115000C7E900233A6A7B6AD31A7B610EE0D7E9BC
:1011600000014FF00A024FF000031CF0E7FD0246B9
:101170000B46C7E900237B69013B7B617B69002B40
:10118000EDDC7B6A7B6122E0D7E900014FF00A02C7
:101190004FF000031CF0D2FD13463B613B69DBB20C
:1011A0003033D9B27B69013BFA6813444AB21A70F2
:1011B000D7E900014FF00A024FF000031CF0BEFD1A
:1011C00002460B46C7E900237B69013B7B617B69D3
:1011D000002BD9D17B6A18461837BD4680BD000068
:1011E00080B590B006AFF8607A603B600B46FB724A
:1011F00000237B6100233B613B6C6FF00042934214
:1012000015D1D7E90E23134311D097F90B30662B74
:1012100007D097F90B30652B03D097F90B30672B6C
:1012200002D12F4B3B6213E02E4B3B6210E097F94B
:101230000B30662B07D097F90B30652B03D097F94D
:101240000B30672B02D1284B3B6201E0274B3B62FE
:10125000386A0DF041FBF8613B6B002B02D0244B48
:101260007B6219E03B6B002B08D1FB685B6803F0E5
:101270000203002B02D01F4B7B620DE03B6B002B67
:1012800008D1FB685B6803F00103002B02D01A4B06
:101290007B6201E0194B7B62786A0DF01DFBB8613F
:1012A000FA69BB69D11807F1100307F11402F86855
:1012B000FFF794FD7A693B690493FB6903933B6AEA
:1012C000029300230193BB6900937B6A39687868B5
:1012D000FFF710FD034618462837BD4680BD00BF06
:1012E00024F9010028F901002CF9010030F901006E
:1012F00034F9010038F901003CF9010040F901001E
:101300002DE9B0438AB000AFF860B9607A603B6005
:1013100048A3D3E90023C7E908230023FB61BB6886
:101320001B68BB617B6C002B21D0BA693E4B83FBF1
:101330000231D317C91A0B465B000B44D31ABB61A9
:10134000BB69002B02DABB690333BB613B68002B2E
:101350000DD0BB681B68002BB8BF5B427B617B690B
:10136000182B04DD7B69183BBA691344BB613B68E9
:10137000002B0AD1BB69002B02DABB690133BB61C8
:10138000BB69002BB8BF5B42BB61BA697B68134481
:101390000133FB61FB6923EAE373FB610BE0D7E9EF
:1013A00008014FF00A024FF000031CF0C7FC024690
:1013B0000B46C7E90823FB695A1EFA61002BEED1E0
:1013C000FB68D3E90001D7E90823841841EB030542
:1013D000FB68C3E90045FB68D3E9002313498A424F
:1013E00013498B4118D3FB68D3E9002312F1050898
:1013F00043F100094FF00A024FF00003404649460E
:101400001CF09CFC02460B46F968C1E90023BB684E
:101410001B685A1CBB681A6000BF2837BD46BDE870
:10142000B08300BFAFF30080565555550000C16F23
:10143000F28623000080E03779C3110080B5AAB09E
:1014400006AFF8607A603B600B46FB720023C7F87A
:101450008C300023C7F884300023C7F88030002385
:10146000BB6100237B610023FB670023BB67002374
:101470007B6700233B670023FB660023BB660023DA
:10148000BB6500237B6500233B650023FB7497F954
:101490000B30672B03D097F90B30472B23D1012357
:1014A0007B65FB685B6823F02002FB685A60D7F815
:1014B000A83013F1040F05DBFB68DA68D7F8A83011
:1014C0009A4208DC97F90B30672B01D1652300E0C5
:1014D0004523FB7207E097F90B30672B01D1662398
:1014E00000E04623FB7297F90B30662B03D097F987
:1014F0000B30462B01D101233B65FB68DB68002BD9
:1015000002DAFB680622DA607B6D002B06D0FB68EE
:10151000DB68002B02D1FB680122DA60D7F8983033
:10152000002B03D0AB4BC7F888301EE0D7F89830BB
:10153000002B09D1FB685B6803F00203002B03D08A
:10154000A54BC7F8883010E0D7F89830002B09D1A8
:10155000FB685B6803F00103002B03D09F4BC7F8C7
:10156000883002E09E4BC7F88830D7F888000DF02D
:10157000B3F97863FB68DA68FB685B6803F0200303
:1015800007F1A80107F1A00001937B6D00933B6D6B
:10159000FFF7B6FED7E92823134324D01023C7F85A
:1015A0008C301AE0D7E928014FF00A024FF000030F
:1015B0001CF0C4FB134315D1D7F88C30013BC7F89E
:1015C0008C30D7E928014FF00A024FF000031CF0DD
:1015D000B5FB02460B46C7E92823D7F88C30002B11
:1015E000E0D100E000BF3B6D002B37D0FB685B68AB
:1015F00003F02003002B2AD00823FB6419E0D7F85E
:10160000A830022B08DDFB6C0133FB64D7F8A8304F
:10161000033BC7F8A8300CE0D7F8A830002B0FDA4E
:10162000FB6C013BFB64D7F8A8300333C7F8A83044
:1016300000BFFB6C002B04DDFB6C0F2BDFD900E03F
:1016400000BF684AFB6C134493F90030FB74D7F871
:10165000A83043EAE37301337B6623E001237B6612
:10166000FB685B6803F02003002B1BD0D7F8A82091
:101670005D4B83FB0231D317C91A0B465B000B4449
:10168000D31ABB64BB6C002B02DABB6C0333BB64A4
:101690007A6EBB6C13447B66D7F8A820BB6CD31A58
:1016A000C7F8A830FB68DA68D7F88C107B6ECB1AC5
:1016B00023EAE3739342A8BF13463B663B6D002BBE
:1016C0003CD07B6D002B39D0D7E92823C7E9102304
:1016D000D7F88C30FB630EE0FB6B013BFB63D7E973
:1016E00010014FF00A024FF000031CF027FB0246E6
:1016F0000B46C7E910237A6E3B6E1344FA6B9A428D
:10170000EADC0EE0D7E910014FF00A024FF00003C7
:101710001CF014FB02460B46C7E910233B6E013B4D
:101720003B663B6E002B09DDD7E910014FF00A0242
:101730004FF000031CF002FB1343E3D07A6E7B6B87
:101740001A443B6E1344C7F880303B6D002B38D0F1
:101750007B6E002B06D10123FB67D7F88030013365
:10176000C7F880307A6ED7F88C309A4204DD7A6EF2
:10177000D7F88C30D31ABB67D7F8A830B3F1FF3F46
:1017800015DAFB68DB68002B11DDD7F8A830DB43E6
:101790007B67FB68DB681A467B6F934228BF134662
:1017A0007B67D7F880207B6F1344C7F8803097F9A8
:1017B0001330002B34D0D7F880300133C7F8803095
:1017C0002EE0D7F8A830002BB8BF5B42FB650023A2
:1017D000BB6516E034F9010038F901003CF901005D
:1017E00040F901002400002056555555BB6D0133CA
:1017F000BB65FB6D9C4A82FB03129210DB17D31A68
:10180000FB65FB6D002BF1DCBB6D022B38BF0223A7
:10181000BB65BA6DD7F8803013440233C7F8803007
:101820003A6E7B6F1344FA68D268934217D27B6D8D
:10183000002B05D0FB685B6803F00803002B0ED07B
:10184000FB68DB681A467B6FD21A3B6ED31A3B6784
:10185000D7F880203B6F1344C7F880301AE03B6D07
:10186000002B17D03A6E7B6F1344FA68D26893420C
:1018700010D93A6E7B6F1344FA68D2689B1A3B63A7
:101880003B6BD7F88020D31AC7F880303A6E3B6B99
:10189000D31A3B667B6F002B0BD13B6F002B08D11B
:1018A0003B6E002B05DCFB685B6803F00803002B34
:1018B00006D00123BB66D7F880300133C7F88030EB
:1018C00007F1140307F11802D7F88010F868FFF742
:1018D00085FAFB685B6803F01003002B05D0BB6939
:1018E000FA6F1344FB670023BB617B6E002B0ED0A5
:1018F000D7E92823786EB96F411A07F11C000191CE
:10190000D7F88C100091FFF71FFC034600E000237E
:10191000C7F88430D7F88C20D7F88430D31AC7F8AA
:101920008C30BA6900230493D7F88430039307F10D
:101930001C030293FB6F01937B6B0093D7F88830F5
:1019400039687868FFF7D6F9F862FB6AB3F1FF3FB0
:1019500001D1FB6AF4E0FA6EFB6A1344FB660023D4
:1019600004930023039300230293BB6F019300238E
:1019700000930023002239687868FFF7BBF9F8620A
:10198000FB6AB3F1FF3F01D1FB6AD9E0FA6EFB6A53
:101990001344FB663B6E002B0CD0D7E9282307F1DC
:1019A0001C00396E0191D7F88C100091FFF7CCFB29
:1019B000034600E00023C7F88430BB6E002B14BF41
:1019C00001230023DBB21A4600230493D7F88430A6
:1019D000039307F11C0302937B6F01930092234B47
:1019E000002239687868FFF785F9F862FB6AB3F17D
:1019F000FF3F01D1FB6AA3E0FA6EFB6A1344FB666A
:101A00000023049300230393002302933B6F01936D
:101A1000002300930023002239687868FFF76AF9F1
:101A2000F862FB6AB3F1FF3F01D1FB6A88E0FA6E0E
:101A3000FB6A1344FB66BB6D002B5DD0D7F8A83062
:101A4000002BB8BF5B42BB63FB7A3B74D7F8A8306E
:101A5000002B01DA2D2300E02B237B74BB6DFB658B
:101A60000023C7F8843025E06766666644F9010004
:101A7000B96B354BA3FB0123DA0813469B001344D3
:101A80005B00CA1AD3B23033DAB2FB6D013B52B2FB
:101A900090333B4403F8742CFB6D013BFB65D7F896
:101AA00084300133C7F88430BB6B274AA2FB032381
:101AB000DB08BB63FB6D002BDADC07F110020023AF
:101AC0000493D7F88430039307F11C030293002397
:101AD0000193022300931346002239687868FFF7C8
:101AE00009F9F862FB6AB3F1FF3F01D1FB6A27E015
:101AF000FA6EFB6A1344FB6697F91330002B14BF90
:101B000001230023DBB21A467B690493039207F199
:101B10001303029300230193002300930023002268
:101B200039687868FFF7E6F8F862FB6AB3F1FF3FBF
:101B300001D1FB6A04E0FA6EFB6A1344FB66FB6E9C
:101B400018469037BD4680BDCDCCCCCC90B593B077
:101B500006AFF860B9603B601346FB71FB6893F910
:101B600014304C2B02D14FF0FF334DE0BB681B68A3
:101B7000073323F0070303F10801BA681160D3E9C2
:101B80000023C7E90A2307F1180107F1240207F12E
:101B9000140300930B46D7E90A01FFF771F97B693B
:101BA0006FF00042934203D1D7E90623134308D1D3
:101BB0007B696FF00042934215D1D7E906231343A6
:101BC00011D1796AD7E90623786997F9074004901B
:101BD000CDE9022300913B6C3A682146F868FFF793
:101BE000FFFA034610E0796AD7E90623786997F986
:101BF00007400490CDE9022300913B6C3A682146EE
:101C0000F868FFF71BFC034618463437BD4690BD05
:101C10002DE9B04FAAB006AFF865B9653B6513462C
:101C200087F85730FB6D1A6AFB6D5B6A1344C7F87F
:101C30008430D7F884300733DB08C7F880304FF0A2
:101C400000024FF00003C7E918234FF000024FF0E5
:101C50000003C7E91823D7F88030002B02D14FF0DA
:101C6000FF33EEE0D7F88030042B08D8BB6D19683D
:101C70000A1DBB6D1A600B68C7F88C3007E0BB6D9E
:101C800019680A1DBB6D1A600B68C7F88C30D7F84D
:101C90008C30002B0AD10023FB674FF000024FF07D
:101CA0000003C7E91C230023FB66BAE0D7F88430A1
:101CB0005A1E012303FA02F2D7F88C301340002B8E
:101CC00014BF01230023DBB2FB67FB6F002B04D0A2
:101CD000D7F88C305B42C7F88C30D7F884305A1E66
:101CE000012393405A1ED7F88C301340C7F88C302C
:101CF000D7F88C30DA17BB64FA64D7E91223C7E946
:101D00001C234FF0FF33C7F8883009E0D7F88C3038
:101D10005B10C7F88C30D7F888300133C7F88830AB
:101D2000D7F88C30002BF1D1D7F88820FB6D5B6A97
:101D3000D31AFB6609E0D7E91C23911839605B418F
:101D40007B60D7E90023C7E91C23D7E91C23B3F53F
:101D5000801FF0D3D7E9182300244FEA13554FEA28
:101D60000555D7E91C239246C3F3130B44EA0A0333
:101D70003B6445EA0B037B64D7E91034C7E91834A8
:101D8000D7E91823BA636FF31E53FB63FB6EDA17B0
:101D90003B637A633B6BC3F30A084FF0000940F2E0
:101DA000FF3318EB0303BB6249F10003FB624FF002
:101DB00000024FF00003B96A0B050022D7E90E01BB
:101DC000044614433C6219437962D7E90834C7E9F1
:101DD0001834D7E91823BA6123F00043FB61FB6F85
:101DE00000223B617A614FF000024FF00003396935
:101DF000CB070022D7E9060104461443BC6019430F
:101E0000F960D7E90234C7E91834D7E9180107F1B6
:101E1000700407F17C0207F16C0300932346FFF77F
:101E20002FF8F96FD7E91C23F86E0490CDE902234F
:101E30000091D7F8B0303A6D6621F86DFFF7FEFAE1
:101E4000034618469037BD46BDE8B08FB0B485B0A4
:101E500000AF786039603B681B68191D3A681160F3
:101E60001B68FB60FB68002B48D07B6893F914303B
:101E7000682B05D17B681B681AB2FB681A803DE0AD
:101E80007B6893F91430692B05D17B681B685AB2C3
:101E9000FB681A7032E07B6893F914306C2B05D123
:101EA0007B681B681A46FB681A6027E07B6893F919
:101EB00014306A2B08D17B681B6800221C4615462B
:101EC000FB68C3E9004519E07B6893F914307A2B6D
:101ED00004D17B681A68FB681A600FE07B6893F98D
:101EE0001430742B05D17B681B681A46FB681A6096
:101EF00004E07B681B681A46FB681A6000231846DA
:101F00001437BD46B0BC704780B58EB006AFF860E0
:101F1000B9603B601346FB710023FB6197F9073002
:101F2000632B08D1BB681B68191DBA6811601B6858
:101F30005BB2FB7403E0FB6893F91530FB74FB683C
:101F4000DB68002B02DAFB680122DA60FB68DB68E1
:101F5000012BB8BF0123BB611FE0002304930123C1
:101F6000039307F1130302930023019300230093CB
:101F700000230022B96A3868FEF7BCFE78617B69ED
:101F8000B3F1FF3F02D14FF0FF330AE0FA697B69FA
:101F90001344FB61BB69013BBB61BB69002BDCD116
:101FA000FB6918462037BD4680BD000080B58EB065
:101FB00006AFF860B9603B601346FB710023FB611C
:101FC00000237B6100233B61BB681B68191DBA6855
:101FD00011601B68BB61BB69002B01D1174BBB6152
:101FE000B8690CF079FCF861FB68DB68002B07DB53
:101FF000FB68DB681A46FB69934228BF1346FB6106
:1020000007F1100307F11402F969F868FEF7E6FE1C
:102010007A693B690493FB690393BB6902930023CC
:102020000193002300930023B96A3868FEF762FE2B
:10203000034618462037BD4680BD00BF48F9010061
:102040002DE9F043CBB006AF07F58876A6F582768A
:10205000306007F58870A0F584700160114607F5BF
:102060008872A2F58872136007F58873A3F20913CA
:102070000A461A700023C7F80C310023BB61002305
:102080007B610023C7F804310023C7F80031002327
:10209000C7F8FC300023C7F8F4300023C7F8F0304D
:1020A00007F58873A3F582731B685B6803F08003F0
:1020B000002B00F0EE8007F58873A3F582731B6890
:1020C00093F914306C2B10D107F58873A3F5847342
:1020D0001B681B68191D07F58872A2F584721268C7
:1020E00011601B68C7F8EC3063E007F58873A3F54F
:1020F00082731B6893F914306A2B16D107F5887325
:10210000A3F584731B681B68073323F0070303F1EF
:10211000080107F58872A2F5847212681160D3E98C
:1021200000231346C7F8EC3043E007F58873A3F5A6
:1021300082731B6893F914307A2B10D107F58873DA
:10214000A3F584731B681B68191D07F58872A2F537
:102150008472126811601B68C7F8EC3029E007F53B
:102160008873A3F582731B6893F91430742B10D114
:1021700007F58873A3F584731B681B68191D07F5A1
:102180008872A2F58472126811601B68C7F8EC307F
:102190000FE007F58873A3F584731B681B68191D8E
:1021A00007F58872A2F58472126811601B68C7F87F
:1021B000EC3007F58873A3F582731B6893F914302C
:1021C000682B04D1D7F8EC301BB2C7F8EC3007F518
:1021D0008873A3F582731B6893F91430692B04D1BB
:1021E000D7F8EC305BB2C7F8EC30D7F8EC30002B06
:1021F000B8BF5B42C7F8F83007F58873A3F5807362
:1022000000221A70D7F8EC30002B06DA07F5887335
:10221000A3F580732D221A7020E007F58873A3F5CB
:1022200082731B685B6803F00203002B06D007F57E
:102230008873A3F580732B221A700FE007F588735B
:10224000A3F582731B685B6803F00103002B05D0C4
:1022500007F58873A3F5807320221A7007F5887339
:10226000A3F5807393F90030002B00F0B2800123B6
:10227000C7F8F43007F58873A3F582731B685B68B1
:1022800043F0080207F58873A3F582731B685A6050
:102290009FE007F58873A3F582731B6893F91430E8
:1022A0006C2B10D107F58873A3F584731B681B682A
:1022B000191D07F58872A2F58472126811601B68F7
:1022C000C7F8F83063E007F58873A3F582731B68DD
:1022D00093F914306A2B16D107F58873A3F584732C
:1022E0001B681B68073323F0070303F1080107F598
:1022F0008872A2F5847212681160D3E90023134634
:10230000C7F8F83043E007F58873A3F582731B68BC
:1023100093F914307A2B10D107F58873A3F58473E1
:102320001B681B68191D07F58872A2F58472126874
:1023300011601B68C7F8F83029E007F58873A3F52A
:1023400082731B6893F91430742B10D107F58873CE
:10235000A3F584731B681B68191D07F58872A2F525
:102360008472126811601B68C7F8F8300FE007F537
:102370008873A3F584731B681B68191D07F58872A1
:10238000A2F58472126811601B68C7F8F83007F56F
:102390008873A3F582731B6893F91430682B04D1FA
:1023A000D7F8F8309BB2C7F8F83007F58873A3F573
:1023B00082731B6893F91430692B04D1D7F8F83075
:1023C000DBB2C7F8F83007F58873A3F580733022C5
:1023D0001A7007F58873A3F2091393F900306F2B75
:1023E00006D1D7F8F830002B02D00123C7F8F4301B
:1023F00007F58873A3F2091393F90030782B0FD0F7
:1024000007F58873A3F2091393F90030582B07D00E
:1024100007F58873A3F2091393F90030622B32D1C8
:1024200007F58873A3F582731B685B6803F02003CC
:10243000002B03D1D7F8F830002B0CD007F58873A8
:10244000A3F5807307F58872A2F2091212785A7008
:102450000223C7F8F43007F58873A3F582731B686D
:102460005B6803F02003002B0DD007F58873A3F5FC
:10247000807393F9013043F020035AB207F5887353
:10248000A3F580735A7007F58873A3F582731B68F0
:102490005B6803F00803002B0ED0D7F80C21D7F8A7
:1024A000F4301344C7F80C3107F11003C7F8FC30BF
:1024B000D7F8F430C7F80031D7F834310A2B50D1AF
:1024C0000023C7F8083147E0D7F8F83000229846D3
:1024D0009146AF4B03FB09F2002303FB08F31344BF
:1024E000AB4AA8FB02452B441D46C7E92C45C7E96A
:1024F0002C45D7E92C014FF000024FF00003CA0829
:1025000000231346C7F8AC30D7F8AC309B00D7F89F
:10251000AC201344C7F8A830D7F8A8305B00D7F830
:10252000F820D31AC7F8A430D7F808310133C7F818
:102530000831D7F8A430DBB23033DAB2D7F808313B
:10254000C3F1820352B203F588733B4403F8F42CC1
:10255000D7F8AC30C7F8F830D7F8F830002BB3D143
:10256000ACE0D7F83431022B07D0D7F83431082B40
:1025700003D0D7F83431102B5BD1D7F83431013B7D
:10258000C7F8C030D7F83431102B07D0D7F8343122
:10259000082B01D1032302E0012300E00423C7F844
:1025A000BC300023C7F808313EE0D7F8F820D7F850
:1025B000C0301340774AD35C87F8EB3007F5887357
:1025C000A3F2091393F90030782B0FD007F5887325
:1025D000A3F2091393F90030692B07D007F588732C
:1025E000A3F2091393F90030752B05D197F8EB305E
:1025F00043F0200387F8EB30D7F808310133C7F8F0
:102600000831D7F80831C3F1820303F588733B44DE
:1026100097F8EB2003F8F42CD7F8F820D7F8BC3063
:1026200022FA03F3C7F8F830D7F8F830002BBCD102
:1026300044E00023C7F808313CE0D7F8F830D7F879
:102640003421B3FBF2F2D7F8341101FB02F29B1AEA
:10265000504AD35C87F8EA3007F58873A3F2091370
:1026600093F90030692B07D007F58873A3F209139B
:1026700093F90030752B05D197F8EA3043F0200329
:1026800087F8EA30D7F808310133C7F80831D7F8AE
:102690000831C3F1820303F588733B4497F8EA20BD
:1026A00003F8F42CD7F8F820D7F83431B2FBF3F361
:1026B000C7F8F830D7F8F830002BBED107F588738B
:1026C000A3F582731B68DB69002B00F01C8107F502
:1026D0008873A3F582731B689B69C7F8E43007F51C
:1026E0008873A3F582731B68DB69C7F8E0300023A9
:1026F000C7F8D830D7F80831C7F8D030D7F8083144
:10270000C3F18203C7F8CC30D7F8E030013BD7F8EB
:10271000E4201344C7F8E430E6E0D7F8E030002BBB
:1027200000F08580D7F8E4301B7887F8DF3097F920
:10273000DF302D2B00F0DE8097F9DF302A2B1FD100
:1027400007F58873A3F584731B681B68191D07F5CB
:102750008872A2F58472126811601B68C7F8D830BD
:10276000D7F8D830002BC0F2C780D7F8E430013B4F
:10277000C7F8E430D7F8E030013BC7F8E03043E079
:102780000023C7F8D8300123C7F8D43023E000BFB6
:10279000CDCCCCCC58F9010097F9DF30303B1A464C
:1027A000D7F8D43003FB02F2D7F8D8301344C7F877
:1027B000D830D7F8D42013469B0013445B00C7F8E9
:1027C000D430D7F8E430013BC7F8E430D7F8E03034
:1027D000013BC7F8E030D7F8E030002B14D0D7F831
:1027E000E4301B7887F8DF3097F9DF30002B0BD00F
:1027F00097F9DF300133874A134493F90030DBB295
:1028000003F00403002BC7D1D7F8E030002B75D0BC
:10281000D7F8E4301B7887F8DF30D7F8E430013B95
:10282000C7F8E430D7F8E030013BC7F8E030D7F81C
:10283000D830002B54D0D7F8D830D7F8D0209A42CF
:102840005ED9D7F8CC30C7F8C830D7F8D830D7F829
:10285000D020D31AC7F8C43018E0D7F8C830013BED
:1028600007F11C01D7F8C8200A4492F9002003F5AB
:1028700088733B4403F8F42CD7F8C430013BC7F805
:10288000C430D7F8C8300133C7F8C830D7F8C430DF
:10289000002BE2D1D7F8CC30013BC7F8CC30D7F8C9
:1028A000CC20D7F8D0301A44D7F8D830D31A03F553
:1028B00088733B4497F8DF2003F8F42CD7F80831ED
:1028C0000133C7F80831D7F8F0300133C7F8F030DA
:1028D000D7F8D830D7F8D020D31AC7F8D03003E0D3
:1028E000D7F8E030002B0DD0D7F8D030002B7FF494
:1028F00014AF08E000BF06E000BF04E000BF02E044
:1029000000BF00E000BFD7F80831C7F8A03007F5D6
:102910008873A3F582731B68DB68002B07DA07F561
:102920008873A3F582731B680122DA600DE007F556
:102930008873A3F582731B685B6823F0100207F5A8
:102940008873A3F582731B685A6007F58873A3F533
:1029500082731B68DB681A46D7F8F0301344D7F847
:102960000821934238BF1346C7F80831D7F80C2125
:10297000D7F808311344C7F80C3107F1140307F1F5
:10298000180207F58871A1F58270D7F80C1100685C
:10299000FEF724FAD7F80821D7F8A030D31AC7F8E1
:1029A000043107F58873A3F582731B685B6803F035
:1029B0001003002B07D0BB69D7F804211344C7F8D4
:1029C00004310023BB61B969D7F8A030C3F1820399
:1029D00007F11C0213447A6907F58870A0F5887026
:1029E0000492D7F8A02003920293D7F80431019300
:1029F000D7F800310093D7F8FC300A46D7F83011E9
:102A00000068FEF777F90346184607F58A77BD4652
:102A1000BDE8F083CC40020080B58CB006AFF86012
:102A2000B9603B601346FB7100237B6197F9073067
:102A30006E2B05D1B968F868FFF708FA0346DDE0A8
:102A400097F90730252B11D1002304930123039319
:102A5000FB1D029300230193002300930023002217
:102A6000396A3868FEF746F90346C7E097F9073038
:102A7000632B03D097F90730432B0AD197F907202E
:102A80003B6A00933B68B968F868FFF73DFA034674
:102A9000B4E097F90730732B0AD197F907203B6A06
:102AA00000933B68B968F868FFF780FA0346A5E031
:102AB00097F90730652B13D097F90730452B0FD0C6
:102AC00097F90730662B0BD097F90730462B07D0C4
:102AD00097F90730672B03D097F90730472B0AD1B6
:102AE00097F907203B6A00933B68B968F868FFF7DD
:102AF0002DF8034682E097F907306B2B0AD197F93E
:102B000007203B6A00933B68B968F868FFF780F8D4
:102B1000034673E097F90730702B0DD15823FB71F2
:102B2000FB6800221A75FB6828225A60FB6808229D
:102B30009A60FB680822DA6097F90730642B07D0A7
:102B400097F90730692B03D097F90730492B1CD12F
:102B5000FB685B6843F08002FB685A600A237B6174
:102B6000FB685B6823F00802FB685A6097F907303E
:102B7000692B03D097F90730492B06D1FB681B69F5
:102B8000002B02D0FB681B697B6197F90730782B1B
:102B900003D097F90730582B01D110237B6197F9A7
:102BA0000730752B03D097F90730552B08D1FB68F8
:102BB0001B69002B02D0FB681B6900E00A237B61C4
:102BC00097F907306F2B01D108237B6197F9073004
:102BD000622B01D102237B617B69012B0CD997F910
:102BE00007207B6901933B6A00933B68B968F868EA
:102BF000FFF726FA034601E04FF0FF331846183777
:102C0000BD4680BD80B59CB002AFF860B9607A6007
:102C10003B607B683B663B683B617B68002B00F058
:102C20008C8200237B617DE23B6EFB6502E0FB6DE5
:102C30000133FB65FB6D93F90030002B04D0FB6D75
:102C400093F90030252BF2D1FA6D3B6ED31AFB6459
:102C5000FB6C002B0ED007F10803FA68F96C386E94
:102C6000FEF706F80346002BC0F269827A69FB6C16
:102C700013447B61FB6D3B663B6E93F90030002B88
:102C800000F050823B6E01333B660023BB610BE0DA
:102C9000BA69BB6CA6495B1AA64951F823301343A5
:102CA000BB613B6E01333B663B6E1B7887F8673038
:102CB00097F96730002B09D097F9673019469C487F
:102CC0000BF0D8FAB864BB6C002BE1D13B6E93F9E2
:102CD00000302A2B12D13B691A1D3A611B68FB6137
:102CE000FB69002B06DAFB695B42FB61BB6943F0C1
:102CF0000403BB613B6E01333B6628E00023FB61AC
:102D00000DE0FA6913469B0013445B001A4697F9DD
:102D100067301344303BFB613B6E01333B663B6ED7
:102D20001B7887F8673097F96730002B0FD097F939
:102D300067300133804A134493F90030DBB203F06B
:102D40000403002B03D0FB69B3F5FA7FD9DBFB69E1
:102D5000B3F5FA7F00F3F5813B6E93F900302E2B2B
:102D600003D04FF0FF333B6243E03B6E01333B66E1
:102D70003B6E93F900302A2B0DD13B691A1D3A6145
:102D80001B683B623B6AB3F5FA7F00F3DC813B6E64
:102D900001333B662DE000233B620DE03A6A1346A7
:102DA0009B0013445B001A4697F967301344303B8D
:102DB0003B623B6E01333B663B6E1B7887F86730A6
:102DC00097F96730002B0FD097F9673001335A4AD3
:102DD000134493F90030DBB203F00403002B03D05B
:102DE0003B6AB3F5FA7FD9DB3B6AB3F5FA7F00F3B0
:102DF000AC813B6E93F900303A2B02D000237B620A
:102E000048E03B6E01333B663B6E93F900302A2B62
:102E100014D13B691A1D3A611B687B647B6C002BE3
:102E200002DA00237B6205E07B6C242B00F38F81A8
:102E30007B6C7B623B6E01333B662BE000237B6245
:102E40000DE07A6A13469B0013445B001A4697F91B
:102E500067301344303B7B623B6E01333B663B6E15
:102E60001B7887F8673097F96730002B0ED097F9F9
:102E700067300133304A134493F90030DBB203F07A
:102E80000403002B02D07B6A232BDADD7B6A242B20
:102E900000F35F8110237B631023BB6300233B633C
:102EA0000023FB623B6E1B7887F8673097F9673029
:102EB0005B2B24D10023BB653B6E01333B663B6E2D
:102EC000FB6205E03B6E01333B66BB6D0133BB65C6
:102ED0003B6E1B7887F8673097F96730002B03D07B
:102EE00097F967305D2BEDD197F96730002B00F033
:102EF00032813B6E01333B66BB6D3B639CE097F9CF
:102F000067307B2B40F098803B6E01333B663B6E15
:102F100093F900302A2B08D13B691A1D3A611B68CE
:102F20007B653B6E01333B662DE000237B6513E040
:102F300080F9010088F90100CC4002007A6D134647
:102F40009B0013445B001A4697F967301344303BEB
:102F50007B653B6E01333B663B6E1B7887F86730C1
:102F600097F96730002B0ED097F967300133844A08
:102F7000134493F90030DBB203F00403002B02D0BA
:102F80007B6D1F2BDAD97B6D202B00F2E6803B6E28
:102F900093F900302E2B40F0E2803B6E01333B660C
:102FA0003B6E93F900302A2B08D13B691A1D3A6118
:102FB0001B683B653B6E01333B6627E000233B65A6
:102FC0000DE03A6D13469B0013445B001A4697F9D7
:102FD00067301344303B3B653B6E01333B663B6ED1
:102FE0001B7887F8673097F96730002B0ED097F978
:102FF00067300133624A134493F90030DBB203F0C7
:103000000403002B02D03B6D1F2BDAD997F96730F0
:10301000002B00F0A6803B6E01333B663B6D202BFE
:1030200000F2A1807A6D3B6D13441F2B00F29D804E
:103030007B6D7B633B6DBB633B6E1B7887F86730B2
:1030400097F96730002B0ED097F9673019464D4835
:103050000BF010F90346002B05D03B6E01333B66A5
:1030600097F9673000E0002387F8283097F9283077
:10307000002B17D03B6E1B7887F8673097F96730C5
:10308000002B0FD097F9283097F967209A4209D181
:1030900097F9283043F001035BB287F828303B6E84
:1030A00001333B663B6E1B7887F8673097F96730D2
:1030B000002B05D13B691A1D3A611B683B6631E064
:1030C00097F8673087F8433097F94330432B0FD197
:1030D0003B6E01333B663B6E1B7887F8673097F990
:1030E0006730002B43D097F8673087F8293002E02B
:1030F000002387F8293097F9432007F1100107F1E1
:10310000140007F108030093FB68FFF785FCF863E0
:10311000FB6B002B2DDB7A69FB6B13447B613B6EF1
:1031200001333B663B6E1B7887F8673097F9673051
:10313000002B7FF479AD7B691EE000BF1AE000BF71
:1031400018E000BF16E000BF14E000BF12E000BFAF
:1031500010E000BF0EE000BF0CE000BF0AE000BFBF
:1031600008E000BF06E000BF04E000BF02E000BFCF
:1031700000E000BF4FF0FF3318466837BD4680BD02
:10318000CC40020050F9010080B584B000AFF86077
:10319000B9607A603B60FB68BA681A60FB687A685D
:1031A0005A60FB6800221A72FB683A68DA60FB68B2
:1031B0001B6818460BF090FB0346DAB2FB681A72E4
:1031C000FB6818461037BD4680BD000080B582B050
:1031D00000AF786039607B681B6818461AF070F998
:1031E0003B68D3E900231AF0D5F902460B46104696
:1031F00019464FF00002054B1AF0F6FA02460B464C
:10320000104619460837BD4680BD00BF00005E412C
:1032100098B500AF664C674B674A68492046FFF790
:10322000B3FF1034664B674A67492046FFF7ACFF8F
:103230001034664B664A67492046FFF7A5FF1034F5
:103240005F4B654A65492046FFF79EFF10345F4B90
:10325000634A64492046FFF797FF1034624B634A84
:1032600063492046FFF790FF10345F4B614A624983
:103270002046FFF789FF1034604B614A61492046C0
:10328000FFF782FF10345D4B5F4A60492046FFF72D
:103290007BFF10345E4B5F4A5F492046FFF774FFA7
:1032A00010345B4B5D4A5E492046FFF76DFF1034DA
:1032B0005C4B5D4A5D492046FFF766FF10345C4B6E
:1032C0005C4A5D492046FFF75FFF10345B4B5C4A68
:1032D0005C492046FFF758FF10345B4B5B4A5C4962
:1032E0002046FFF751FF10345A4B5B4A5B4920469A
:1032F000FFF74AFF10345A4B5A4A5B492046FFF702
:1033000043FF1034594B5A4A5A492046FFF73CFFB5
:103310001034564B584A59492046FFF735FF1034B0
:10332000574B584A58492046FFF72EFF1034574B49
:10333000574A58492046FFF727FF1034564B574A43
:1033400057492046FFF720FF1034564B564A57493D
:103350002046FFF719FF1034554B564A5649204670
:10336000FFF712FF1034524B544A55492046FFF7DD
:103370000BFF1034534B544A54492046FFF704FFC7
:103380001034534B534A54492046FFF7FDFE103486
:10339000524B534A53492046FFF7F6FE04F1100002
:1033A000514B524A5249FFF7EFFE00BF98BD00BF94
:1033B00094080020253A000010FA010048FA0100A4
:1033C000953A000050FA010064FA01005D3B0000EC
:1033D00070FA01008CFA010098FA0100B0FA0100BD
:1033E000B4FA0100D4FA0100E93B0000D8FA010068
:1033F00024FB01002CFB01007CFB0100213D0000AF
:1034000080FB0100CCFB0100D4FB010024FC010087
:10341000D140000028FC01005CFC010064FC0100BC
:103420009CFC010085AA00006C3502005C3502009E
:103430008DAD0000B0350200A0350200C9B100001A
:10344000F0350200DC35020071430000A0FC0100F1
:10345000D4FC010021440000DCFC010038FD010027
:10346000F147000040FD01008CFD0100D149000042
:1034700094FD0100B0FD0100B8FD0100D4FD010084
:10348000C14A0000D8FD010028FE0100214D0000C6
:1034900038FE0100B0FE01007D4E0000BCFE0100C0
:1034A000FCFE0100AD4E00000CFF010054FF0100C6
:1034B0005150000064FF01009CFF0100ACFF0100BF
:1034C000E8FF0100E5550000ECFF01001C000200D0
:1034D0000957000028000200680002004958000057
:1034E00078000200B0000200DD580000BC000200BD
:1034F0002801020080B500AFFFF78AFE80BD80B4CE
:1035000083B000AF78607A68136803F0000313603B
:103510007A6893886FF30F0393807A68D3886FF388
:103520000F03D3807B6818460C37BD4680BC7047BC
:1035300080B483B000AF786039603B681B6819B213
:103540007A68938861F30F0393803B681B681B0CB8
:1035500019B27A68D38861F30F03D38000BF0C37A8
:10356000BD4680BC7047000080B582B000AF786077
:103570007B681B68184619F0A3FF02460B460D48EE
:1035800009F022F87B681B6819467B68B3F90430A0
:103590001A467B68B3F90630074809F015F87B68CE
:1035A000B3F906301946054809F00EF800BF083790
:1035B000BD4680BD34010200580102008C010200AA
:1035C00080B483B000AF78607B6800221A607B68AB
:1035D00018460C37BD4680BC704780B483B000AF3E
:1035E000786039603B681A687B681A607B681846A7
:1035F0000C37BD4680BC704780B584B002AF7860A0
:103600007B681B8819467B681B881A467B685B8829
:1036100018467B685B8800930346034808F0D4FF94
:1036200000BF0837BD4680BD9401020080B483B05E
:1036300000AF78607B6800221A607B6818460C3700
:10364000BD4680BC704780B483B000AF78603960FD
:103650003B681A687B681A607B6818460C37BD4661
:1036600080BC704780B584B002AF78607B681B88EF
:1036700019467B681B881A467B685B8818467B68FE
:103680005B8800930346034808F09EFF00BF08379D
:10369000BD4680BDE401020080B483B000AF786015
:1036A0007B6800221A607B6818460C37BD4680BCD8
:1036B000704780B483B000AF786039603B681A68A7
:1036C0007B681A607B6818460C37BD4680BC704723
:1036D00080B584B002AF78607B681B8819467B6830
:1036E0001B881A467B685B8818467B685B8800935A
:1036F0000346034808F068FF00BF0837BD4680BD99
:103700004002020080B483B000AF78607B68002282
:103710001A607B6818460C37BD4680BC704780B481
:1037200083B000AF786039603B681A687B681A60C4
:103730007B6818460C37BD4680BC704780B483B0A8
:1037400000AF78600B46FB707B68FA781A7100BF97
:103750000C37BD4680BC704780B483B000AF786042
:103760007B681B7918460C37BD4680BC704700004B
:1037700080B582B000AF78607B681B6819467B68B3
:103780005A687B689B6803480AF0CAFA00BF08378A
:10379000BD4680BD8802020080B483B000AF78606F
:1037A0007B6800221A607B6818460C37BD4680BCD7
:1037B000704780B483B000AF786039603B681A68A6
:1037C0007B681A607B6818460C37BD4680BC704722
:1037D000F0B5B9B01EAF78667B6E1B683B667B6E3A
:1037E0001B78C3F30003DBB29C467B6E1B78C3F3EC
:1037F0004003DBB29E467B6E1B78C3F38003DBB2D3
:10380000FB657B6E1B78C3F3C003DBB2BB657B6ECD
:103810001B78C3F30013DBB27B657B6E1B78C3F3AD
:103820004013DBB23B657B6E1B78C3F38013DBB2C6
:10383000FB647B6E1B78C3F3C013DBB2BB647B6E8F
:103840005B78C3F30003DBB27B647B6E5B78C3F30E
:103850004003DBB23B647B6E5B78C3F38003DBB277
:10386000FB637B6E5B78C3F3C003DBB2BB637B6E31
:103870005B78C3F30013DBB27B637B6E5B78C3F3CF
:103880004013DBB23B637B6E5B78C3F38013DBB228
:10389000FB627B6E5B78C3F3C013DBB2BB627B6EF3
:1038A0009B78C3F30003DBB27B627B6E9B78C3F330
:1038B0004003DBB23B627B6E9B78C3F38003DBB2D9
:1038C000FB617B6E9B78C3F3C003DBB2BB617B6E95
:1038D0009B78C3F30013DBB27B617B6E9B78C3F3F1
:1038E0004013DBB23B617B6E9B78C3F38013DBB28A
:1038F000FB607B6E9B78C3F3C013DBB2BB607B6E57
:10390000DB78C3F30003DBB27B607B6EDB78C3F351
:103910004003DBB21E467B6EDB78C3F38003DBB271
:103920001D467B6EDB78C3F3C003DBB21C467B6EA7
:10393000DB78C3F30013DBB218467B6EDB78C3F38E
:103940004013DBB219467B6EDB78C3F38013DBB226
:103950001A467B6EDB78C3F3C013DBB21D931C9257
:103960001B911A901994189517967A681692BA684E
:103970001592FA6814923A6913927A691292BA69A6
:103980001192FA6910923A6A0F927A6A0E92BA6AA2
:103990000D92FA6A0C923A6B0B927A6B0A92BA6B9E
:1039A0000992FA6B08923A6C07927A6C0692BA6C9A
:1039B0000592FA6C04923A6D03927A6D0292BA6D96
:1039C0000192FA6D009273466246396E034808F020
:1039D000FBFD00BF6C37BD46F0BD00BFEC0202002E
:1039E00080B582B000AF786039607B681B6818468C
:1039F00019F066FD3B68D3E9002319F0CBFD0246C0
:103A00000B46104619464FF00002054B19F0ECFE2C
:103A100002460B46104619460837BD4680BD00BF1A
:103A200000005E4180B586B002AFF860B9607A6090
:103A30003B60134B1B68002B14BF01230023DBB238
:103A4000002B0ED00E4B1B6819680D4B1B685B6872
:103A500001930C4B0093E1230B4A0C4808F0B4FD92
:103A600005E0084BE1220849094808F0ADFDB868B7
:103A70000AF032FF03465BB218461037BD4680BDE0
:103A80004C00002018130200400502006C050200E3
:103A9000D005020080B586B000AFF860B9607A60EA
:103AA0003B6000233B6107F110031A462449B868C4
:103AB0000AF02CFA0346FB7597F91730002B20DC2F
:103AC000204808F081FD00233B6113E01E4B1A687B
:103AD0003B6913441B78BB753B69BA7D19461B488B
:103AE00008F072FDBB7D1946194808F06DFD3B6971
:103AF00001333B613B69802BE8D9164808F064FD2F
:103B000018E0114B1A683B6913441B78BB750D48CC
:103B100008F05AFD3B69BA7D19460C4808F054FD7F
:103B2000BB7D19460A4808F04FFDBB7D19460A487F
:103B300008F04AFD7B685BB218461837BD4680BD69
:103B40000C060200100602004C00002024060200B1
:103B500038060200400602004406020080B588B024
:103B600000AFF860B9607A603B600023BB6100235E
:103B70007B6107F1140307F118021649B8680AF0CF
:103B8000C5F90346FB7797F91F30012B09DC97F93C
:103B90001F301A46B968104808F016FD4FF0FF3381
:103BA00013E07B69D9B20D4B1A68BB6913440A460E
:103BB0001A707B6919460A4808F006FDBB69194668
:103BC000084808F001FD7B685BB218462037BD4607
:103BD00080BD00BF50060200580602004C000020C5
:103BE000B4060200D806020080B58CB002AFF860BF
:103BF000B9607A603B6000233B620023FB610023D5
:103C0000BB6100237B61404B1B68002B0CBF012371
:103C10000023DBB2002B05D03C4808F0D5FC7B68C4
:103C20005BB26CE007F11C0107F1200207F11403FD
:103C3000019307F1180300930B463549B8680AF061
:103C400065F9034687F8273097F92730032B1BDDEA
:103C50003A6A2D4B1B68DA62FA692B4B1B681A63B0
:103C6000BA69294B1B685A637A69274B1B689A63A8
:103C7000396AFA69B8697B6900930346254808F0F8
:103C8000A3FC7B685BB23AE097F92730002B1BDD81
:103C90003A6A1D4B1B68DA623A6A1B4B1B681A634F
:103CA0003A6A194B1B685A633A6A174B1B689A6346
:103CB000396A3A6A386A3B6A00930346154808F045
:103CC00083FC7B685BB21AE00F4B1B68DB6A3B62CC
:103CD0000D4B1B681B6BFB610B4B1B685B6BBB616C
:103CE000094B1B689B6B7B61396AFA69B8697B6910
:103CF00000930346084808F067FC7B685BB21846EF
:103D00002837BD4680BD00BF4C000020E4060200FD
:103D100030070200400702006807020000000000B0
:103D20002DE9F043A1B00EAFF860B9607A603B6056
:103D30004FF000024FF00003C7E90A234FF00002E2
:103D40004FF00003C7E908234FF000024FF00003D3
:103D5000C7E906234FF000024FF00003C7E9042330
:103D600000237B6400233B640023FB630023BB63CD
:103D7000874B1B68002B0CBF01230023DBB2002BF9
:103D800005D0844808F020FC7B685BB28DE107F128
:103D9000200107F1280207F11003019307F118032E
:103DA00000930B467C49B8680AF0B0F8034687F8E0
:103DB0003730D7E90A014FF06042784B19F0EAFB3F
:103DC00002460B46104619464FF00002744B19F09C
:103DD000E1FB02460B46104619466BA3D3E90023CC
:103DE00019F002FD02460B461046194619F0AAFECC
:103DF00003467B64D7E908014FF06042674B19F036
:103E0000C9FB02460B46104619464FF00002644BB0
:103E100019F0C0FB02460B46104619465AA3D3E9D7
:103E2000002319F0E1FC02460B461046194619F032
:103E300089FE03463B64D7E906014FF06042574BC9
:103E400019F0A8FB02460B46104619464FF0000237
:103E5000534B19F09FFB02460B46104619464AA3E6
:103E6000D3E9002319F0C0FC02460B461046194660
:103E700019F068FE0346FB63D7E904014FF0604286
:103E8000464B19F087FB02460B46104619464FF089
:103E90000002434B19F07EFB02460B4610461946C2
:103EA00039A3D3E9002319F09FFC02460B461046C4
:103EB000194619F047FE0346BB6397F93730032BC9
:103EC0002DDD7A6C324B1B68DA623A6C304B1B6822
:103ED0001A63FA6B2E4B1B685A63BA6B2C4B1B6828
:103EE0009A63D7E90A89D7E90823D7E90601D7E910
:103EF0000445BE6B0C96CDE90A45FC6B0894CDE9F0
:103F00000601396C0491CDE902237B6C0093424693
:103F10004B46244808F058FB7B685BB2C5E097F934
:103F20003730002B40DD7A6C194B1B68DA627A6CF3
:103F3000174B1B681A637A6C154B1B685A637A6CB3
:103F4000134B1B689A63D7E90A89D7E90823D7E995
:103F50000601D7E90445BE6B0C96CDE90A45FC6B1A
:103F60000894CDE90601396C0491CDE902237B6CFC
:103F7000009342464B460B4808F026FB7B685BB239
:103F800093E000BFAFF30080FCA9F1D24D62104076
:103F90004C00002098070200E4070200FFFF6F4179
:103FA00000004E40F4070200454B1B68DB6A7B644F
:103FB000434B1B681B6B3B64414B1B685B6BFB6398
:103FC0003F4B1B689B6BBB63786C19F069FA3AA393
:103FD000D3E9002319F0DEFA02460B4610461946D3
:103FE0004FF06242374B19F0FFFB02460B46C7E920
:103FF0000A23386C19F054FA2FA3D3E9002319F0DF
:10400000C9FA02460B46104619464FF062422D4B44
:1040100019F0EAFB02460B46C7E90823F86B19F0D2
:104020003FFA25A3D3E9002319F0B4FA02460B4660
:10403000104619464FF06242224B19F0D5FB02465A
:104040000B46C7E90623B86B19F02AFA1AA3D3E97D
:10405000002319F09FFA02460B46104619464FF00E
:104060006242184B19F0C0FB02460B46C7E9042315
:10407000D7E90A89D7E90823D7E90601D7E9044532
:10408000BE6B0C96CDE90A45FC6B0894CDE90601A0
:10409000396C0491CDE902237B6C009342464B4678
:1040A000094808F091FA7B685BB218464C37BD4668
:1040B000BDE8F083AFF30080FCA9F1D24D6210405F
:1040C0004C000020FFFFCD4140080200000000002E
:1040D000F0B5A5B00AAFF860B9607A603B60002324
:1040E0007B669F4B1B68002B0CBF01230023DBB2B8
:1040F000002B05D09B4808F067FA7B685BB224E18F
:104100007B6E01337B667B6EDBB243F00103DAB278
:10411000934B1B68C8331A7007F128031846FFF742
:10412000EEF907F120031846FFF7E9F907F1180344
:104130001846FFF7E4F907F110031846FFF7DFF917
:10414000874B1B68DA6BBB6A62F31F03BB62844B4D
:104150001B681B6C3B6307F1300207F12803114613
:104160001846FFF7E5F97E4B1B685A6C3B6A62F311
:104170001F033B627A4B1B689B6C7B6307F1340225
:1041800007F1200311461846FFF7D2F9744B1B685C
:10419000DA6CBB6962F31F03BB61714B1B681B6D5B
:1041A000BB6307F1380207F1180311461846FFF701
:1041B000BFF96B4B1B685A6D3B6962F31F033B6190
:1041C000674B1B689B6DFB6307F13C0207F1100313
:1041D00011461846FFF7ACF9BB6A184619F070F99A
:1041E0005DA3D3E9002319F0D5F902460B46144626
:1041F0001D46B7F92E30184619F062F94FF000024B
:10420000594B19F0C7F902460B462046294619F0CA
:10421000EBFA02460B46C7E916233B6A184619F02B
:104220004FF94DA3D3E9002319F0B4F902460B4628
:1042300014461D46B7F92630184619F041F94FF0DB
:104240000002494B19F0A6F902460B4620462946C2
:1042500019F0CAFA02460B46C7E91423BB6918468F
:1042600019F02EF93CA3D3E9002319F093F9024683
:104270000B4614461D46B7F91E30184619F020F9B2
:104280004FF00002384B19F085F902460B462046E4
:10429000294619F0A9FA02460B46C7E912233B69E1
:1042A000184619F00DF92CA3D3E9002319F072F97F
:1042B00002460B4614461D46B7F91630184619F04B
:1042C000FFF84FF00002284B19F064F902460B4644
:1042D0002046294619F088FA02460B46C7E9102302
:1042E000B7F92E301E46BC6A3D6AB9693869D7E90C
:1042F0001023CDE90823D7E91223CDE90623D7E916
:104300001423CDE90423D7E91623CDE90223019034
:1043100000912B4622463146144808F055F907F122
:1043200028031846FFF720F907F120031846FFF786
:104330001BF907F118031846FFF716F907F11003E8
:104340001846FFF711F97B685BB218466C37BD461B
:10435000F0BD00BFAFF30080FCA9F1D24D62104068
:104360004C0000209408020000006041E0080200B8
:1043700080B586B000AFF860B9607A603B6000231A
:10438000FB7507F115031A462149B86809F0BEFD0F
:104390000346BB7597F91630002B28DD97F91530C9
:1043A000592B0FD097F91530792B0BD097F9153081
:1043B000542B07D097F91530742B03D097F915308B
:1043C000312B01D10123FB75FB7D002B01D059233B
:1043D00000E04E2319460F4808F0F6F80E4AFB7D20
:1043E0001370B8680AF078FA03465BB20CE00A4B27
:1043F0001B78002B01D0592300E04E2319460548B5
:1044000008F0E2F87B685BB218461837BD4680BDFD
:10441000540902005C0902008060002000000000D6
:1044200080B5A2B002AFF860B9607A603B6000234B
:10443000FB670023BB6700237B6700233B670023E8
:10444000FB660023BB664FF00002B94BC7E90623A9
:104450004FF00002B64BC7E9042307F1100307F140
:104460001802B449B86809F051FDD7E906014FF0C8
:1044700000024FF0000319F0FFFA0346002B05D0AD
:104480004FF000024FF00003C7E90623D7E9060109
:104490004FF00002A64B19F00DFB0346002B04D091
:1044A0004FF00002A24BC7E90623D7E9040198A305
:1044B000D3E9002319F0E0FA0346002B04D094A3BB
:1044C000D3E90023C7E90423D7E9040192A3D3E980
:1044D000002319F0EFFA0346002B04D08EA3D3E992
:1044E0000023C7E90423D7E90601D7E90423CDE96E
:1044F000002302460B46904808F066F8FB6F013334
:10450000FB67BA6F8D4B1B68DA627A6F8B4B1B6847
:104510001A633A6F894B1B685A63FA6E874B1B68A4
:104520009A63864B1B68DB6A7B66844B1B681B6B3C
:104530003B66824B1B685B6BFB65804B1B689B6B10
:10454000BB65BB6D0093FB6D3A6E796E7C4808F0DD
:104550003BF8F96F7B4BA3FB01235A0913461B0160
:104560009B1A9B00CA1A104618F09AFF4FF00002DF
:10457000754B19F00FF802460B46C7E914234FF0AC
:104580000002724BD7E9140119F02EF902460B46CE
:104590001046194662A3D3E9002318F0FBFF024638
:1045A0000B46C7E912234FF00002694BD7E914010B
:1045B00018F03AFE02460B46104619464FF000022C
:1045C000624B19F011F902460B461046194654A3E6
:1045D000D3E9002318F0DEFF02460B46C7E910239B
:1045E0004FF000025B4BD7E9140118F01DFE0246A4
:1045F0000B46104619464FF00002544B19F0F4F8E0
:1046000002460B461046194645A3D3E9002318F08D
:10461000C1FF02460B46C7E90E23D7E9120119F084
:1046200037FD4FF00002424B18F0FEFD02460B46EC
:10463000104619464FF000024FF0804319F0D4F8AD
:1046400002460B4610461946D7E9062318F0A2FF8A
:1046500002460B46C7E90C23D7E9100119F018FDF3
:104660004FF00002324B18F0DFFD02460B461046B9
:1046700019464FF000024FF0804319F0B5F802469A
:104680000B4610461946D7E9062318F083FF024669
:104690000B46C7E90A23D7E90E0119F0F9FC4FF0E0
:1046A0000002234B18F0C0FD02460B461046194687
:1046B0004FF000024FF0804319F096F802460B4687
:1046C00010461946D7E9062318F064FF02460B4648
:1046D000C7E9082314A3D3E90023D7E90C0118F094
:1046E00059FF02460B461046194619F02BFA0346AD
:1046F000BB670DA3D3E90023D7E90A0118F04AFFED
:1047000002460B461046194626E000BFAFF3008074
:10471000FCA9F1D24D62503F000000000088C34068
:104720001F85EB51B81E194000000000E0FFEF406C
:104730000000F03F7C090200840902004C000020C8
:10474000AC09020089888888000018400080764003
:1047500000005E4000006E4019F0F4F903467B67EC
:104760001FA3D3E90023D7E9080118F013FF02467D
:104770000B461046194619F0E5F903463B6718A3A6
:10478000D3E90023D7E9080118F004FF02460B46DD
:104790001046194619F0D6F90346FB66FB6FB3F5D0
:1047A0007A7F04D9B96E104807F00EFF11E0D7E9FF
:1047B00004014FF000020D4B18F0ECFE02460B46D0
:1047C0001046194619F0BEF903461846FCF734F9AD
:1047D00094E67B685BB218468037BD4680BD00BF5B
:1047E00000000000E0FFEF40C009020000408F40E1
:1047F000B0B592B006AFF860B9607A603B60002354
:10480000FB620023BB6200237B6200233B62674B99
:104810001B68002B0CBF01230023DBB2002B05D04B
:10482000634807F0D1FE7B685BB2BBE04FF000024B
:104830004FF00003C7E906234FF000024FF00003DA
:10484000C7E9042307F1100307F118025949B868B2
:1048500009F05CFBD7E906014FF000024FF00003BE
:1048600019F00AF90346002B05D04FF000024FF073
:104870000003C7E90623D7E906014FF000024E4BBB
:1048800019F018F90346002B04D04FF000024A4BF0
:10489000C7E90623D7E904014FF000024FF00003F7
:1048A00019F0EAF80346002B05D04FF000024FF054
:1048B0000003C7E90423D7E904014FF000023E4B8F
:1048C00019F0F8F80346002B04D04FF000023A4BE1
:1048D000C7E90423D7E906014FF06042374B18F0CF
:1048E00059FE02460B461046194619F02BF90346AD
:1048F000FB62D7E904014FF06042304B18F04AFEEA
:1049000002460B461046194619F01CF903467B6215
:10491000FA6A264B1B68DA62244B1B68284A1A6322
:104920007A6A224B1B685A63204B1B68244A9A639D
:10493000234B00937B6A224AF96A224807F044FE1F
:104940001A4B1B68DB6AFB62184B1B681B6BBB6254
:10495000164B1B685B6B7B62144B1B689B6B3B624B
:10496000D7E906014FF00002174B18F013FE02467C
:104970000B4614461D46D7E904014FF00002124BC6
:1049800018F008FE02460B46CDE90423CDE90245A6
:104990003B6A00937B6ABA6AF96A0C4807F014FE16
:1049A0007B685BB218463037BD46B0BD4C00002076
:1049B000E40902007C0902000000F03FFFFF6941AA
:1049C000FFFFCF002C0A020000005940540A0200E9
:1049D00080B58EB000AFF860B9607A603B6007F1D7
:1049E000200310220021184609F0F4FB2A4BBB6279
:1049F0004FF000024FF00003C7E9082300237B6358
:104A000090228C21254807F0DFFDBB68013304228A
:104A10002349184609F096FC0346002B0FD1214B81
:104A20001B685522C3F88C201F4B1B685B68184617
:104A300008F09CFF796B1D4807F0C6FD00BF0023FE
:104A40007B61E123BB610023FB61164B1B68002BDC
:104A500014BF01230023DBB2002B07D0114B1B68CE
:104A60001B687B610F4B1B685B68FB610C21104866
:104A700007F0AAFD07F114031846FEF779FE0D486A
:104A800007F0A2FD0C4807F09FFD7B685BB218465B
:104A90003837BD4680BD00BF40420F00900A02007B
:104AA000A80A02004C00002094000020C009020067
:104AB000B00A0200DC0A0200E00A02000000000066
:104AC00080B59EB002AFF860B9607A603B600023A9
:104AD0007B6200233B620023FB610023BB6107F183
:104AE00014031846FEF70EFE834B1B68002B0CBF09
:104AF00001230023DBB2002B05D0804807F064FDC2
:104B00007B685BB2EEE007F1200107F1240207F1B8
:104B10001803019307F11C0300930B467849B8680A
:104B200009F0F4F9034687F86F3097F96F30032BDB
:104B300019DD7B6ADBB23B753B6ADBB27B75FB69D7
:104B4000DBB2BB75BB69DBB2FB757A696A4B1B686C
:104B50001A67796A3A6AF869BB690093034669483B
:104B600007F032FD1CE097F96F30002B18DD7B6AEF
:104B7000DBB23B757B6ADBB27B757B6ADBB2BB75F4
:104B80007B6ADBB2FB757A695B4B1B681A67796AD3
:104B90007A6A786A7B6A009303465A4807F014FDE4
:104BA000554B1B681B6FFB6207F12C0207F12803B2
:104BB00011461846FEF7B3FDBB6A7B613B7D7B6205
:104BC0007B7D3B62BB7DFB61FB7DBB61796A3A6AA1
:104BD000F869BB69009303464B4807F0F5FC44A312
:104BE000D3E90023C7E918237B6A0133FB653B6ADD
:104BF0000133BB65FB6901337B65BB6901333B65F1
:104C0000F86D18F04DFC02460B46D7E9180118F074
:104C1000EBFD02460B46104619464FF000023B4B97
:104C200018F0E2FD02460B46C7E91223B86D18F0F2
:104C300037FC02460B46D7E9180118F0D5FD0246AD
:104C40000B46104619464FF00002304B18F0CCFDD1
:104C500002460B46C7E91023786D18F021FC024686
:104C60000B46D7E9180118F0BFFD02460B46104667
:104C700019464FF00002254B18F0B6FD02460B46D0
:104C8000C7E90E23386D18F00BFC02460B46D7E936
:104C9000180118F0A9FD02460B46104619464FF0C0
:104CA00000021A4B18F0A0FD02460B46C7E90C2380
:104CB000D7E91223F96D164807F086FCD7E91023CF
:104CC000B96D144807F080FCD7E90E23796D1248BE
:104CD00007F07AFCD7E90C23396D104807F074FC13
:104CE0007B685BB218467037BD4680BDAFF300806D
:104CF00000000000965198414C000020FC0A020080
:104D00004C0B02005C0B0200900B020000003040D4
:104D1000C80B0200140C0200600C0200B00C020070
:104D200080B592B002AFF860B9607A603B6007F17D
:104D300028031846FEF744FC07F124031846FEF743
:104D400075FC00233B620023FB61444B1B68002B76
:104D50000CBF01230023DBB2002B05D0404807F035
:104D600033FC7B685BB274E007F11C0107F12002A1
:104D700007F11403019307F1180300930B46394917
:104D8000B86809F0C3F8034687F83F3097F93F3019
:104D9000012B14DD3B6A9BB23B85FB699BB27B8593
:104DA000314807F011FC07F128031846FEF724FCF0
:104DB0002E4807F009FCBA6A284B1B685A6297F91B
:104DC0003F30032B14DDBB699BB2BB847B699BB274
:104DD000FB84274807F0F8FB07F124031846FEF789
:104DE00041FC224807F0F0FB7A6A1C4B1B689A6270
:104DF0001A4B1B685B6A3B6307F1300207F12C0317
:104E000011461846FEF7E9FBFB6ABB62134B1B68B1
:104E10009B6ABB6307F1380207F134031146184659
:104E2000FEF711FC7B6B7B62124807F0CDFB07F1AC
:104E300028031846FEF7E0FB0F4807F0C5FB07F113
:104E400024031846FEF70EFC084807F0BDFB7B68FC
:104E50005BB218464037BD4680BD00BF4C00002005
:104E6000000D02004C0B0200500D0200DC0A020093
:104E7000740D02009C0D0200BC0D020080B584B0D0
:104E800000AFF860B9607A603B60064807F09CFBB1
:104E9000054807F099FB7B685BB218461037BD46A2
:104EA00080BD00BFC00D02004006020080B58CB07E
:104EB00002AFF860B9607A603B6000233B62002378
:104EC00087F8273007F1180107F1200207F11703CF
:104ED00000930B465249B86809F018F8034687F862
:104EE000263097F92630032B57DD97F91730592BC9
:104EF0000FD097F91730792B0BD097F91730542B27
:104F000007D097F91730742B03D097F91730312B4E
:104F100002D1012387F82730396A97F82730002B10
:104F200001D0592300E04E231A463E4807F04CFBBF
:104F30003B6A032B26D801A252F823F04D4F000004
:104F40005B4F0000694F0000774F000097F8273053
:104F500019463548FEF7F2FB19E097F82730194655
:104F60003248FEF7EBFB12E097F82730194630483D
:104F7000FEF7E4FB0BE097F8273019462D48FEF7C3
:104F8000DDFB04E03B6A19462B4807F01DFBB868BF
:104F900009F0A2FC03465BB23EE097F926301946C1
:104FA000264807F011FB2048FEF7D6FB0346002BEE
:104FB00001D0592300E04E231946214807F004FB95
:104FC0001A48FEF7C9FB0346002B01D0592300E025
:104FD0004E2319461B4807F0F7FA1548FEF7BCFBAD
:104FE0000346002B01D0592300E04E2319461648F2
:104FF00007F0EAFA0F48FEF7AFFB0346002B01D09B
:10500000592300E04E231946104807F0DDFAB8682E
:1050100009F062FC03465BB218462837BD4680BDE6
:10502000E80D0200F80D0200F01A0020081B002015
:10503000201B0020381B00202C0E0200640E0200F2
:10504000B40E0200E40E0200140F0200440F02002E
:1050500080B5A2B010AFF860B9607A603B6007F12C
:1050600028031846FEF798FB002387F847300023F3
:1050700087F84630002387F84530002387F844300E
:10508000002387F84330002387F84230002387F855
:105090004130002387F84030002387F83F30002359
:1050A00087F83E30002387F83D30002387F83C30F6
:1050B000002387F83B30002387F83A30002387F835
:1050C0003930002387F83830002387F83730074B12
:1050D0001B68002B0CBF01230023DBB2002B09D07F
:1050E000034807F071FA7B685BB273E24C00002062
:1050F000740F020007F1260107F1270207F11703D9
:105100000E9307F118030D9307F119030C9307F1A0
:105110001A030B9307F11B030A9307F11C0309936E
:1051200007F11D03089307F11E03079307F11F03FF
:10513000069307F12003059307F12103049307F178
:105140002203039307F12303029307F1240301933E
:1051500007F1250300930B46B149B86808F0D6FE65
:10516000034687F8363097F93630002B40F3178224
:1051700097F92730592B0FD097F92730792B0BD07F
:1051800097F92730542B07D097F92730742B03D089
:1051900097F92730312B02D1012387F8473097F94F
:1051A0002630592B0FD097F92630792B0BD097F951
:1051B0002630542B07D097F92630742B03D097F95B
:1051C0002630312B02D1012387F8463097F925305C
:1051D000592B0FD097F92530792B0BD097F9253023
:1051E000542B07D097F92530742B03D097F925302D
:1051F000312B02D1012387F8453097F92430592B00
:105200000FD097F92430792B0BD097F92430542BF9
:1052100007D097F92430742B03D097F92430312B21
:1052200002D1012387F8443097F92330592B0FD04E
:1052300097F92330792B0BD097F92330542B07D0D3
:1052400097F92330742B03D097F92330312B02D1F7
:10525000012387F8433097F92230592B0FD097F963
:105260002230792B0BD097F92230542B07D097F9A5
:105270002230742B03D097F92230312B02D1012335
:1052800087F8423097F92130592B0FD097F9213008
:10529000792B0BD097F92130542B07D097F9213077
:1052A000742B03D097F92130312B02D1012387F8D9
:1052B000413097F92030592B0FD097F92030792BB6
:1052C0000BD097F92030542B07D097F92030742B4E
:1052D00003D097F92030312B02D1012387F84030D9
:1052E00097F91F30592B0FD097F91F30792B0BD01E
:1052F00097F91F30542B07D097F91F30742B03D028
:1053000097F91F30312B02D1012387F83F3097F9ED
:105310001E30592B0FD097F91E30792B0BD097F9EF
:105320001E30542B07D097F91E30742B03D097F9F9
:105330001E30312B02D1012387F83E3097F91D3002
:10534000592B0FD097F91D30792B0BD097F91D30C1
:10535000542B07D097F91D30742B03D097F91D30CB
:10536000312B02D1012387F83D3097F91C30592B9E
:105370000FD097F91C30792B0BD097F91C30542B98
:1053800007D097F91C30742B03D097F91C30312BC0
:1053900002D1012387F83C3097F91B30592B0FD0ED
:1053A00097F91B30792B0BD097F91B30542B07D072
:1053B00097F91B30742B03D097F91B30312B02D196
:1053C000012387F83B3097F91A30592B0FD097F902
:1053D0001A30792B0BD097F91A30542B07D097F944
:1053E0001A30742B03D097F91A30312B02D10123D4
:1053F00087F83A3097F91930592B13D097F91930AB
:10540000792B0FD097F91930542B0BD097F919300D
:10541000742B07D097F91930312B06D102E000BF69
:10542000B00F0200012387F8393097F91830592B53
:105430000FD097F91830792B0BD097F91830542BDF
:1054400007D097F91830742B03D097F91830312B07
:1054500002D1012387F8383097F91730592B0FD034
:1054600097F91730792B0BD097F91730542B07D0B9
:1054700097F91730742B03D097F91730312B02D1DD
:10548000012387F8373097F8293097F8472062F3DF
:10549000451387F8293097F8293097F8462062F3AA
:1054A000861387F8293097F8293097F8452062F35A
:1054B000C71387F8293097F82B3097F8442062F308
:1054C000861387F82B3097F82B3097F8432062F338
:1054D000C71387F82B3097F82A3097F8422062F3E9
:1054E000000387F82A3097F82A3097F8412062F3B2
:1054F000410387F82A3097F82A3097F8402062F362
:10550000820387F82A3097F82A3097F83F2062F311
:10551000C30387F82A3097F82A3097F83E2062F3C1
:10552000041387F82A3097F82A3097F83D2062F361
:10553000861387F82A3097F82B3097F83C2062F3CF
:10554000000387F82B3097F82B3097F83B2062F355
:10555000410387F82B3097F82B3097F83A2062F305
:10556000820387F82B3097F82B3097F8392062F3B5
:10557000C30387F82B3097F82B3097F8382062F365
:10558000041387F82B3097F82B3097F8372062F305
:10559000451387F82B30BA6A104B1B681A620F4B01
:1055A0001B681B6A3B6307F1300207F12C031146AD
:1055B0001846FEF7FEF8FB6ABB62094807F004F8DC
:1055C00007F128031846FEF703F9B86809F084F9D3
:1055D00003465BB218464837BD4680BD4C000020EC
:1055E000F40F020080B58CB000AFF860B9607A604B
:1055F0003B6007F118031846FEF7CEF83D4B1B68D9
:10560000002B0CBF01230023DBB2002B05D03A484E
:1056100006F0DAFF7B685BB267E0002387F82F3083
:1056200007F117031A463549B86808F06FFC0346BE
:1056300087F82E3097F92E30002B3BDD97F9173085
:10564000592B0FD097F91730792B0BD097F91730CA
:10565000542B07D097F91730742B03D097F91730D4
:10566000312B02D1012387F82F30224B1B681B6A94
:105670003B6207F1200207F11C0311461846FEF7B2
:1056800098F8FB69BB61FB7E97F82F2062F3C30398
:10569000FB76BA69174B1B681A6297F82F30002BFC
:1056A00001D0312300E0302397F917201946144820
:1056B00006F08AFF0F4B1B681B6ABB6207F12802CA
:1056C00007F1240311461846FEF773F87B6ABB61A5
:1056D000FB7EC3F3C003DBB219460A4806F074FF31
:1056E000B86809F0F9F803465BB218463037BD4692
:1056F00080BD00BF4C0000202010020050100200AE
:10570000541002007010020080B58CB000AFF86039
:10571000B9607A603B6007F118031846FEF73CF861
:10572000444B1B68002B0CBF01230023DBB2002B72
:1057300005D0414806F048FF7B685BB276E0002365
:1057400087F82F3007F117031A463C49B86808F06C
:10575000DDFB034687F82E3097F92E30002B4ADD0B
:1057600097F91730592B0FD097F91730792B0BD0A9
:1057700097F91730542B07D097F91730742B03D0B3
:1057800097F91730312B02D1012387F82F30294B9D
:105790001B681B6A3B6207F1200207F11C031146DC
:1057A0001846FEF706F8FB69BB6197F82F30002B0F
:1057B00008D0FB7E23F00203FB76FB7E43F004035C
:1057C000FB7607E0FB7E43F00203FB76FB7E23F0D3
:1057D0000403FB76BA69174B1B681A6297F82F30DF
:1057E000002B01D0312300E0302397F91720194610
:1057F000134806F0E9FE0F4B1B681B6ABB6207F1FA
:10580000280207F1240311461846FDF7D2FF7B6AF0
:10581000BB61FB7EC3F38003DBB21946094806F087
:10582000D3FEB86809F058F803465BB21846303723
:10583000BD4680BD4C0000209410020050100200B4
:10584000C8100200E410020080B586B000AFF86016
:10585000B9607A603B6000233B611B4B1B68002BE7
:105860000CBF01230023DBB2002B05D0174806F044
:10587000ABFE7B685BB222E007F110031A461449C5
:10588000B86808F043FB0346FB7597F91730002B07
:1058900009DD3B693A6919460E4806F095FE3A69FA
:1058A000094B1B689A61084B1B689B693B613B690C
:1058B0003A691946084806F087FE7B685BB21846CD
:1058C0001837BD4680BD00BF4C0000200811020003
:1058D00054110200581102008811020080B58AB0EC
:1058E00000AFF860B9607A603B6007F118031846B2
:1058F000FDF7D2FE00237B61274B1B68002B0CBFFA
:1059000001230023DBB2002B05D0244806F05CFE07
:105910007B685BB23CE007F114031A462049B86883
:1059200008F0F4FA034687F8273097F92730002B60
:1059300012DD7B699BB23B831A4806F045FE07F1F6
:1059400018031846FDF7C4FE174806F03DFEBA6975
:10595000114B1B68C3F8CC200F4B1B68D3F8CC301D
:105960003B6207F1200207F11C0311461846FDF7C0
:10597000A0FEFB69BB610D4806F026FE07F1180387
:105980001846FDF7A5FE084806F01EFE7B685BB2D0
:1059900018462837BD4680BD4C000020B0110200DB
:1059A0005411020004120200DC0A0200301202004C
:1059B00080B485B000AFF860B9607A603B60FB6886
:1059C000BA681A60FB687A685A60FB683A689A603D
:1059D000FB6818461437BD4680BC704798B500AFC9
:1059E0002C4C2D4B2D4A41F201012046FFF7E0FFE0
:1059F0000C34294B2A4A01212046FFF7D9FF0C34E9
:105A0000284B294A42F202012046FFF7D1FF0C340D
:105A1000264B274A42F203012046FFF7C9FF0C3408
:105A2000244B254A42F204012046FFF7C1FF0C3403
:105A3000224B234A42F205012046FFF7B9FF0C34FE
:105A4000204B214A42F206012046FFF7B1FF0C34F9
:105A50001E4B1F4A42F207012046FFF7A9FF0C34F4
:105A60001C4B1D4A42F208012046FFF7A1FF0C34EF
:105A70001A4B1B4A42F209012046FFF799FF04F135
:105A80000C00184B184A42F20A01FFF791FF00BFC1
:105A900098BD00BF641A002039610000881302001D
:105AA000A0130200B5610000C4130200556200009B
:105AB000DC13020031630000F413020021650000D2
:105AC00018140200E16700003C140200916E00000F
:105AD00054140200256F000070140200B96F00001A
:105AE0008C1402004D700000A814020080B500AFB5
:105AF000FFF774FF80BD000080B582B000AF786012
:105B000039607B681B68184617F0DAFC3B68D3E9FC
:105B1000002317F03FFD02460B46104619464FF092
:105B20000002054B17F060FE02460B461046194670
:105B30000837BD4680BD00BF00005E410000000088
:105B400080B584B000AF7860396011A3D3E9002339
:105B5000C7E9022307F1080319463868FFF7CCFFAD
:105B60007B68D3E9002317F015FD02460B4610466B
:105B700019467B68D3E9022317F056FB02460B4611
:105B8000104619461037BD4680BD00BFAFF30080F8
:105B9000FCA9F1D24D62104080B582B000AF7860B0
:105BA0007B68043319460548FFF7CAFF02460B46D7
:105BB000104619460837BD4680BD00BF105E002064
:105BC00080B582B000AF78607B680833194605481D
:105BD000FFF7B6FF02460B46104619460837BD468A
:105BE00080BD00BF205E002080B582B000AF78602D
:105BF0007B680C3319460548FFF7A2FF02460B46A7
:105C0000104619460837BD4680BD00BF305E0020F3
:105C100080B582B000AF78607B68103319460548C4
:105C2000FFF78EFF02460B46104619460837BD4661
:105C300080BD00BF405E002080B582B000AF7860BC
:105C40007B68143319460548FFF77AFF02460B4676
:105C5000104619460837BD4680BD00BF505E002083
:105C600080B582B000AF78607B681833194605486C
:105C7000FFF766FF02460B46104619460837BD4639
:105C800080BD00BF605E002080B582B000AF78604C
:105C90007B681C3319460548FFF752FF02460B4646
:105CA000104619460837BD4680BD00BF705E002013
:105CB00080B582B000AF78607B6820331946054814
:105CC000FFF73EFF02460B46104619460837BD4611
:105CD00080BD00BF805E002080B582B000AF7860DC
:105CE0007B68243319460548FFF72AFF02460B4616
:105CF000104619460837BD4680BD00BF905E0020A3
:105D000080B582B000AF78607B68283319460548BB
:105D1000FFF716FF02460B46104619460837BD46E8
:105D200080BD00BFA05E002080B582B000AF78606B
:105D30007B682C3319460548FFF702FF02460B46E5
:105D4000104619460837BD4680BD00BFB05E002032
:105D500080B582B000AF78607B6830331946054863
:105D6000FFF7EEFE02460B46104619460837BD46C1
:105D700080BD00BFC05E002080B582B000AF7860FB
:105D80007B68343319460548FFF7DAFE02460B46B6
:105D9000104619460837BD4680BD00BFD05E0020C2
:105DA00080B582B000AF78607B683833194605480B
:105DB000FFF7C6FE02460B46104619460837BD4699
:105DC00080BD00BFE05E002080B582B000AF78608B
:105DD0007B683C3319460548FFF7B2FE02460B4686
:105DE000104619460837BD4680BD00BFF05E002052
:105DF00080B582B000AF78607B68403319460548B3
:105E0000FFF79EFE02460B46104619460837BD4670
:105E100080BD00BF005F002080B582B000AF786019
:105E20007B68443319460548FFF78AFE02460B4655
:105E3000104619460837BD4680BD00BF105F0020E0
:105E400080B582B000AF78607B684833194605485A
:105E5000FFF776FE02460B46104619460837BD4648
:105E600080BD00BF205F002080B582B000AF7860A9
:105E70007B684C3319460548FFF762FE02460B4625
:105E8000104619460837BD4680BD00BF305F002070
:105E900080B582B000AF78607B6850331946054802
:105EA000FFF74EFE02460B46104619460837BD4620
:105EB00080BD00BF405F002080B582B000AF786039
:105EC0007B68543319460548FFF73AFE02460B46F5
:105ED000104619460837BD4680BD00BF505F002000
:105EE00080B582B000AF78607B68583319460548AA
:105EF000FFF726FE02460B46104619460837BD46F8
:105F000080BD00BF605F002080B582B000AF7860C8
:105F10007B685C3319460548FFF712FE02460B46C4
:105F2000104619460837BD4680BD00BF705F00208F
:105F300080B582B000AF78607B6860331946054851
:105F4000FFF7FEFD02460B46104619460837BD46D0
:105F500080BD00BF805F002080B582B000AF786058
:105F60007B68643319460548FFF7EAFD02460B4695
:105F7000104619460837BD4680BD00BF905F00201F
:105F800080B582B000AF78607B68683319460548F9
:105F9000FFF7D6FD02460B46104619460837BD46A8
:105FA00080BD00BFA05F002080B582B000AF7860E8
:105FB0007B686C3319460548FFF7C2FD02460B4665
:105FC000104619460837BD4680BD00BFB05F0020AF
:105FD00080B582B000AF78607B68703319460548A1
:105FE000FFF7AEFD02460B46104619460837BD4680
:105FF00080BD00BFC05F002080B582B000AF786078
:106000007B68743319460548FFF79AFD02460B4634
:10601000104619460837BD4680BD00BFD05F00203E
:1060200080B582B000AF78607B6878331946054848
:10603000FFF786FD02460B46104619460837BD4657
:1060400080BD00BFE05F002080B582B000AF786007
:106050007B687C3319460548FFF772FD02460B4604
:10606000104619460837BD4680BD00BFF05F0020CE
:1060700080B582B000AF78607B68803319460548F0
:10608000FFF75EFD02460B46104619460837BD462F
:1060900080BD00BF0060002080B582B000AF786096
:1060A0007B68843319460548FFF74AFD02460B46D4
:1060B000104619460837BD4680BD00BF106000205D
:1060C00080B582B000AF78607B6888331946054898
:1060D000FFF736FD02460B46104619460837BD4607
:1060E00080BD00BF2060002080B582B000AF786026
:1060F0007B688C3319460548FFF722FD02460B46A4
:10610000104619460837BD4680BD00BF30600020EC
:1061100080B582B000AF78607B689033194605483F
:10612000FFF70EFD02460B46104619460837BD46DE
:1061300080BD00BF4060002080B58AB002AFF8602B
:10614000B9607A603B6000237B61E123BB6100237F
:10615000FB61164B1B68002B14BF01230023DBB22D
:10616000002B07D0114B1B681B687B610F4B1B6812
:106170005B68FB610C210E4807F0D2FD07F11403A8
:106180001846FDF7F5FA0A2007F05EFE07F1140342
:106190000C220092002241F20101386806F080F9D9
:1061A0007B685BB218462037BD4680BD4C0000209E
:1061B0007018020080B58AB002AFF860B9607A60EA
:1061C0003B607B680B2B1DD9BB68FB61FB691968C1
:1061D000FB6904331A68FB6908331B681A4807F027
:1061E0009FFDFB691A68194B1B68DA62FB6904336F
:1061F0001A68164B1B681A63FB6908331A68134B3D
:106200001B685A63114B1B68DB6A3B610F4B1B68B1
:106210001B6B7B610D4B1B685B6BBB6139697A69DA
:10622000BB690B4807F07CFD07F110030C220092BC
:10623000002242F20201386806F032F97B685BB254
:1062400018462037BD4680BDA81802004C0000202B
:10625000E4180200B0B590B002AFF860B9607A609F
:106260003B6007F1140302241D4604E02846FDF7B5
:1062700046F9013C0835002CF8DA2B4B1B68C83373
:1062800001221A70284B1B68DA6B7B6962F31F03CB
:106290007B61254B1B681B6CFB6207F12C0207F12D
:1062A000140311461846FDF743F91F4B1B685A6C3F
:1062B000FB6962F31F03FB611B4B1B689B6C3B6319
:1062C00007F1300207F11403083311461846FDF7B1
:1062D0002FF9154B1B68DA6C7B6A62F31F037B6234
:1062E000114B1B681B6D7B6307F1340207F114032C
:1062F000103311461846FDF71BF97969FA697B6A74
:106300000A4807F00DFD07F114031822009200223D
:1063100042F20301386806F0C3F87B685BB21846A6
:106320003837BD46B0BD00BF4C0000202019020028
:10633000B0B598B004AFF860B9607A603B60796836
:10634000734807F0EDFC734B1B68C83301221A70C9
:1063500007F120031846FDF7D2F807F11803184695
:10636000FDF7CDF807F110031846FDF7C8F8694BA3
:106370001B68DA6B3B6A62F31F033B62654B1B6869
:106380001B6C7B6407F1440207F120031146184699
:10639000FDF7CEF85F4B1B685A6CBB6962F31F03B5
:1063A000BB615C4B1B689B6CBB6407F1480207F147
:1063B000180311461846FDF7BBF8564B1B68DA6CFC
:1063C0003B6962F31F033B61524B1B681B6DFB640F
:1063D00007F14C0207F1100311461846FDF7A8F823
:1063E0003B6A184617F06CF804460D46B7F926309C
:1063F000184617F065F802460B462046294617F066
:10640000F3F902460B46104619463FA3D3E9002391
:1064100017F0C0F802460B46104619464FF000022E
:106420003D4B17F0E1F902460B46C7E90A23BB6969
:10643000184617F045F804460D46B7F91E301846C1
:1064400017F03EF802460B462046294617F0CCF9D5
:1064500002460B46104619462BA3D3E9002317F03A
:1064600099F802460B46104619464FF000022A4B97
:1064700017F0BAF902460B46C7E90C233B691846E8
:1064800017F01EF804460D46B7F91630184617F0F7
:1064900017F802460B462046294617F0A5F9024692
:1064A0000B461046194618A3D3E9002317F072F8DB
:1064B00002460B46104619464FF00002164B17F0E5
:1064C00093F902460B46C7E90E23D7E90A45D7E9F7
:1064D0000C23D7E90E01CDE90201CDE900232246C4
:1064E0002B460E4807F01CFC07F1280318220092E7
:1064F000002242F20401386805F0D2FF7B685BB2EB
:1065000018465037BD46B0BDFCA9F1D24D621040CF
:10651000541902004C000020000060418019020064
:1065200080B59CB00AAFF860B9607A603B604FF00C
:1065300000024FF00003C7E910234FF000024FF0B4
:106540000003C7E90E234FF000024FF00003C7E934
:106550000C230023FB620023BB6200237B627B6869
:10656000172B40F2AC80BB683B623B6AD3E9002347
:10657000C7E910233B6A0833D3E90023C7E90E2398
:106580003B6A1033D3E90023C7E90C234FF0604284
:106590008D4BD7E9100116F0FDFF02460B46104661
:1065A00019464FF00002894B16F0F4FF02460B46E5
:1065B0001046194682A3D3E9002317F015F90246C5
:1065C0000B461046194617F0BDFA0346FB624FF022
:1065D00060427D4BD7E90E0116F0DCFF02460B4608
:1065E000104619464FF00002784B16F0D3FF0246D2
:1065F0000B461046194672A3D3E9002317F0F4F8AE
:1066000002460B461046194617F09CFA0346BB6239
:106610004FF060426C4BD7E90C0116F0BBFF02460D
:106620000B46104619464FF00002684B16F0B2FFB9
:1066300002460B461046194661A3D3E9002317F022
:10664000D3F802460B461046194617F07BFA03466C
:106650007B627B6A0893D7E90C23CDE90623BB6AEA
:106660000493D7E90E23CDE90223FB6A0093D7E90F
:106670001023574807F054FB3B6AD3E90023104628
:10668000194617F05FFA0246524B1B68DA623B6A02
:106690000833D3E900231046194617F053FA02468F
:1066A0004C4B1B681A633B6A1033D3E90023104636
:1066B000194617F047FA0246464B1B685A63454B8A
:1066C0001B68DB6AFB62434B1B681B6BBB62414B65
:1066D0001B685B6B7B62F86A16F0E2FE38A3D3E9B5
:1066E000002316F057FF02460B46104619464FF09E
:1066F0006242394B17F078F802460B46C7E910237F
:10670000B86A16F0CDFE2EA3D3E9002316F042FF9F
:1067100002460B46104619464FF062422E4B17F0C8
:1067200063F802460B46C7E90E23786A16F0B8FEF6
:1067300023A3D3E9002316F02DFF02460B46104693
:1067400019464FF06242244B17F04EF802460B46B2
:10675000C7E90C23D7E9100117F0F4F903467B6170
:10676000D7E90E0117F0EEF90346BB61D7E90C013A
:1067700017F0E8F90346FB617B6A0893D7E90C231D
:10678000CDE90623BB6A0493D7E90E23CDE90223A2
:10679000FB6A0093D7E91023104807F0C1FA07F10C
:1067A000140318220092002242F20501386805F015
:1067B00077FE7B685BB218464837BD4680BD00BF98
:1067C000FCA9F1D24D621040FFFF6F4100004E4026
:1067D000C41902004C000020FFFFCD41141A020032
:1067E00090B5CFB002AF07F59874A4F5927420600D
:1067F00007F59870A0F59470016007F59871A1F500
:1068000096710A6007F59872A2F598721360C848ED
:10681000FFF7C2F902460B4607F59871A1F5907192
:10682000C1E90023C248FFF7CBF902460B4607F542
:106830009871A1F59071C1E90223BD48FFF7D4F921
:1068400002460B4607F59871A1F59071C1E9042342
:10685000B748FFF7DDF902460B4607F59871A1F539
:106860009071C1E90623B248FFF7E6F902460B46EC
:1068700007F59871A1F59071C1E90823AC48FFF7BD
:10688000EFF902460B4607F59871A1F59071C1E941
:106890000A23A748FFF7F8F902460B4607F5987157
:1068A000A1F59071C1E90C23A148FFF701FA024656
:1068B0000B4607F59871A1F59071C1E90E239C482C
:1068C000FFF70AFA02460B4607F59871A1F5907199
:1068D000C1E910239648FFF713FA02460B4607F565
:1068E0009871A1F59071C1E912239148FFF71CFA44
:1068F00002460B4607F59871A1F59071C1E9142382
:106900008B48FFF725FA02460B4607F59871A1F56B
:106910009071C1E916238648FFF72EFA02460B460E
:1069200007F59871A1F59071C1E918238048FFF728
:1069300037FA02460B4607F59871A1F59071C1E947
:106940001A237B48FFF740FA02460B4607F5987179
:10695000A1F59071C1E91C237548FFF749FA024679
:106960000B4607F59871A1F59071C1E91E23704897
:10697000FFF752FA02460B4607F59871A1F59071A0
:10698000C1E920236A48FFF75BFA02460B4607F588
:106990009871A1F59071C1E922236548FFF764FA67
:1069A00002460B4607F59871A1F59071C1E92423C1
:1069B0005F48FFF76DFA02460B4607F59871A1F59F
:1069C0009071C1E926235A48FFF776FA02460B4632
:1069D00007F59871A1F59071C1E928235448FFF794
:1069E0007FFA02460B4607F59871A1F59071C1E94F
:1069F0002A234F48FFF788FA02460B4607F598719D
:106A0000A1F59071C1E92C234948FFF791FA02469C
:106A10000B4607F59871A1F59071C1E92E23444802
:106A2000FFF79AFA02460B4607F59871A1F59071A7
:106A3000C1E930233E48FFF7A3FA02460B4607F5AB
:106A40009871A1F59071C1E932233948FFF7ACFA8A
:106A500002460B4607F59871A1F59071C1E9342300
:106A60003348FFF7B5FA02460B4607F59871A1F5D2
:106A70009071C1E936232E48FFF7BEFA02460B4655
:106A800007F59871A1F59071C1E938232848FFF7FF
:106A9000C7FA02460B4607F59871A1F59071C1E956
:106AA0003A232348FFF7D0FA02460B4607F59871C0
:106AB000A1F59071C1E93C231D48FFF7D9FA0246C0
:106AC0000B4607F59871A1F59071C1E93E2318486E
:106AD000FFF7E2FA02460B4607F59871A1F59071AF
:106AE000C1E940231248FFF7EBFA02460B4607F5CF
:106AF0009871A1F59071C1E942230D48FFF7F4FAAE
:106B000002460B4607F59871A1F59071C1E944233F
:106B10000748FFF7FDFA02460B4607F59871A1F505
:106B20009071C1E94623034807F0E8F904E000BF8B
:106B3000705C0020641A020007F59873A3F5907347
:106B4000D3E90023AD4805F03FFD07F59873A3F5A1
:106B50009073D3E90223AA4805F036FD07F5987330
:106B6000A3F59073D3E90423A64805F02DFD07F59E
:106B70009873A3F59073D3E90623A34805F024FD89
:106B800007F59873A3F59073D3E908239F4805F0A0
:106B90001BFD07F59873A3F59073D3E90A239C486E
:106BA00005F012FD07F59873A3F59073D3E90C2354
:106BB000984805F009FD07F59873A3F59073D3E99C
:106BC0000E23954805F000FD07F59873A3F5907323
:106BD000D3E91023914805F0F7FC07F59873A3F566
:106BE0009073D3E912238E4805F0EEFC07F59873F5
:106BF000A3F59073D3E914238A4805F0E5FC07F563
:106C00009873A3F59073D3E91623874805F0DCFC4D
:106C100007F59873A3F59073D3E91823834805F01B
:106C2000D3FC07F59873A3F59073D3E91A23804832
:106C300005F0CAFC07F59873A3F59073D3E91C23FC
:106C40007C4805F0C1FC07F59873A3F59073D3E970
:106C50001E23794805F0B8FC07F59873A3F59073E7
:106C6000D3E92023754805F0AFFC07F59873A3F529
:106C70009073D3E92223724805F0A6FC07F59873B8
:106C8000A3F59073D3E924236E4805F09DFC07F526
:106C90009873A3F59073D3E926236B4805F094FC11
:106CA00007F59873A3F59073D3E92823674805F097
:106CB0008BFC07F59873A3F59073D3E92A236448F6
:106CC00005F082FC07F59873A3F59073D3E92C23A4
:106CD000604805F079FC07F59873A3F59073D3E944
:106CE0002E235D4805F070FC07F59873A3F59073AB
:106CF000D3E93023594805F067FC07F59873A3F5ED
:106D00009073D3E93223564805F05EFC07F598737B
:106D1000A3F59073D3E93423524805F055FC07F5E9
:106D20009873A3F59073D3E936234F4805F04CFCD4
:106D300007F59873A3F59073D3E938234B4805F012
:106D400043FC07F59873A3F59073D3E93A234848B9
:106D500005F03AFC07F59873A3F59073D3E93C234B
:106D6000444805F031FC07F59873A3F59073D3E917
:106D70003E23414805F028FC07F59873A3F590736E
:106D8000D3E940233D4805F01FFC07F59873A3F5B0
:106D90009073D3E942233A4805F016FC07F598733F
:106DA000A3F59073D3E94423364805F00DFC07F5AD
:106DB0009873A3F59073D3E94623334805F004FC98
:106DC000324807F09BF807F1100307F59872A2F517
:106DD00098704FF490720092002242F2060100680F
:106DE00005F05EFB07F59873A3F596731B685BB21D
:106DF000184607F59A77BD4690BD00BF901A02006D
:106E0000A01A0200B01A0200C01A0200D01A020032
:106E1000E01A0200F01A0200041B0200181B020014
:106E20002C1B0200401B0200541B0200681B0200C6
:106E30007C1B0200901B0200A41B0200B81B020076
:106E4000CC1B0200E01B0200F01B0200001C020031
:106E5000101C0200241C0200341C0200441C02000E
:106E6000581C0200681C02007C1C02008C1C0200E2
:106E70009C1C0200B01C0200C01C0200D01C0200BE
:106E8000E41C0200F41C0200041D0200181D020094
:106E900080B58AB002AFF860B9607A603B607B6809
:106EA000032B0FD9BB68FB611A4806F039FFF8695C
:106EB000FCF78EFC184807F021F8FB691A68174B9D
:106EC0001B681A62154B1B681B6ABB6107F118022D
:106ED00007F1140311461846FCF76BFC104806F046
:106EE0001FFF07F114031846FCF772FC0A4807F06D
:106EF00005F807F1140304220092002242F2070170
:106F0000386805F0CDFA7B685BB218462037BD467D
:106F100080BD00BF401D02006C1D02004C0000201F
:106F2000701D020080B58AB002AFF860B9607A6067
:106F30003B607B68032B0FD9BB68FB611A4806F0E6
:106F4000EFFEF869FCF758FB184806F0D7FFFB691D
:106F50001A68174B1B685A62154B1B685B6ABB614A
:106F600007F1180207F1140311461846FCF735FB28
:106F7000104806F0D5FE07F114031846FCF73CFB59
:106F80000A4806F0BBFF07F1140304220092002216
:106F900042F20801386805F083FA7B685BB2184654
:106FA0002037BD4680BD00BF9C1D02006C1D020045
:106FB0004C000020C41D020080B58AB002AFF8600A
:106FC000B9607A603B607B68032B0FD9BB68FB61BB
:106FD0001A4806F0A5FEF869FCF744FB184806F0CD
:106FE0008DFFFB691A68174B1B689A62154B1B686B
:106FF0009B6ABB6107F1180207F11403114618469A
:10700000FCF721FB104806F08BFE07F1140318462D
:10701000FCF728FB0A4806F071FF07F1140304226D
:107020000092002242F20901386805F039FA7B68C3
:107030005BB218462037BD4680BD00BFEC1D020084
:107040006C1D02004C000020181E020080B58AB0A2
:1070500002AFF860B9607A603B607B68032B10D99F
:10706000BB68FB611B4806F05BFEF869FCF730FB70
:10707000194806F043FFFB691A68184B1B68C3F8F0
:10708000CC20164B1B68D3F8CC30BB6107F118023B
:1070900007F1140311461846FCF70BFB104806F0E5
:1070A0003FFE07F114031846FCF712FB0A4806F0EE
:1070B00025FF07F1140304220092002242F20A0184
:1070C000386805F0EDF97B685BB218462037BD469D
:1070D00080BD00BF401E02006C1D02004C0000205D
:1070E000681E020080B483B000AF7860044A7B68F9
:1070F0001A607B6818460C37BD4680BC704700BFDD
:107100008027020080B483B000AF7860044A7B68B7
:107110001A607B6818460C37BD4680BC704700BFBC
:107120008027020080B582B000AF78607868FFF7F2
:10713000E9FF0421786805F0F6FD7B6818460837FA
:10714000BD4680BD80B582B000AF78607B681846D0
:10715000FFF7C8FF034A7B681A607B681846083748
:10716000BD4680BD5027020080B582B000AF786078
:10717000054A7B681A607B681846FFF7C3FF7B6887
:1071800018460837BD4680BD5027020080B582B042
:1071900000AF78607868FFF7E7FF0421786805F0B2
:1071A000C2FD7B6818460837BD4680BD80B586B0F5
:1071B00000AFF860B9607A6000237B610EE0FB6885
:1071C0001B6810331B68F86898470346D8B2BA6842
:1071D0007B69591C7961134402461A707A697B688D
:1071E0009A420AD2FB681B680C331B68F868984700
:1071F0000346002B01D0012300E00023002BDED149
:107200007B6918461837BD4680BD80B586B000AF93
:10721000F860B9607A6000237B6114E0BA687B692A
:1072200013441B78002B13D0FB681B6814331B68B6
:10723000B9687A690A44127852B21146F8689847D8
:107240007B6901337B617A697B689A42E6D300E00F
:1072500000BF00BF1837BD4680BD000080B483B0BA
:1072600000AF78603960064A7B681A607B683A68CC
:107270005A607B6818460C37BD4680BC704700BF1B
:107280003C27020080B483B000AF7860044A7B687A
:107290001A607B6818460C37BD4680BC704700BF3B
:1072A0003C27020080B582B000AF78607868FFF7B5
:1072B000E9FF0821786805F036FD7B681846083735
:1072C000BD4680BD80B483B000AF786039603B6854
:1072D0001A687B68D1B2002001431970110AC9B243
:1072E000002001435970110CC9B20020014399706C
:1072F000120E00210A43DA707B6818460C37BD462F
:1073000080BC704780B483B000AF786039603B6860
:107310001A687B681A607B6818460C37BD4680BCCB
:107320007047000080B483B000AF7860044A7B6887
:107330001A607B6818460C37BD4680BC704700BF9A
:10734000B026020080B483B000AF7860044A7B6846
:107350001A607B6818460C37BD4680BC704700BF7A
:10736000B026020080B582B000AF78607868FFF781
:10737000E9FF0421786805F0D6FC7B6818460837D9
:10738000BD4680BD80B483B000AF7860044A7B689E
:107390001A607B6818460C37BD4680BC704700BF3A
:1073A0009026020080B483B000AF7860044A7B6806
:1073B0001A607B6818460C37BD4680BC704700BF1A
:1073C0009026020080B582B000AF78607868FFF741
:1073D000E9FF0421786805F0A6FC7B6818460837A9
:1073E000BD4680BD80B485B000AFF860B9607A60FA
:1073F00000BF1437BD4680BC704780B485B000AF75
:10740000F860B9607A6000BF1437BD4680BC704731
:1074100080B485B000AFF860B9607A6000BF1437FF
:10742000BD4680BC704780B485B000AFF860B960DD
:107430007A6000BF1437BD4680BC704780B584B009
:1074400000AFF860B9607A603B60FB68B9681846C5
:10745000FFF704FF2F4AFB681A60FB6800229A605E
:10746000FB6803F5805300229A81FB6803F5805383
:107470001A467B681361FB6803F580531A463B6824
:107480005361FB6803F580531A46BB699361FB683F
:1074900003F580531A46FB69D361FB6803F58053FB
:1074A000002283F82020FB6803F58053002283F834
:1074B0002120FB6803F580531A4600235362FB68C2
:1074C00003F580531A4600239362FB6803F580534B
:1074D0001A460023D362FB6803F580531A46002343
:1074E0001363FB6803F580531A4600235363FB685C
:1074F00003F582531946D7E90A2341E90223D7E964
:107500000A23F86800F008F8FB6818461037BD46F3
:1075100080BD00BF7826020090B585B000AFF8604E
:10752000C7E90023FB6803F582531946D7E9002316
:1075300041E90223FB6803F5805300229A81FB682E
:1075400003F580531A4600235362FB6803F580530A
:107550001A4600239362FB6803F580531A46002302
:10756000D362FB6803F580531A4600231363FB685C
:1075700003F580531A4600235363FB6803F58053D9
:10758000002283F82120FB680C334FF48052002145
:10759000184606F01FFEFB6803F5805393F8203071
:1075A000002B20D0FB6803F580531B691B68203338
:1075B0001B68FA6802F58052126910469847044623
:1075C000FB6803F580531B691B6824331B68FA684A
:1075D00002F5805212691046984703461A46214622
:1075E000034804F0F1FF002318461437BD4690BD50
:1075F0006C1F020080B485B000AFF860C7E90023BB
:10760000FB6803F582531946D7E9002341E90223B9
:10761000FB6803F5805300229A81FB6803F58053D1
:107620001A4600235362FB6803F580531A46002371
:107630009362FB6803F580531A460023D362FB680C
:1076400003F580531A4600231363FB6803F5805348
:107650001A4600235363FB6803F58053002283F826
:107660002120002318461437BD4680BC7047000017
:1076700090B5ADF5805D87B000AF07F1180343F812
:10768000140C07F1180353F8143C5B681B680C33A7
:107690001B6807F1180252F8142C526810469847DC
:1076A000034683F00103DBB2002B01D000231BE172
:1076B00007F1180353F8143C5B681B6824331C68FB
:1076C00007F1180353F8143C586807F118030C3BF2
:1076D0004FF480521946A04707F5805303F1100379
:1076E000186007F5805303F110031B68002B01DCC1
:1076F0000023F9E0002307F5805202F11402136021
:10770000E4E007F1180353F8143C03F5805393F8B1
:107710002030002B0ED007F118031A4607F58053CE
:1077200003F114031B6813440C3B1B781946714882
:1077300006F0F6FA07F118031A4607F5805303F12D
:1077400014031B6813440C3B1B785BB207F118024F
:10775000194652F8140C00F0CFF807F1180353F84B
:10776000143C03F5805393F8213083F00103DBB21E
:10777000002B79D007F1180353F8140C00F014F91A
:10778000034607F5805202F10F02137007F580538C
:1077900003F10F031B78002B00F08D8007F1180315
:1077A00053F8143C03F580531B691B6834331C6881
:1077B00007F1180353F8143C03F58053186907F1D7
:1077C000180353F8143C03F10C0107F1180353F8A4
:1077D000143C03F580539B891A4607F1180353F8AC
:1077E000143C03F580535B6AA047024607F1180377
:1077F00053F8143C03F58053DA6207F1180353F889
:10780000143C03F580531B691B6820331B6807F188
:10781000180252F8142C02F580521269104698474B
:10782000024607F1180353F8143C03F580531A631A
:1078300007F1180353F8143C03F580531B691B68C8
:1078400024331B6807F1180252F8142C02F58052F9
:10785000126910469847024607F1180353F8143C82
:1078600003F580535A6326E007F1180353F8143CDC
:1078700003F580539B89194607F1180353F8143C0C
:1078800003F580531A6B07F1180353F8143C03F502
:1078900080535B6B1A4407F1180353F8143C03F54B
:1078A0008053DB6A1344994205D307F1180353F858
:1078B000140C00F0CBF807F5805303F114031B6898
:1078C000013307F5805202F11402136007F580536B
:1078D00003F114031A6807F5805303F110031B68C2
:1078E0009A42FFF60EAF0123184607F580571C3762
:1078F000BD4690BD981F020080B584B000AF78608F
:107900000B46FB707B6803F580539B89B3F5805F62
:1079100013D27B6803F580539B891946FA787B68FC
:107920000B441A737B6803F580539B8901339AB229
:107930007B6803F580539A812FE07B6803F58053C1
:1079400093F82030002B0AD07B6803F10C017B6890
:1079500003F580539B891A46124804F035FE7B6874
:1079600003F58053DB691B6814331B687A6802F5E2
:107970008052D0697A6802F10C017A6802F580526F
:107980009289FA6007F10C0298477B6803F58253ED
:1079900053E902237868FFF7BFFD00BF1037BD46EB
:1079A00080BD00BFA01F020090B583B000AF78601B
:1079B0007B6803F5805393F8213083F00103DBB239
:1079C000002B16D07B6803F580539B891C467B688F
:1079D00003F580531B691B6820331B687A6802F526
:1079E000805212691046984703469C4201D30123F6
:1079F00000E00023002B24D07B6803F580531B6933
:107A00001B6810331C687B6803F5805318697B681A
:107A100003F10C017B6803F580539B891A467B6850
:107A200003F581530433A0470346002B07D07B683E
:107A300003F58053012283F82120012302E0002373
:107A400000E0002318460C37BD4690BDF0B58FB05E
:107A500004AF78607B6800229A60002387F82730A3
:107A60007B6803F580531B691B6814331C687B68B3
:107A700003F5805318697B6803F10C017B6803F5FB
:107A800080539B891A467B680833A047034683F0DE
:107A90000103DBB2002B01D00023DFE17B6803F59B
:107AA00080531B691B6838331C687B6803F580535F
:107AB00018697B6803F10C017B6803F580539B898F
:107AC0001D467B6803F580535A6A7B689B68009368
:107AD00013462A46A0470346002B00F08F817B689F
:107AE00003F5825353E90223B3F1FF3F08BFB2F11C
:107AF000FF3F37D07B6803F580531B691B683C331D
:107B00001C687B6803F5805318697B6803F10C01DE
:107B10007B6803F580535A6A7B689B68A0470346DD
:107B2000002B1FD17B6803F5825353E902457B6824
:107B300003F580531B691B6840331E687B6803F59F
:107B4000805318697B6803F10C017B6803F580534F
:107B50005A6A7B689B68B04702460B469D4208BF45
:107B6000944201D1012300E00023002B00F0DD80CE
:107B7000002387F8263000233B6278E07B6803F51A
:107B800080531B691B6848331C687B6803F580536E
:107B90001D697B6803F10C067B6803F580539B89A4
:107BA0009C467B6803F580535B6A3B607B68996801
:107BB0007B6803F5805358693A6A13465B001344A7
:107BC0009B0003441B68019300913B686246314669
:107BD0002846A0470346002B46D07B6803F5805318
:107BE0005A6A7B6803F580531B6B134408337A6829
:107BF00013440433FB617B6803F5805359693A6A87
:107C000013465B0013449B000B449C687B6803F5A0
:107C1000805359693A6A13465B0013449B000B4436
:107C20001E687B6803F580531B691B6834331D682D
:107C30007B6803F5805318697B6803F10C017B684E
:107C400003F580539B891A467B6803F580535B6A72
:107C5000A84702467B68F9693046A047012387F8A8
:107C60002630012387F827303B6A01333B627B686B
:107C700003F580539B693A6A9A42FFF47FAF97F805
:107C8000263083F00103DBB2002B00F097807B6885
:107C900003F5805393F82030002B26D07B6803F542
:107CA00080531B691B6844331C687B6803F5805351
:107CB00018697B6803F10C017B6803F580535A6AED
:107CC0007B689B68A04702460B46796801F58051A6
:107CD0008969786800F58050406A7C68A4680294DD
:107CE000019000915F4804F06FFC7B6803F58053BE
:107CF000DB691B680C331B687A6802F58052D06917
:107D00007A6802F58052526A083279680A44141D72
:107D10007A6891687A6802F58052526A8A1AFA6023
:107D200007F10C022146984748E07B6803F5805331
:107D300093F82030002B22D07B6803F5825353E95F
:107D400002457B6803F580531B691B6840331E683E
:107D50007B6803F5805318697B6803F10C017B682D
:107D600003F580535A6A7B689B68B04702460B460E
:107D7000CDE9002322462B463B4804F025FC7B68D6
:107D800003F58053DB691B680C331B687A6802F5C6
:107D90008052D0697A6802F58052526A0832796856
:107DA0000A44141D7A6891687A6802F58052526A12
:107DB0008A1A3A6107F11002214698477B6803F559
:107DC0008053DB691B6810331B687A6802F58052A8
:107DD000D0697A6802F58052526A083279680A449A
:107DE000141D7A6891687A6802F58052526A8A1A7C
:107DF0007A6107F11402214698471FE07B6803F57A
:107E0000805393F82030002B02D0184804F0DCFB9C
:107E10007B6803F58053DB691B6808331B687A684D
:107E200002F58052D0697A6802F10C017A6802F595
:107E300080529289BA6107F1180298477B6803F56E
:107E40008053002283F821207B6803F5825353E995
:107E500002237868FFF7CEFB97F8273018462C37B7
:107E6000BD46F0BDF81F020048200200B02002000D
:107E700090B5ADF5815D83B002AF07F1200444F801
:107E8000140C084607F1200141F81C2C07F12002D0
:107E900042F8203C07F12003024623F8162C07F194
:107EA000200353F8143C03F580531B691B684C33C3
:107EB0001C6807F1200353F8143C03F5805318693C
:107EC00007F120031A4607F120010C3907F5815309
:107ED00003F110031B68019307F1200333F8163CEC
:107EE000009352F8203C4FF48052A04707F580538E
:107EF00003F114031860002307F5805202F11C02FD
:107F0000136025E007F1200353F8143C5B681B68FD
:107F100014331B6807F1200252F8142C506807F143
:107F20002002114607F5805202F11C0212680A4431
:107F30000C3A127852B21146984707F5805303F174
:107F40001C031B68013307F5805202F11C02136009
:107F500007F5805303F11C031A6807F5805303F1FA
:107F600014031B689A42CDD307F1200353F8143C45
:107F700003F5805393F82030002B3CD007F1200309
:107F800033F8163C07F5815202F1100212681946C7
:107F90001C4804F019FB002307F5805202F1180277
:107FA000136019E007F120031A4607F5805303F127
:107FB00018031B6813440C3B1B781946124805F044
:107FC000AFFE07F5805303F118031B68013307F573
:107FD000805202F11802136007F5805303F1180371
:107FE0001A6807F5805303F114031B689A42D9D32A
:107FF000064805F083FF00BF07F581570437BD46EB
:1080000090BD00BFE0200200082102001021020004
:1080100080B483B000AF7860012318460C37BD46AA
:1080200080BC704780B483B000AF7860044A7B683E
:108030001A607B6818460C37BD4680BC704700BF8D
:108040006426020080B582B000AF78607868FFF7E0
:10805000E9FF0421786804F066FE7B68184608375B
:10806000BD4680BD80B584B000AFF860B9607A606D
:108070003B60FB681846FFF765F80B4AFB681A601F
:10808000FB6800221A71FB68BA689A60FB687A681C
:10809000DA60FB683A681A61FB68BA695A61FB6882
:1080A00018461037BD4680BD3426020080B582B028
:1080B00000AF7860054A7B681A607B681846FFF756
:1080C00053F87B6818460837BD4680BD3426020049
:1080D00080B582B000AF78607868FFF7E7FF1821BD
:1080E000786804F020FE7B6818460837BD4680BDDE
:1080F00080B584B000AF78607B689B68002B01D1AD
:10810000002310E07B689A6807F10C0311461846BB
:10811000FFF7D8F83B7B03F00103DBB2002B0CBF69
:1081200001230023DBB218461037BD4680BD80B462
:1081300085B000AF78607B68DB68002B03D07B687C
:108140001B69002B01D100230BE00023FB607B683F
:10815000DB681B68FB607B681B691B68FB60FB6856
:108160005BB218461437BD4680BC704780B588B0F6
:1081700000AFF860B9607A60FB689B68002B07D09D
:10818000FB68DB68002B03D0FB681B69002B01D167
:10819000002327E0F86800F03FF8F861FB69002B46
:1081A00001D100231EE0FA697B689A4201D97B68FD
:1081B000FB610023BB6110E0FB68DB681B687B612F
:1081C000FB681B691B687B617969BA68BB691344EA
:1081D000CAB21A70BB690133BB61BA69FB699A42C2
:1081E000EAD3FB6918462037BD4680BD80B483B012
:1081F00000AF78600B46FB707B685B69002B04D096
:108200007B685B6997F903201A6097F90330184679
:108210000C37BD4680BC704780B584B000AF786035
:108220007B689B68002B01D100230BE07B689A6878
:1082300007F10C0311461846FFF744F8FB68C3F337
:1082400009239BB218461037BD4680BD80B483B069
:1082500000AF786000BF0C37BD4680BC704780B46B
:1082600083B000AF786000BF0C37BD4680BC70475C
:1082700080B483B000AF7860012318460C37BD4648
:1082800080BC704780B483B000AF78607B68074AD9
:108290001A607B6800229A807B680022DA807B6803
:1082A00018460C37BD4680BC704700BFBEBAAD1B38
:1082B00080B582B000AF78607B681B6819467B6828
:1082C0009B881A467B68DB88034805F029FD00BFC0
:1082D0000837BD4680BD00BF1421020080B582B0C2
:1082E00000AF78607B681846FFF71CF8054A7B688A
:1082F0001A607B6801221A717B6818460837BD46F0
:1083000080BD00BFA825020080B582B000AF7860B4
:10831000054A7B681A607B681846FFF713F87B688C
:1083200018460837BD4680BDA825020080B582B03A
:1083300000AF78607868FFF7E7FF0821786804F0FD
:10834000F2FC7B6818460837BD4680BD80B483B018
:1083500000AF78600B46FB707B68FA781A7100BF3B
:108360000C37BD4680BC704780B483B000AF7860E6
:108370007B681B7918460C37BD4680BC70470000EF
:1083800080B487B000AFF860B9607A603B600023CA
:108390007B610EE0BA687B6913441B680A4A93420A
:1083A00004D13B687A691A60012308E07B690133D4
:1083B0007B617B68043B7A699A42EBD300231846C1
:1083C0001C37BD4680BC7047BEBAAD1B80B487B0B9
:1083D00000AFF860B9607A603B607B68043B7B610A
:1083E000BA687B6913441B68064A934204D13B6810
:1083F0007A691A60012300E0002318461C37BD4645
:1084000080BC7047EDAD0F0A80B487B000AFF86054
:10841000B9607A603B603B687B610EE0BA687B695B
:1084200013441B680A4A934204D13B6A7A691A6072
:10843000012308E07B6901337B617B68043B7A6937
:108440009A42EBD3002318461C37BD4680BC7047C8
:10845000BEBAAD1B80B487B000AFF860B9607A6077
:108460003B603B687B610EE0BA687B6913441B6824
:108470000A4A934204D13B6A7A691A60012308E0F0
:108480007B6901337B617B68043B7A699A42EBD953
:10849000002318461C37BD4680BC7047EDAD0F0A5F
:1084A00080B483B000AF7860082318460C37BD460F
:1084B00080BC704780B483B000AF78600823184652
:1084C0000C37BD4680BC704780B483B000AF786085
:1084D000042318460C37BD4680BC704780B483B077
:1084E00000AF7860082318460C37BD4680BC704743
:1084F00080B483B000AF78604FF6FF7318460C3736
:10850000BD4680BC704780B485B000AFF860B960EC
:108510007A603B60002318461437BD4680BC704724
:1085200080B485B000AFF860B9607A603B604FF00E
:1085300000024FF00003104619461437BD4680BCB8
:10854000704780B487B000AFF860B9607A603B6074
:108550003B6808337A689A4201D2002305E0BA6882
:108560003B6813447B617B69DB8818461C37BD463A
:1085700080BC7047B0B487B000AFF860B9607A6073
:108580003B603B6808337A689A4204D24FF000049B
:108590004FF0000509E0BA683B6813447B617B69D2
:1085A0009B889BB200221C46154622462B4610464D
:1085B00019461C37BD46B0BC704780B487B000AFC9
:1085C000F860B9607A603B603B6808337A689A4229
:1085D00001D200230CE0BA683B6813447B617B69DD
:1085E0009B881A467B6A934201D1012300E0002355
:1085F00018461C37BD4680BC7047000080B588B067
:1086000000AFF860B9607A603B603B6810337A680D
:108610009A4201D2002335E0BA683B681344FB61FB
:10862000FB69DB881A463B68134410337A689A4228
:1086300001D2002326E0FB691B68144A934201D053
:1086400000231FE0FB69DB881A463B6813440833AC
:10865000BA681344BB61BB695B680D4A934201D0A1
:1086600000230FE0FB69DB8808331946F869F8F747
:1086700031FA7861BB691B687A699A4201D000239C
:1086800000E0012318462037BD4680BDBEBAAD1BB1
:10869000EDAD0F0A80B588B000AFF860B9607A60C0
:1086A0003B60BB68002B0AD03B68002B02D1FB6A01
:1086B000002B04D1FB6A10337A689A4201D200235E
:1086C0002EE007F110031846FFF7DCFD3B8DBB825F
:1086D000FB6A9BB2FB8207F1100308221946B868B7
:1086E00006F084F83B68002B06D0BB680833FA6AB2
:1086F0003968184606F07AF8FB6A0833BA681344FA
:10870000FB61FB6A08331946B868F8F7E3F9B8610A
:10871000FB69BA691A60FB69034A5A60FB6A103345
:1087200018462037BD4680BDEDAD0F0A80B586B036
:1087300000AFF860B9607A603B607B687B6117E0EE
:10874000BB681B6814331B687969B868984703468F
:10875000124A93420CBF01230023DBB2002B04D04A
:108760003B687A691A60012313E07B6901337B61FE
:10877000BB681B6818331B68B86898470346043BFE
:108780007A699A4234BF01230023DBB2002BD7D190
:10879000002318461837BD4680BD00BFBEBAAD1BCA
:1087A00080B586B000AFF860B9607A603B607B68E6
:1087B000083B7B6118E0BB681B6814331B687A694F
:1087C0001146B868984703460B4A93420CBF0123F1
:1087D0000023DBB2002B04D07A693B681A600123C6
:1087E00006E07B69013B7B617B69002BE3DA0023B8
:1087F00018461837BD4680BDBEBAAD1B80B586B0E1
:1088000000AFF860B9607A603B607B687B6118E01C
:10881000BB681B6814331B687A691146B8689847AF
:1088200003460C4A93420CBF01230023DBB2002B0A
:1088300004D07A693B6A1A60012307E07B69013B37
:108840007B617A693B689A42E2DA0023184618375E
:10885000BD4680BDBEBAAD1B80B586B000AFF86026
:10886000B9607A603B607B687B6117E0BB681B681E
:1088700014331B687969B86898470346124A9342D3
:108880000CBF01230023DBB2002B04D03B687A69C4
:108890001A60012313E07B6901337B61BB681B68AD
:1088A00018331B68B86898470346043B7A699A42B4
:1088B00094BF01230023DBB2002BD7D1002318463D
:1088C0001837BD4680BD00BFEDAD0F0A80B586B03C
:1088D00000AFF860B9607A603B607B687B6117E04D
:1088E000BB681B6814331B687969B86898470346EE
:1088F0000D4A93420CBF01230023DBB2002B04D0AE
:108900003B6A7A691A60012309E07B6901337B6164
:108910003A687B6813447A699A42E1D90023184681
:108920001837BD4680BD00BFEDAD0F0A80B586B0DB
:1089300000AFF860B9607A603B607B687B6118E0EB
:10894000BB681B6814331B687A691146B86898477E
:1089500003460C4A93420CBF01230023DBB2002BD9
:1089600004D07A693B6A1A60012307E07B69013B06
:108970007B617A693B689A42E2DA0023184618372D
:10898000BD4680BDEDAD0F0A90B585B000AFF86073
:10899000B9607A607B6803F10804BB681B68183310
:1089A0001B68B868984703469C428CBF012300238C
:1089B000DBB2002B01D0002309E0BB681B68103339
:1089C0001B687A6806321146B8689847034618460D
:1089D0001437BD4690BD000090B58FB000AFF86071
:1089E000B9607A603B60012387F82F30BB681B6851
:1089F00014331B687968B8689847B862BB681B680D
:108A000010331B687A6806321146B86898470346E7
:108A1000FB8497F82F30002B0CD0BB681B681433F5
:108A20001B687968B868984703461A46796896487B
:108A300003F0CAFD97F82F30002B10D07B681C1D67
:108A4000BB681B6810331B687A6804321146B8682B
:108A5000984703461A4621468C4803F0B5FD97F81F
:108A60002F30002B10D07B689C1DBB681B68103317
:108A70001B687A6806321146B868984703461A465A
:108A80002146834803F0A0FD3A687B68D41ABB688E
:108A90001B6818331B68B868984703469C428CBF14
:108AA00001230023DBB2002B13D097F82F30002BCB
:108AB0000DD0BB681B6818331B68B868984701461F
:108AC0003A687B68D31A1A46724803F07DFD00238A
:108AD000D5E0BB6A704A93420AD097F82F30002B3A
:108AE00004D0BA6A6C496D4803F06EFD0023C6E0FD
:108AF000BB681B6814331B68F98C7A680A44083217
:108B00001146B86898473862BB681B6814331B6805
:108B1000F98C7A680A440C321146B8689847F861B3
:108B200097F82F30002B15D0FA8C7B68134403F193
:108B30000804BB681B6814331B68F98C7A680A4404
:108B400008321146B868984703461A4621465448E9
:108B500003F03AFD97F82F30002B15D0FA8C7B6884
:108B6000134403F10C04BB681B6814331B68F98CB5
:108B70007A680A440C321146B868984703461A4688
:108B80002146484803F020FDFB69474A934201D043
:108B9000002374E03B68043B7B637B6B002B01DAB2
:108BA00000237B6397F82F30002B04D07A68796B11
:108BB0003E4803F009FDBB6C1B687A681A60BB6C09
:108BC0005B687A6B1A6000233B6300233B631CE005
:108BD000BB6C9A6807F1140311461846FEF792FB26
:108BE0007B69C3F31E031A467B6B934205D07B69F6
:108BF000C3F3C073DBB2012B01D1012300E00023DA
:108C0000002B08D13B6B01333B63FB8C20333A6B69
:108C10009A42DDD300E000BFBB6C9A6807F11803ED
:108C200011461846FEF76EFB97F82F30002B0AD03E
:108C3000BB6CDB681968BB69C3F31E031A463B6B48
:108C40001B4803F0C1FC97F82F30002B09D0BB6CF8
:108C50001B681968BB6C5B681B681A46154803F0F3
:108C6000B3FCBB6CDB681B683A6A9A4214BF0123F1
:108C70000023DBB2002B01D0002300E001231846C3
:108C80003C37BD4690BD00BF60210200AC21020010
:108C9000F021020034220200BEBAAD1B8422020081
:108CA000CC22020008230200EDAD0F0A502302007F
:108CB00088230200E023020080B485B000AFF86092
:108CC000B9607A603B60002318461437BD4680BC0B
:108CD000704780B485B000AFF860B9607A603B60DF
:108CE0004FF000024FF00003104619461437BD46FE
:108CF00080BC7047F0B587B000AFF860B9607A60AB
:108D00003B607B6803F10806BB681B6818331B686F
:108D1000B868984703469E428CBF01230023DBB20C
:108D2000002B04D04FF000044FF000050EE0BB68AC
:108D30001B6810331B687A6804321146B86898477C
:108D40000346FB82FB8A00221C46154622462B4620
:108D5000104619461C37BD46F0BD90B587B000AF30
:108D6000F860B9607A603B607B6803F10804BB6817
:108D70001B6818331B68B868984703469C428CBF31
:108D800001230023DBB2002B01D0002311E0BB68DC
:108D90001B6810331B687A6804321146B86898471C
:108DA0000346FB82FB8ABA6A9A4201D1012300E0A2
:108DB000002318461C37BD4690BD80B582B000AF79
:108DC00078607868FFF774FA00BF0837BD4680BD49
:108DD00080B400AF024B1846BD4680BC704700BF50
:108DE0003C00002080B582B000AF78607B681846F8
:108DF000FEF7C8FA034A7B681A607B681846083792
:108E0000BD4680BD8825020080B582B000AF786085
:108E1000054A7B681A607B681846FEF7C3FA7B68D0
:108E200018460837BD4680BD8825020080B582B04F
:108E300000AF78607868FFF7E7FF0421786803F0F7
:108E400072FF7B6818460837BD4680BD80B586B086
:108E500000AFF860B9607A60BB68002B03D07B6814
:108E60001B68002B06D17B681B681946134803F06A
:108E7000ABFB1FE07B681B687B617B69202B01D902
:108E800020237B610E4803F09FFB00233B610AE037
:108E9000BA683B6913441B7819460A4803F094FBEF
:108EA0003B6901333B613A697B699A42F0D30648DA
:108EB00003F08AFB1837BD4680BD00BF24240200A2
:108EC00054240200082102008424020080B586B0E8
:108ED00000AFF860B9607A60BB68002B03D07B6894
:108EE0001B68072B06D87B681B6819460A4803F0E5
:108EF0006BFB0DE0BB687B617B681B68194607480C
:108F000003F062FB7869FFF7D3F9054803F05CFBD7
:108F10001837BD4680BD00BF88240200C02402006F
:108F20008424020080B485B000AFF860B9607A6034
:108F300000BF1437BD4680BC7047000080B582B0CA
:108F400000AF00237B6015E00E4A7B6852F82330A7
:108F5000002B0CD00B4A7B6852F823301B68083377
:108F60001B6808497A6851F82220104698477B68A8
:108F700001337B607B68032BE6D900BF00BF083755
:108F8000BD4680BD4025020080B582B000AF78604C
:108F90007B685BB219460448FFF728F97B681846DE
:108FA0000837BD4680BD00BFF01A002080B584B0F0
:108FB00000AFF860B9607A603B60FB68B96818463A
:108FC000FEF74CF9314AFB681A60FB6803F58053E1
:108FD0000833184600F05CF8FB6803F58053002264
:108FE0001A84FB6803F5805300225A84FB6803F55A
:108FF0008053012283F82420FB6803F5805300226C
:1090000083F82520FB6803F58053002283F826208F
:10901000FB6803F58053002283F82720FB6803F5E3
:109020008053012283F82820FB6803F580531A46F9
:109030007B68D362FB6803F580531A463B68136371
:10904000FB6803F580531A46BB695363FB6803F55D
:1090500080531A46FB699363FB6803F580531A46F5
:109060003B6AD363FB6803F580531A46BB8CA2F8B6
:109070004030FB6803F580531A4697F8283082F891
:109080004230FB6818461037BD4680BD742502008B
:1090900080B483B000AF78607B6800221A617B687F
:1090A00000225A617B6818460C37BD4680BC704769
:1090B00080B582B000AF7860054A7B681A607B6833
:1090C0001846FEF7DFF87B6818460837BD4680BDB6
:1090D0007425020080B582B000AF78607868FFF731
:1090E000E7FF41F24401786803F01DFE7B681846F3
:1090F0000837BD4680BD000080B582B000AF786003
:10910000054A7B681A607B681846FEF7BBF87B68E7
:1091100018460837BD4680BD7826020080B582B06B
:1091200000AF78607868FFF7E7FF4FF48251786806
:1091300003F0F9FD7B6818460837BD4680BD000086
:1091400090B587B006AF594B1B6803F17801574BB8
:109150001B6803F17402554B1B6803F17C00534BF1
:109160001B6874337E240194009303465048FEF735
:1091700079FF4E4B1B6803F184014C4B1B6803F1D4
:1091800080024A4B1B6803F18800484B1B68803300
:1091900021240194009303464648FEF763FF434BA6
:1091A0001B6803F19001414B1B6803F18C023F4B9C
:1091B0001B6803F194003D4B1B688C3340240194E1
:1091C000009303463C48FEF74DFF384B1B6803F104
:1091D0009C01364B1B6803F19802344B1B6803F16A
:1091E000A000324B1B68983323240194009303465C
:1091F0003248FEF737FF3248FFF7F4FD3148FFF7FA
:109200006DF8314B1B7819464FF0FF324FF0FF33AA
:10921000CDE9042300230293294B019300912B4BAA
:10922000284A24492A48FEF709F9274B1B78194692
:109230004FF0FF324FF0FF33CDE9042300230293B8
:109240001F4B01930091214B1E4A1B492148FEF7F9
:10925000F5F81D4B1B7819464FF0FF324FF0FF33E6
:10926000CDE9042300230293154B01930091174B82
:10927000144A12491848FEF7E1F8184B1B781946B2
:10928000174B1B6801220492002203920293154B94
:109290000193154B00930B46144A05491448FFF7F8
:1092A00085FE00BF0437BD4690BD00BF4C000020C6
:1092B000F01A0020081B0020201B0020381B002073
:1092C000501B0020541B002084130200641A00204D
:1092D000601B0020A02B0020E03B00200CFA0100C6
:1092E000E81A002038000020D18D000094080020EA
:1092F000204C002080B500AF1148FFF7D9FE11487F
:10930000FFF7FAFE1048FFF7F7FE1048FFF7F4FEEC
:109310000F48FEF7F9FF0F48FFF776FD0E48FEF7FE
:10932000C5FE0E48FEF7C2FE0D48FEF7BFFE0D4813
:10933000FEF7BCFE0C48FEF775FE00BF80BD00BF07
:10934000204C0020E03B0020A02B0020601B0020D0
:10935000541B0020501B0020381B0020201B002025
:10936000081B0020F01A00203800002080B582B0D1
:1093700000AF7860786800F008F8786800F045F889
:10938000034618460837BD4680BD80B584B000AF9F
:1093900078600023FB737B6803F580539B6B1B682D
:1093A0001B687A6802F58052926B10469847034614
:1093B000002B25D07B6803F580530833184600F056
:1093C000C2F8034683F00103DBB2002B18D0002360
:1093D000BB730123FB737B6803F58053083307F1EC
:1093E0000E021146184600F0C0F87B685B681B68E7
:1093F00014331B687A68526897F90E101046984724
:10940000FB7B18461037BD4680BDF0B58BB006AF6C
:1094100078600023FB73786800F0C8F80346BB60EF
:10942000BB68002B00F08A807B6803F580531B8C9F
:10943000B3F5805F05D37B6803F5805340F6FF7278
:109440001A847B6803F580531B8C1A467B6813448F
:1094500000221A727B6803F5805393F84230002B88
:1094600029D07B6803F108007B6803F580531B8CCF
:109470001E467B6803F58053D96A7B6803F58053E9
:109480001C6B7B6803F58053DB6B7A6802F58052B6
:10949000B2F8402015467A680492002203920295A1
:1094A00001930023009323460A46314602F0DAFE78
:1094B0000346FB7328E07B6803F108007B6803F533
:1094C00080531B8C1E467B6803F58053D96A7B68EA
:1094D00003F580531C6B7B6803F58053DB6B7A6864
:1094E00002F58052B2F8402015467A6804920022B4
:1094F0000392029501930123009323460A463146C5
:1095000002F0B0FE0346FB737B6803F58053002234
:109510001A84FB7B002B11D07B6803F580535B6BB7
:10952000002B0BD07B6803F580535B6B9847034699
:109530004FF0FF321946786800F039F9FB7B184686
:109540001437BD46F0BD80B483B000AF78607B684F
:109550001A697B685B699A420CBF01230023DBB266
:1095600018460C37BD4680BC704780B582B000AF4E
:10957000786039607868FFF7E6FF0346002B01D07A
:1095800000230FE07B681B697A68D2563B681A702B
:109590007B681B691946786800F035F902467B68DC
:1095A0001A61012318460837BD4680BD80B584B0D6
:1095B00000AF7860786800F036F90346FB7297F9DF
:1095C0000B3013F1020F01D10023ECE07B6803F5AF
:1095D00080531B8CB3F5805F05D37B6803F5805304
:1095E00040F6FF721A8497F90B300A2B0DD17B6875
:1095F00003F580531B8C1A467B68134400221A72B1
:109600007B6803F580531B8CCDE097F90B30082B5A
:1096100003D097F90B307F2B20D17B6803F5805363
:109620001B8C013B9AB27B6803F580531A847B68DC
:1096300003F580531B8CB3F5805F04D37B6803F57F
:10964000805300221A847B6803F580531B8C1A46D2
:109650007B68134400221A720023A4E097F90B30B0
:109660001B2B0FD17B6803F5805300221A847B6883
:1096700003F580531B8C1A467B68134400221A7230
:10968000002390E097F90B30092B6BD17B680833EE
:109690004FF48051184604F09BFE03469AB27B6853
:1096A00003F580531A847B6803F580531B8C1A469C
:1096B0007B68134493F908300A2B09D17B6803F5C2
:1096C00080531B8C013B9AB27B6803F580531A844C
:1096D0007B6803F580531B8C1A467B68134493F90F
:1096E00008300D2B09D17B6803F580531B8C013B9F
:1096F0009AB27B6803F580531A847B6803F5805324
:109700001B8CB3F5805F05D37B6803F5805340F66F
:10971000FF721A847B6803F580531B8C1A467B68A2
:10972000134400221A720023FB6011E07B685B681F
:109730001B6814331B687A6850687968FA680A44B1
:10974000083292F9002011469847FB680133FB600C
:109750007B6803F580531B8C1A46FB689342E5D364
:10976000002320E07B6803F580531B8C1A467B683E
:109770001344FA7A1A727B6803F580531B8C013309
:109780009AB27B6803F580531A847B6803F5805393
:109790001B8CB3F5805F05D37B6803F5805340F6DF
:1097A000FF721A84002318461037BD4680BD80B56D
:1097B00086B000AFF860B9607A6000237B6112E088
:1097C000BA687B69134493F90030002B16D0BA684D
:1097D0007B69134493F900301946F86800F095F856
:1097E0007B6901337B617A697B689A4207D2FB68A7
:1097F00003F580535B8C0F2BE2D900E000BF00BF64
:109800001837BD4680BD80B485B000AF7860396040
:109810003B68013303F00F03FB60FB681846143705
:10982000BD4680BC704780B584B000AF78607B686F
:109830005B681B680C331B687A685268104698474F
:10984000034683F00103DBB2002B02D06FF001036B
:1098500057E07B685B681B6810331B687A68526846
:10986000104698470346FB7397F90F30072B02DC2D
:109870006FF0010345E07B6803F580531A46FB7BDC
:1098800082F8263097F90F300D2B05D17B6803F550
:109890008053012283F8272097F90F300A2B0CD12F
:1098A0007B6803F5805393F926300D2B05D07B6838
:1098B00003F58053002283F827207B6803F580534B
:1098C00093F82430012B0ED197F90F30092B0AD0D1
:1098D0007B685B681B6814331B687A68526897F969
:1098E0000F10104698477B6803F5805393F8253096
:1098F000012B04D197F90F301846FFF745FB97F974
:109900000F3018461037BD4680BD80B582B000AF1D
:1099100078600B46FB7097F903300D2B02D197F955
:10992000033021E07B6803F5805393F82730002B48
:109930000DD097F903300A2B09D17B685B681B684F
:1099400014331B687A6852680D21104698477B686B
:109950005B681B6814331B687A68526897F90310B8
:109960001046984797F9033018460837BD4680BD22
:1099700080B500AFFFF7E4FB80BD80B500AFFFF717
:10998000B9FC80BD80B483B000AF78607B680022F2
:109990001A607B6818460C37BD4680BC704780B49F
:1099A00083B000AF786039603B681A687B681A60E2
:1099B0007B6818460C37BD4680BC704780B582B0C6
:1099C00000AF786039607B681B68184613F078FD3B
:1099D0003B68D3E9002313F0DDFD02460B46104639
:1099E00019464FF00002054B13F0FEFE02460B46EF
:1099F000104619460837BD4680BD00BF00005E41D5
:109A000080B483B000AF78607B6800221A700022B7
:109A10005A7000229A700022DA707B6818460C3760
:109A2000BD4680BC704780B483B000AF7860084604
:109A300011461A460346FB700B46BB7013467B70FB
:109A4000FB7803F00703D9B27A68137861F3471300
:109A50001370BB7803F00103D9B27A68137861F30D
:109A6000041313707B7803F00F03D9B27A6813786C
:109A700061F3030313707B6818460C37BD4680BC46
:109A8000704780B483B000AF7860084611461A462C
:109A90000346FB700B46BB7013467B707A681378E5
:109AA00023F080031370FB7803F00103D9B27A68C6
:109AB000137861F386131370BB7803F00103D9B2F6
:109AC0007A68137861F3451313707B7803F0010310
:109AD000D9B27A68137861F3041313703B7C03F0F6
:109AE0000103D9B27A68137861F3C30313703B7D25
:109AF00003F00103D9B27A68137861F3820313701B
:109B00003B7E03F00103D9B27A68137861F3410315
:109B100013707A68137823F0010313707B6818467A
:109B20000C37BD4680BC704780B483B000AF78600E
:109B3000084611461A460346FB700B46BB70134697
:109B40007B70FB7803F00103D9B27A68137861F374
:109B5000C7131370BB7803F00703D9B27A68137880
:109B600061F3061313707B7803F00303D9B27A68AC
:109B7000137861F3830313703B7C03F00303D9B2C2
:109B80007A68137861F3010313707B6818460C3709
:109B9000BD4680BC704780B483B000AF7860084693
:109BA00011461A460346FB700B46BB7013467B708A
:109BB0007A68137823F0800313707A68137823F09F
:109BC00040031370FB7803F00103D9B27A6813786D
:109BD00061F345131370BB7803F00103D9B27A68BF
:109BE000137861F3041313707B7803F00103D9B287
:109BF0007A68137861F3C30313703B7C03F00103AD
:109C0000D9B27A68137861F3820313703B7D03F055
:109C10000103D9B27A68137861F3000313707A688C
:109C2000137823F0020313707B6818460C37BD4687
:109C300080BC704780B483B000AF7860044A7B6812
:109C40001A607B6818460C37BD4680BC704700BF61
:109C50007836020080B483B000AF7860044A7B6835
:109C60001A607B6818460C37BD4680BC704700BF41
:109C70007836020080B582B000AF78607868FFF770
:109C8000E9FF0421786803F04EF87B68184608372E
:109C9000BD4680BD80B582B000AF0B4B1B68DB6E4C
:109CA0007B603A1D3B4611461846FFF778FE3B782D
:109CB00003F00203DBB2002B0CBF01230023DBB255
:109CC00018460837BD4680BD4C00002080B582B0E4
:109CD00000AF00237B6000237B600DE0FFF7DAFF1D
:109CE000034683F00103DBB2002B09D10120F6F714
:109CF000A3FE7B6801337B607B68632BEED900E0B9
:109D000000BF7B68612B02D9034802F05DFC00BFF5
:109D10000837BD4680BD00BFF827020080B584B07B
:109D200000AF0346FB7107F10C031846FFF72AFE4C
:109D30003B7BFA7962F300033B73FA68034B1B68C1
:109D4000DA6600BF1037BD4680BD00BF4C00002062
:109D500080B582B000AF7860FFF7B8FF7A68034B38
:109D60001B689A6600BF0837BD4680BD4C000020C6
:109D700080B584B000AF78600023FB60FFF7A6FFDA
:109D80007A68074B1B689A66FFF7A0FF044B1B68B5
:109D90009B6EFB60FB6818461037BD4680BD00BF58
:109DA0004C00002080B483B000AF0346FB7100BFBD
:109DB0000C37BD4680BC704780B483B000AF03460B
:109DC000FB7100BF0C37BD4680BC704780B485B0C6
:109DD00000AFF860C7E90023F968D7E90023C1E9BB
:109DE0000023F968D7E90623C1E90223FB68184676
:109DF0001437BD4680BC704780B485B000AFF860B2
:109E0000C7E90023F968D7E90023C1E90023F9680D
:109E1000D7E90623C1E9022300BF1437BD4680BC41
:109E2000704780B483B000AF78607B68D3E90023CB
:109E3000104619460C37BD4680BC704780B483B0CD
:109E400000AF78607B68D3E90223104619460C37CF
:109E5000BD4680BC7047000080B582B000AF78601E
:109E60007B6800221A707B6800225A707B6800228F
:109E70005A607B6800229A607B680022DA607B6807
:109E800000221A617B6800225A617B6800229A6175
:109E90007B680022DA617B6800221A627B680022FC
:109EA0005A627B6800229A627B680022DA627B68D1
:109EB00000221A637B6800225A637B6800229A633F
:109EC0007B680022DA637B6800221A647B680022C8
:109ED0005A647B6800229A647B680022DA647B689B
:109EE00000221A657B6800225A657B6800229A6509
:109EF0007B680022DA657B6800221A667B68002294
:109F00005A667B6800229A667B680022DA667B6864
:109F100000221A677B6800225A677B6800229A67D2
:109F20007B680022DA677B680022C3F880207B68A8
:109F30000022C3F884207B680022C3F888207B6855
:109F40000022C3F88C207B680022C3F890207B6835
:109F500003F1980106A3D3E90023084601F026FA8D
:109F60007B6818460837BD4680BD00BFAFF3008050
:109F7000FCA9F1D24D62104080B582B000AF78608C
:109F80007B689833184601F059FA7B681846083701
:109F9000BD4680BD80B582B000AF78607B689833E5
:109FA000184601F06FFA00BF0837BD4680BD80B487
:109FB00083B000AF786039607B685A683B681A608C
:109FC00000BF0C37BD4680BC704780B483B000AF83
:109FD000786039607B689A683B681A6000BF0C370C
:109FE000BD4680BC704780B483B000AF78603960F4
:109FF0007B68DA683B681A6000BF0C37BD4680BCDE
:10A00000704780B483B000AF786039607B681A69AC
:10A010003B681A6000BF0C37BD4680BC704780B4F7
:10A0200083B000AF786039607B685A693B681A601A
:10A0300000BF0C37BD4680BC704780B483B000AF12
:10A04000786039607B689A693B681A6000BF0C379A
:10A05000BD4680BC704780B483B000AF7860396083
:10A060007B68DA693B681A6000BF0C37BD4680BC6C
:10A07000704780B483B000AF786039607B681A6A3B
:10A080003B681A6000BF0C37BD4680BC704780B487
:10A0900083B000AF786039607B685A6A3B681A60A9
:10A0A00000BF0C37BD4680BC704780B483B000AFA2
:10A0B000786039607B689A6A3B681A6000BF0C3729
:10A0C000BD4680BC704780B483B000AF7860396013
:10A0D0007B68DA6A3B681A6000BF0C37BD4680BCFB
:10A0E000704780B483B000AF786039607B681A6BCA
:10A0F0003B681A6000BF0C37BD4680BC704780B417
:10A1000083B000AF786039607B685A6B3B681A6037
:10A1100000BF0C37BD4680BC704780B483B000AF31
:10A12000786039607B689A6B3B681A6000BF0C37B7
:10A13000BD4680BC704780B483B000AF78603960A2
:10A140007B68DA6B3B681A6000BF0C37BD4680BC89
:10A15000704780B483B000AF786039607B681A6C58
:10A160003B681A6000BF0C37BD4680BC704780B4A6
:10A1700083B000AF786039607B685A6C3B681A60C6
:10A1800000BF0C37BD4680BC704780B483B000AFC1
:10A19000786039607B689A6C3B681A6000BF0C3746
:10A1A000BD4680BC704780B483B000AF7860396032
:10A1B0007B68DA6C3B681A6000BF0C37BD4680BC18
:10A1C000704780B483B000AF786039607B681A6DE7
:10A1D0003B681A6000BF0C37BD4680BC704780B436
:10A1E00083B000AF786039607B685A6D3B681A6055
:10A1F00000BF0C37BD4680BC704780B483B000AF51
:10A20000786039607B689A6D3B681A6000BF0C37D4
:10A21000BD4680BC704780B483B000AF78603960C1
:10A220007B68DA6D3B681A6000BF0C37BD4680BCA6
:10A23000704780B483B000AF786039607B681A6E75
:10A240003B681A6000BF0C37BD4680BC704780B4C5
:10A2500083B000AF786039607B685A6E3B681A60E3
:10A2600000BF0C37BD4680BC704780B483B000AFE0
:10A27000786039607B689A6E3B681A6000BF0C3763
:10A28000BD4680BC704780B483B000AF7860396051
:10A290007B68DA6E3B681A6000BF0C37BD4680BC35
:10A2A000704780B483B000AF786039607B681A6F04
:10A2B0003B681A6000BF0C37BD4680BC704780B455
:10A2C00083B000AF786039607B685A6F3B681A6072
:10A2D00000BF0C37BD4680BC704780B483B000AF70
:10A2E000786039607B689A6F3B681A6000BF0C37F2
:10A2F000BD4680BC704780B483B000AF78603960E1
:10A300007B68DA6F3B681A6000BF0C37BD4680BCC3
:10A31000704780B483B000AF786039607B68D3F851
:10A3200080203B681A6000BF0C37BD4680BC704778
:10A3300080B483B000AF786039607B68D3F8842044
:10A340003B681A6000BF0C37BD4680BC704780B4C4
:10A3500083B000AF786039607B68D3F888203B68B1
:10A360001A6000BF0C37BD4680BC704780B483B014
:10A3700000AF786039607B68D3F88C203B681A6046
:10A3800000BF0C37BD4680BC704780B483B000AFBF
:10A39000786039607B68D3F890203B681A6000BF12
:10A3A0000C37BD4680BC704780B584B000AF786084
:10A3B0000023FB7317E07B6898330021184601F0F7
:10A3C000E1F80346BB73BB7B002B03D17B68012202
:10A3D0001A700BE0BB7BBA7B19468B4802F0F4F88D
:10A3E000FB7B0133FB73FB7B092BE4D97B681B7878
:10A3F000002B00F001817B689833184601F0B6F914
:10A400007B6898330821184601F0C9F97B689833B6
:10A410000921184601F0C3F97B6898330A211846D0
:10A4200001F0BDF97B6898330B21184601F0B7F9AC
:10A430007B6898330C21184601F0B1F97B6898339A
:10A440000D21184601F0ABF97B6898330E211846B0
:10A4500001F0A5F97B6898330F21184601F09FF9A8
:10A460007B6898330321184601F099F97B6898338B
:10A470001021184601F093F97B6898331121184692
:10A4800001F08DF97B6898330421184601F087F9B3
:10A490007B6898331221184601F081F97B68983364
:10A4A0001321184601F07BF97B6898330521184683
:10A4B00001F075F97B6898331421184601F06FF9A3
:10A4C0007B6898331521184601F069F97B68983349
:10A4D0000621184601F063F97B6898331621184667
:10A4E00001F05DF97B6898331721184601F057F9A0
:10A4F0007B6898330821184601F051F97B6898333E
:10A500000921184601F04BF97B6898330A21184657
:10A5100001F045F97B6898330B21184601F03FF9AB
:10A520007B6898330C21184601F039F97B68983321
:10A530000D21184601F033F97B6898330E21184637
:10A5400001F02DF97B6898330F21184601F027F9A7
:10A550007B6898331021184601F021F97B68983305
:10A560001121184601F01BF97B6898331221184617
:10A5700001F015F97B6898331321184601F00FF9A3
:10A580007B6898331421184601F009F97B689833E9
:10A590001521184601F003F97B68983316211846F7
:10A5A00001F0FDF87B6898331721184601F0F7F8A1
:10A5B0007B689833184601F00FF97B68983318468A
:10A5C00001F0AEF97B68983380220821184601F02B
:10A5D000DCF97B6898330821184601F0F8F9034646
:10A5E0001A468021094801F0EFFF094B1B689B6860
:10A5F000184603F0BBF902E0064801F0E5FF00BF92
:10A600001037BD4680BD00BF10280200442802005C
:10A6100094000020942802002DE9F0418EB006AF8E
:10A6200078607B681B78002B00F0248207F1100310
:10A630001846FFF7E5F907F10C031846FFF7E0F9B4
:10A640000023FB6112E2FEF779FC7B689833184621
:10A6500001F0E6F97B689833F969184601F029FAA8
:10A660000346002B00F0FF81FEF768FC7B6803F1D6
:10A670009800FB69D9B207F10C0307F1100201F051
:10A6800035FAFEF75BFCFB7C03F02003DBB2002B0A
:10A6900011D1FB7C03F04003DBB2002B0BD1FB7B21
:10A6A00003F02003DBB2002B05D1FB7B03F040035A
:10A6B000DBB2002B17D07B685B78002B00F0D381D6
:10A6C000FB7CC3F30403DBB21946FB7C1A46FB7B1D
:10A6D000C3F30403DBB21846FB7B00930346B34885
:10A6E00001F072FFBFE1FB7C23F07F03DBB2002BA4
:10A6F00006D1FB7B23F07F03DBB2002B00F0A781A8
:10A700007B685B78002B3AD0FB7CC3F30403DBB29D
:10A7100098467B6803F198023B6943F317037B611A
:10A7200007F114031946104601F018FA04460D46C5
:10A730003B6943F317031E46FB7BC3F30403DBB201
:10A740003B607B6803F19802FB6843F31703BB612E
:10A7500007F118031946104601F000FA02460B46AD
:10A76000F96841F317010491CDE902233B68019395
:10A77000009622462B4641468D4801F025FFFB7C82
:10A78000C3F30403DBB2033B142B00F2B98001A234
:10A7900052F823F059A8000083A80000ADA80000DB
:10A7A000D7A8000001A90000E9A70000F7A7000052
:10A7B00005A8000013A8000021A800002FA8000091
:10A7C0003DA800004BA8000067A8000075A8000085
:10A7D00091A800009FA80000BBA80000C9A8000025
:10A7E000E5A80000F3A800003B6943F317031A46ED
:10A7F0007B685A6085E03B6943F317031A467B6820
:10A800009A607EE03B6943F317031A467B68DA607F
:10A8100077E03B6943F317031A467B681A6170E0DF
:10A820003B6943F317031A467B685A6169E03B6949
:10A8300043F317031A467B689A6162E03B6943F36E
:10A8400017031A467B68DA615BE03B6943F3170341
:10A850001A467B681A6254E03B6943F317031A46B1
:10A860007B685A624DE03B6943F317031A467B68E5
:10A870009A6246E03B6943F317031A467B68DA6243
:10A880003FE03B6943F317031A467B681A6338E0DD
:10A890003B6943F317031A467B685A6331E03B690F
:10A8A00043F317031A467B689A632AE03B6943F334
:10A8B00017031A467B68DA6323E03B6943F3170307
:10A8C0001A467B681A641CE03B6943F317031A4677
:10A8D0007B685A6415E03B6943F317031A467B68AB
:10A8E0009A640EE03B6943F317031A467B68DA6407
:10A8F00007E03B6943F317031A467B681A6500E0DB
:10A9000000BFFB7BC3F30403DBB2083B0F2B00F259
:10A910009C8001A252F823F059A9000067A9000009
:10A9200075A9000083A9000091A900009FA900005B
:10A93000B5A90000C3A90000D1A90000DFA900004B
:10A94000EDA90000FBA900000BAA00001BAA000053
:10A950002BAA00003BAA0000FB6843F317031A462A
:10A960007B685A6572E0FB6843F317031A467B68FD
:10A970009A656BE0FB6843F317031A467B68DA6558
:10A9800064E0FB6843F317031A467B681A665DE0D0
:10A99000FB6843F317031A467B685A6656E0FB6868
:10A9A00043F317031A467B689A664FE0B02802000B
:10A9B000F4280200FB6843F317031A467B68DA6643
:10A9C00044E0FB6843F317031A467B681A673DE0CF
:10A9D000FB6843F317031A467B685A6736E0FB6847
:10A9E00043F317031A467B689A672FE0FB6843F32B
:10A9F00017031A467B68DA6728E0FB6843F31703FE
:10AA00001A467B68C3F8802020E0FB6843F31703F5
:10AA10001A467B68C3F8842018E0FB6843F31703E9
:10AA20001A467B68C3F8882010E0FB6843F31703DD
:10AA30001A467B68C3F88C2008E0FB6843F31703D1
:10AA40001A467B68C3F8902000E000BF0BE07B68EB
:10AA50005B78002B07D0FB7CC3F30403DBB2194601
:10AA6000074801F0B1FDFB690133FB61FB691D2B58
:10AA70007FF6E9AD00BF2037BD46BDE8F08100BFDD
:10AA80005829020080B584B000AFF860B9607A60E0
:10AA90003B60974801F098FD9648FBF77DF8024629
:10AAA0000B46954801F090FD9248FBF789F8024665
:10AAB0000B46924801F088FD8E48FBF795F8024658
:10AAC0000B468F4801F080FD8A48FBF7A1F802464B
:10AAD0000B468C4801F078FD8648FBF7ADF802463E
:10AAE0000B46894801F070FD8248FBF7B9F8024631
:10AAF0000B46864801F068FD7E48FBF7C5F8024624
:10AB00000B46834801F060FD7A48FBF7D1F8024616
:10AB10000B46804801F058FD7648FBF7DDF8024609
:10AB20000B467D4801F050FD7248FBF7E9F80246FC
:10AB30000B467A4801F048FD6E48FBF7F5F80246EF
:10AB40000B46774801F040FD6A48FBF701F90246E1
:10AB50000B46744801F038FD6648FBF70DF90246D4
:10AB60000B46714801F030FD6248FBF719F90246C7
:10AB70000B466E4801F028FD5E48FBF725F90246BA
:10AB80000B466B4801F020FD5A48FBF731F90246AD
:10AB90000B46684801F018FD5648FBF73DF90246A0
:10ABA0000B46654801F010FD5248FBF749F9024693
:10ABB0000B46624801F008FD4E48FBF755F9024686
:10ABC0000B465F4801F000FD4A48FBF761F9024679
:10ABD0000B465C4801F0F8FC4648FBF76DF902466D
:10ABE0000B46594801F0F0FC4248FBF779F9024660
:10ABF0000B46564801F0E8FC3E48FBF785F9024653
:10AC00000B46534801F0E0FC3A48FBF791F9024645
:10AC10000B46504801F0D8FC3648FBF79DF9024638
:10AC20000B464D4801F0D0FC3248FBF7A9F902462B
:10AC30000B464A4801F0C8FC2E48FBF7B5F902461E
:10AC40000B46474801F0C0FC2A48FBF7C1F9024611
:10AC50000B46444801F0B8FC2648FBF7CDF9024604
:10AC60000B46414801F0B0FC2248FBF7D9F90246F7
:10AC70000B463E4801F0A8FC1E48FBF7E5F90246EA
:10AC80000B463B4801F0A0FC1A48FBF7F1F90246DD
:10AC90000B46384801F098FC1648FBF7FDF90246D0
:10ACA0000B46354801F090FC1248FBF709FA0246C2
:10ACB0000B46324801F088FC0E48FBF715FA0246B5
:10ACC0000B462F4801F080FC0A48FBF721FA0246A8
:10ACD0000B462C4801F078FC2B4801F075FCB86855
:10ACE00003F0FAFD03465BB218461037BD4680BD3F
:10ACF00088290200705C0020C8290200D8290200BF
:10AD0000E8290200F8290200082A0200182A020095
:10AD1000282A02003C2A0200502A0200642A02006B
:10AD2000782A02008C2A0200A02A0200B42A02001B
:10AD3000C82A0200DC2A0200F02A0200042B0200CA
:10AD4000182B0200282B0200382B0200482B02008F
:10AD50005C2B02006C2B02007C2B0200902B02006B
:10AD6000A02B0200B42B0200C42B0200D42B020043
:10AD7000E82B0200F82B0200082C02001C2C020019
:10AD80002C2C02003C2C0200502C020080B586B016
:10AD900000AFF860B9607A603B60BF48FFF704FB22
:10ADA000BD48FFF7F7F8BD4801F00EFC07F11403AA
:10ADB0001946B948FFF7FBF87B697A691946B84824
:10ADC00001F002FC07F114031946B348FFF7FDF840
:10ADD0007B697A691946B34801F0F6FB07F1140361
:10ADE0001946AD48FFF7FFF87B697A691946AE4806
:10ADF00001F0EAFB07F114031946A748FFF701F930
:10AE00007B697A691946A94801F0DEFB07F1140352
:10AE10001946A148FFF703F97B697A691946A448E6
:10AE200001F0D2FB07F1140319469B48FFF705F91F
:10AE30007B697A6919469F4801F0C6FB07F1140344
:10AE400019469548FFF707F97B697A6919469A48C8
:10AE500001F0BAFB07F1140319468F48FFF709F90F
:10AE60007B697A691946954801F0AEFB07F1140336
:10AE700019468948FFF70BF97B697A6919469048AA
:10AE800001F0A2FB07F1140319468348FFF70DF9FF
:10AE90007B697A6919468B4801F096FB07F1140328
:10AEA00019467D48FFF70FF97B697A69194686488C
:10AEB00001F08AFB07F1140319467748FFF711F9EF
:10AEC0007B697A691946814801F07EFB07F114031A
:10AED00019467148FFF713F97B697A6919467C486E
:10AEE00001F072FB07F1140319466B48FFF715F9DF
:10AEF0007B697A691946774801F066FB07F114030C
:10AF000019466548FFF717F97B697A69194672484F
:10AF100001F05AFB07F1140319465F48FFF719F9CE
:10AF20007B697A6919466D4801F04EFB07F11403FD
:10AF300019465948FFF71BF97B697A691946684831
:10AF400001F042FB07F1140319465348FFF71DF9BE
:10AF50007B697A691946634801F036FB07F11403EF
:10AF600019464D48FFF71FF97B697A6919465E4813
:10AF700001F02AFB07F1140319464748FFF721F9AE
:10AF80007B697A691946594801F01EFB07F11403E1
:10AF900019464148FFF723F97B697A6919465448F5
:10AFA00001F012FB07F1140319463B48FFF725F99E
:10AFB0007B697A6919464F4801F006FB07F11403D3
:10AFC00019463548FFF727F97B697A6919464A48D7
:10AFD00001F0FAFA07F1140319462F48FFF729F98F
:10AFE0007B697A691946454801F0EEFA07F11403C6
:10AFF00019462948FFF72BF97B697A6919464048B9
:10B0000001F0E2FA07F1140319462348FFF72DF97E
:10B010007B697A6919463B4801F0D6FA07F11403B7
:10B0200019461D48FFF72FF97B697A69194636489A
:10B0300001F0CAFA07F1140319461748FFF731F96E
:10B040007B697A691946314801F0BEFA07F11403A9
:10B0500019461148FFF733F97B697A6919462C487C
:10B0600001F0B2FA07F1140319460B48FFF735F95E
:10B070007B697A691946274801F0A6FA07F114039B
:10B0800019460548FFF737F97B697A69194622485E
:10B0900001F09AFA42E000BF705C0020782C0200B8
:10B0A000B82C0200CC2C0200E02C0200F42C020090
:10B0B0000C2D0200242D0200382D0200542D020018
:10B0C000702D0200882D0200A42D0200C02D020068
:10B0D000D82D0200F42D0200102E0200282E0200AE
:10B0E000442E0200602E0200782E0200902E0200F4
:10B0F000A82E0200C02E0200D82E0200F02E020060
:10B10000082F0200202F0200382F0200502F0200CB
:10B11000682F0200802F0200982F020007F114030D
:10B1200019462248FFF7F5F87B697A6919462048E5
:10B1300001F04AFA07F1140319461C48FFF7F8F822
:10B140007B697A6919461B4801F03EFA07F114033E
:10B1500019461648FFF7FBF87B697A6919461648C5
:10B1600001F032FA07F1140319461048FFF7FEF810
:10B170007B697A691946114801F026FA07F1140330
:10B1800019460A48FFF701F97B697A6919460C48A4
:10B1900001F01AFA0B4801F017FAB86803F09CFBAB
:10B1A00003465BB218461837BD4680BD705C002070
:10B1B000AC2F0200C42F0200DC2F0200F42F02008B
:10B1C0000C30020024300200B0B594B006AFF86035
:10B1D000B9607A603B60012387F837306749B86807
:10B1E00003F008F9B8626549002003F003F97862BA
:10B1F0006249002003F0FEF838624FF00002604B15
:10B20000C7E906234FF000024FF00003C7E904230B
:10B21000BB6A002B08D15B4801F0D6F9B86803F08F
:10B220005BFB03465BB2A4E000233B6317E0BA6A12
:10B230003B6B134493F90030002B15D0BA6A3B6B7B
:10B24000134493F90030184602F0C8FA0146BA6A6E
:10B250003B6B13444AB21A703B6B01333B633A6B4E
:10B260007B689A42E3D300E000BF7B6A002B09D0E1
:10B27000002387F8373007F118031A464249786AE5
:10B2800002F044FE3B6A002B09D0002387F83730D8
:10B2900007F110031A463C49386A02F037FE0822CB
:10B2A0003A49B86A03F04EF80346002B14D14FF028
:10B2B00000024FF00003CDE900234FF00002304BB5
:10B2C0003348FEF799FD334801F07EF9B86803F082
:10B2D00003FB03465BB24CE00023FB622E49B86AD5
:10B2E00003F0A6F90346002B01D1294BFB62FB6A50
:10B2F000002B32D097F8373083F00103DBB2002BFC
:10B3000019D0D7E90601D7E90423CDE90023024685
:10B310000B46F86AFEF770FDD7E90601D7E904236A
:10B320003C6A0494CDE902237B6A009302460B46F3
:10B330001A4801F049F9F86AFEF773FD04460D4614
:10B34000F86AFEF77BFD02460B46CDE90023224654
:10B350002B46134801F038F903E0B96A114801F0AF
:10B3600033F9114801F030F9B86803F0B5FA034633
:10B370005BB218463837BD46B0BD00BF4C30020046
:10B380000000F03F54300200B8300200BC30020030
:10B39000A05F0020C8300200003102000831020026
:10B3A0004C3102007C310200BC310200B0B584B0E7
:10B3B00000AFF860C7E90023FB681846FEF73AFCC7
:10B3C0001D4AFB681A60F968D7E90023C1E9022326
:10B3D000FB6810331D241D4604E02846FEF710FBD1
:10B3E000013C0435002CF8DAFB6888331D241D4627
:10B3F00004E02846FEF704FB013C0435002CF8DA93
:10B40000FB68002283F80021FB68002283F80121F9
:10B41000FB68002283F80221FB68002283F80321E5
:10B420000120FEF7BFFC0120FEF7C6FCFB681846B2
:10B430001037BD46B0BD00BF6436020080B582B093
:10B4400000AF7860054A7B681A607B681846FEF793
:10B4500001FC7B6818460837BD4680BD6436020093
:10B4600080B582B000AF78607868FFF7E7FF4FF4EF
:10B470008471786801F057FC7B6818460837BD4630
:10B4800080BD000080B584B000AF78600020FEF77A
:10B4900045FC42F21070F5F7CFFA07F10E031A4699
:10B4A0000021786800F07CFBFB8919462D4801F0EB
:10B4B0008BF807F10E031A460121786800F070FB43
:10B4C000FB891946284801F07FF807F10E031A4658
:10B4D0000621786800F064FBFB891946234801F0D7
:10B4E00073F807F10E031A460721786800F058FB3D
:10B4F000FB8919461E4801F067F807F10E031A464A
:10B500000921786800F04CFBFB891946194801F0C5
:10B510005BF807F10E031A460321786800F040FB40
:10B52000FB891946144801F04FF807F10E031A463B
:10B530000421786800F034FBFB8919460F4801F0BC
:10B5400043F807F10E031A460521786800F028FB3E
:10B55000FB8919460A4801F037F800BF1037BD468D
:10B5600080BD00BFE031020008320200303202002C
:10B570005832020080320200A8320200D0320200AB
:10B58000F832020080B58CB004AF78600B46FB70D7
:10B590000020FEF7C3FB42F21070F5F74DFA07F1F9
:10B5A0001C00002300220621FEF73DFA397F78684F
:10B5B00000F020FB4FF47A70F5F73EFA07F118001F
:10B5C000012302930123019300230093012300220E
:10B5D0000121FEF756FA07F114000023009300231F
:10B5E00001220021FEF7A0FA07F1100001230193C8
:10B5F00001230093012301220121FEF7CCFA3B7EB7
:10B600001A460021786800F0C0F93B7D1A460121F6
:10B61000786800F0BAF93B7C1A460621786800F099
:10B62000B4F9FB781A460721786800F0AEF90022D9
:10B630000821786800F0A9F907F10E031A460021E5
:10B64000786800F0ADFA3B7E1A46FB89DBB29A427D
:10B6500006D13B7E1A46FB891B0A9BB29A4208D050
:10B66000FB8919463B7E1A463B4800F0ADFF00239C
:10B670006EE007F10E031A460121786800F090FA97
:10B680003B7D1A46FB89DBB29A4206D13B7D1A46C6
:10B69000FB891B0A9BB29A4208D0FB8919463B7D65
:10B6A0001A462E4800F090FF012351E007F10E03E7
:10B6B0001A460621786800F073FA3B7C1A46FB892B
:10B6C000DBB29A4206D13B7C1A46FB891B0A9BB22D
:10B6D0009A4208D0FB8919463B7C1A46204800F064
:10B6E00073FF062334E007F10E031A46072178683A
:10B6F00000F056FAFA78FB89DBB29A4205D1FB7862
:10B70000FA89120A92B2934208D0FB891946FB7853
:10B710001A46144800F058FF072319E007F10E03FA
:10B720001A460921786800F03BFAFB89DBB28B2BC3
:10B7300004D1FB891B0A9BB28B2B08D0FB8948F6EE
:10B740008B321946084800F03FFF092300E0002330
:10B7500018462037BD4680BD203302006433020006
:10B76000A8330200EC3302002C34020080B483B012
:10B7700000AF78607B68002283F800217B6800229C
:10B7800083F801217B68002283F802217B68002274
:10B7900083F8032100BF0C37BD4680BC704780B5DD
:10B7A00084B000AF786039603B681D2B0FD8786893
:10B7B00000F037FAF86001223B6802FA03F3FA68F6
:10B7C0001343FB60F968786800F053FA00E000BFAB
:10B7D0001037BD4680BD000080B584B000AF7860F2
:10B7E0007B6893F800311A460321786800F0CDF8A1
:10B7F0007B6893F801311A460421786800F0C5F897
:10B800007B6893F802311A460521786800F0BDF88C
:10B810007B6893F803311A460621786800F0B5F882
:10B8200007F10E031A460321786800F0B9F97B6826
:10B8300093F800311A46FB89DBB29A4208D17B6843
:10B8400093F800311A46FB891B0A9BB29A4204D036
:10B85000FB8919462E4800F0B7FE07F10E031A4681
:10B860000421786800F09CF97B6893F801311A464E
:10B87000FB89DBB29A4208D17B6893F801311A4602
:10B88000FB891B0A9BB29A4204D0FB8919462148C6
:10B8900000F09AFE07F10E031A460521786800F0C1
:10B8A0007FF97B6893F802311A46FB89DBB29A4232
:10B8B00008D17B6893F802311A46FB891B0A9BB2B8
:10B8C0009A4204D0FB891946134800F07DFE07F127
:10B8D0000E031A460621786800F062F97B6893F837
:10B8E00003311A46FB89DBB29A4208D17B6893F890
:10B8F00003311A46FB891B0A9BB29A4204D0FB898A
:10B900001946064800F060FE00BF1037BD4680BDF6
:10B910006C340200A8340200E43402002035020036
:10B9200080B588B004AF78600123FB7307F108008D
:10B93000012302930023019300230093012300229B
:10B940000121FEF79EF83B7A23F020033B723B7AFD
:10B9500043F002033B723B7A23F010033B723B7AC5
:10B960001A460021786800F010F807F10C00002357
:10B9700000220421FEF757F8397B786800F03AF985
:10B98000FB7B18461037BD4680BD80B584B000AF44
:10B9900078600B46FB701346BB7007F10C0318462A
:10B9A00000F088F9FB7843F06003DBB21946786851
:10B9B00000F0A7F9BB781946786800F0A2F907F102
:10B9C0000C03184600F088F91037BD4680BD90B5CD
:10B9D00085B000AF78600B46FB7007F10C0318468A
:10B9E00000F068F90023FB73FB7843F04003DBB2FF
:10B9F0001946786800F085F9786800F090F90346F8
:10BA0000DAB2FB7B1343FB73FB7B9CB207F10C03A5
:10BA1000184600F061F9234618461437BD4690BD1C
:10BA200080B586B000AF786007F110031846FDF7C7
:10BA3000E7FF07F10C031846FDF7E2FF07F10C02E0
:10BA400007F110031946786800F077F9FB7CC3F31F
:10BA50000403DBB21D2B0FD8FB7C23F07F03DBB28A
:10BA6000002B09D0FB7CC3F30403DBB21A467B68CE
:10BA70000432396943F82210FB7BC3F30403DBB2C1
:10BA80001D2B0FD8FB7B23F07F03DBB2002B09D0EB
:10BA9000FB7BC3F30403DBB21A467B682232F968EE
:10BAA00043F822100123FB75FB7D18461837BD466D
:10BAB00080BD80B584B000AF786039603B681E2BD4
:10BAC00001D900230EE0786800F0ABF8F860FA685E
:10BAD0003B6822FA03F303F00103002B14BF012398
:10BAE0000023DBB218461037BD4680BD80B584B058
:10BAF00000AFF8607A603B600B46FB72FB7A1D2B4F
:10BB000028D8FB7A7968FA68043308469B00134406
:10BB10000422194602F06AFEFB7A3968FA68223379
:10BB200008469B0013440422194602F05FFEFB7A8C
:10BB3000FA6804339B001344DA7822F08002DA704A
:10BB4000FB7AFA6822339B001344DA7822F08002F1
:10BB5000DA7000E000BF1037BD4680BD80B582B00E
:10BB600000AF786039603B681B68184611F0A8FC8C
:10BB70007B68D3E9022311F00DFD02460B46104607
:10BB800019464FF00002054B11F02EFE02460B46FF
:10BB9000104619460837BD4680BD00BF00005E4113
:10BBA00080B586B000AFF8600B467A60FB7207F193
:10BBB0001403184600F07EF87B6800221A80FB7A96
:10BBC00043F04003DBB21946F86800F09AF8F868D1
:10BBD00000F0A5F803461A467B681B8813439AB207
:10BBE0007B681A8007F11403184600F075F81837BF
:10BBF000BD4680BD80B584B000AF7860397007F174
:10BC00000C03184600F056F83B781946786800F0A7
:10BC100078F807F10C03184600F05EF81037BD46BF
:10BC200080BD80B485B000AF78600023FB607B6886
:10BC300093F800311A46FB681343FB607B6893F866
:10BC400001311B02FA681343FB607B6893F80231F1
:10BC50001B04FA681343FB607B6893F803311B06EF
:10BC6000FA681343FB60FB6818461437BD4680BC76
:10BC7000704780B483B000AF786039603B68DAB257
:10BC80007B6883F800213B681B0ADAB27B6883F883
:10BC900001213B681B0CDAB27B6883F802213B6808
:10BCA0001B0EDAB27B6883F8032100BF0C37BD4658
:10BCB00080BC704780B582B000AF78604FF47A7076
:10BCC000F4F7BAFEFEF702F80120FEF727F87B68CA
:10BCD00018460837BD4680BD80B582B000AF786099
:10BCE0000120F4F7A9FEFDF7F1FF0020FEF716F89A
:10BCF0004FF47A70F4F7A0FE7B6818460837BD460B
:10BD000080BD80B582B000AF78600B46FB70FB78D9
:10BD10001846FEF71DF800BF0837BD4680BD80B548
:10BD200084B000AF78600020FEF722F80346FB8164
:10BD3000FB8918461037BD4680BD80B586B000AF80
:10BD4000F860B9607A600023FB8207F1140318469B
:10BD5000FFF7B0FF3021F868FFF7D3FFF868FFF76F
:10BD6000DEFF0346FB82FB8ADAB2BB68DA70FB8A2D
:10BD70001B0A9BB2DAB27B68DA70F868FFF7CFFF74
:10BD80000346FB82FB8ADAB2BB689A70FB8A1B0A05
:10BD90009BB2DAB27B689A70F868FFF7C0FF03467F
:10BDA000FB82FB8ADAB2BB685A70FB8A1B0A9BB221
:10BDB000DAB27B685A70F868FFF7B1FF0346FB827E
:10BDC000FB8ADAB2BB681A70FB8A1B0A9BB2DAB232
:10BDD0007B681A7007F114031846FFF77DFF1837C8
:10BDE000BD4680BD0000000080B582B002AFC048F3
:10BDF000FEF732F84FF000024FF00003CDE90023C8
:10BE00004FF00002BB4BBC48FDF7E0FF4FF00002D3
:10BE10004FF00003CDE900234FF00002B54BB748C7
:10BE2000FDF7D4FF4FF000024FF00003CDE90023EF
:10BE30004FF00002AF4BB248FDF7C8FF4FF00002D1
:10BE40004FF00003CDE900234FF00002A94BAD48AD
:10BE5000FDF7BCFF4FF000024FF00003CDE90023D7
:10BE60004FF00002A34BA848FDF7B0FF4FF00002CF
:10BE70004FF00003CDE900234FF000029D4BA34893
:10BE8000FDF7A4FF4FF000024FF00003CDE90023BF
:10BE90004FF00002974B9E48FDF798FF4FF00002CD
:10BEA0004FF00003CDE900234FF00002914B994879
:10BEB000FDF78CFF4FF000024FF00003CDE90023A7
:10BEC0004FF000028B4B9448FDF780FF4FF00002CB
:10BED0004FF00003CDE900234FF00002854B8F485F
:10BEE000FDF774FF4FF000024FF00003CDE900238F
:10BEF0004FF000027F4B8A48FDF768FF4FF00002C9
:10BF00004FF00003CDE900234FF00002794B854844
:10BF1000FDF75CFF4FF000024FF00003CDE9002376
:10BF20004FF00002734B8048FDF750FF4FF00002C6
:10BF30004FF00003CDE900234FF000026D4B7B482A
:10BF4000FDF744FF4FF000024FF00003CDE900235E
:10BF50004FF00002674B7648FDF738FF4FF00002C4
:10BF60004FF00003CDE900234FF00002614B714810
:10BF7000FDF72CFF4FF000024FF00003CDE9002346
:10BF80004FF000025B4B6C48FDF720FF4FF00002C2
:10BF90004FF00003CDE900234FF00002554B6748F6
:10BFA000FDF714FF4FF000024FF00003CDE900232E
:10BFB0004FF000024FF080436148FDF707FF4FF05C
:10BFC00000024FF00003CDE900234FF00002494B7F
:10BFD0005C48FDF7FBFE4FF000024FF00003CDE997
:10BFE00000234FF00002434B5748FDF7EFFE4FF0A0
:10BFF00000024FF00003CDE900234FF000023D4B5B
:10C000005248FDF7E3FE4FF000024FF00003CDE988
:10C01000002335A3D3E900234D48FDF7D7FE4FF0A9
:10C0200000024FF00003CDE900234FF00002314B36
:10C030004848FDF7CBFE4FF000024FF00003CDE97A
:10C0400000234FF000022B4B4348FDF7BFFE4FF09B
:10C0500000024FF00003CDE900234FF00002254B12
:10C060003E48FDF7B3FE4FF000024FF00003CDE96C
:10C0700000234FF000021F4B3948FDF7A7FE4FF099
:10C0800000024FF00003CDE900234FF000024FF013
:10C0900080433448FDF79AFE4FF000024FF0000352
:10C0A000CDE900234FF00002124B2F48FDF78EFE22
:10C0B0004FF000024FF00003CDE900234FF00002E3
:10C0C0000C4B2A48FDF782FE4FF000024FF00003B0
:10C0D000CDE900234FF000024FF080432448FDF7E4
:10C0E00075FE4FF0000245E05EBA490C02AB1E40FF
:10C0F000705C00200000F03F105E0020205E0020F9
:10C10000305E0020405E0020505E0020605E002017
:10C11000705E0020805E0020905E0020A05E002007
:10C12000B05E0020C05E0020D05E0020E05E0020F7
:10C13000F05E0020005F0020105F0020205F0020E4
:10C14000305F0020405F0020505F0020605F0020D3
:10C15000705F0020805F0020905F0020A05F0020C3
:10C16000B05F0020C05F0020D05F0020E05F0020B3
:10C17000F05F00204FF00003CDE900234FF00002F4
:10C180004FF080431C48FDF721FE4FF000024FF0B6
:10C190000003CDE900234FF00002184B1848FDF7CB
:10C1A00015FE4FF000024FF00003CDE9002310A36D
:10C1B000D3E900231348FDF709FE4FF000024FF0CA
:10C1C0000003CDE900230AA3D3E900230E48FDF7BD
:10C1D000FDFD4FF000024FF00003CDE900234FF0CA
:10C1E00000020A4B0A48FDF7F1FD00BFBD4680BDC5
:10C1F0005EBA490C02AB1E40006000200000F03F18
:10C200001060002020600020306000200040594075
:10C210004060002080B500AF0348FDF7ADFE034845
:10C22000FBF700FF00BF80BD705C002048000020CD
:10C2300080B500AFFFF7D8FD80BD80B500AFFFF738
:10C24000E9FF80BD80B483B000AF7860044B1B6809
:10C25000C83301221A7000BF0C37BD4680BC70473E
:10C260004C00002090B589B000AFF860B9607A60EA
:10C270003B600023FB61FB68002B02D0BB68002BF6
:10C2800001D10023DCE07B6B002B16D0BB6B002BB5
:10C2900013D0B96B786B02F09BF803461A46796BA2
:10C2A000F86802F04FF80346002B14BF0123002367
:10C2B000DBB2002B01D00023C2E0BB68BB61BB69CD
:10C2C000202B01D92023BB6197F83C3083F0010378
:10C2D000DBB2002B39D00023FB6129E0FA68FB694F
:10C2E000134493F90030602B15DDFA68FB691344A1
:10C2F00093F900307A2B0EDCFA68FB69134493F94A
:10C300000030DBB2203BDBB259B24F4AFB69134429
:10C310000A461A7009E0FA68FB69134493F90010A1
:10C32000494AFB6913440A461A70FB690133FB61F1
:10C33000B969F86802F04CF80246FB69934234BFD1
:10C3400001230023DBB2002BC8D13F4B0022DA7758
:10C3500000233B610023FB6148E0FB691B017A6815
:10C3600013441B7A7B61BA687B699A4201D2BB682D
:10C370007B61FB691B017A6813441B687A69194663
:10C38000314801F0DFFF0346002B0CD0FB691B0195
:10C390007A6813441B687A691946F86801F0D2FF7D
:10C3A0000346002B1FD1FB691B017A6813441B7ADB
:10C3B0001A46FB6813443B61FB691B017A6813440E
:10C3C000DC68FB691B017A6813441868FB691B0170
:10C3D0007A6813441B7A1A46BB689A1A3B6C39690F
:10C3E000A04701232CE0FB690133FB61FA693B683C
:10C3F0009A42B2D397F83030002B18D11249134823
:10C4000000F0E2F80023FB610BE00F4AFB691344E4
:10C4100093F9003019460E4800F0D6F8FB69013355
:10C42000FB61FB69092BF0D90A4800F0CDF897F8B9
:10C430003030002B03D13968786800F00DF8002304
:10C4400018462437BD4690BD506000208836020053
:10C45000A4360200AC36020080B584B000AF78602C
:10C4600039600023FB6010E0FB681B017A6813440D
:10C470001968FB681B017A6813445B681A46074811
:10C4800000F0A2F8FB680133FB60FA683B689A424F
:10C49000EAD300BF00BF1037BD4680BDD4360200CE
:10C4A00090B587B002AFF8607A603B600B467B8145
:10C4B000FB68002B0BD0FB681B680C331C68798968
:10C4C0003B6A00933B687A68F868A04702E003483B
:10C4D00000F07AF800BF1437BD4690BDDC3602008C
:10C4E00080B586B000AFF860B9607A60BB68002B99
:10C4F00001D1002312E000237B610AE0BA687B6966
:10C50000134493F900301846FCF73EFD7B69013374
:10C510007B617A697B689A42F0D37B68184618374A
:10C52000BD4680BD80B586B000AFF860B9607A6066
:10C53000FB68B3F1804F03D3FB680D4A934209D9DE
:10C540007B68BA68F9680B4801F0EAFBFA687B6817
:10C55000134409E0FB687B617A68B968786902F086
:10C5600045F902467B68134418461837BD4680BD1E
:10C57000008000403C37020080B586B000AFF86014
:10C58000B9607A60BB68002B02D0FB68002B01D138
:10C59000002315E0FB683B6100237B610BE0BA6878
:10C5A0007B69134493F900303969184601F008FC9F
:10C5B0007B6901337B617A697B689A42EFD37B6840
:10C5C00018461837BD4680BD0FB480B582B000AFA5
:10C5D00007F114033B603B683A6900210548F6F710
:10C5E00011FB78607B6818460837BD46BDE880407F
:10C5F00004B07047E1C400000EB480B585B000AF50
:10C60000786007F12003BB60BB68FA6979680A4863
:10C61000F6F7F8FAF860FB68002B04DBFB687A6831
:10C62000134400221A70FB6818461437BD46BDE853
:10C63000804003B0704700BF25C500000CB480B532
:10C6400084B000AF7860396007F11C03BB60BB6841
:10C65000BA6979680548F6F7D5FAF860FB681846B4
:10C660001037BD46BDE8804002B0704725C50000C8
:10C670000EB480B585B000AF786007F12003BB60D1
:10C68000BB68FA6979680648F6F7BCFAF860FB6897
:10C6900018461437BD46BDE8804003B0704700BF60
:10C6A00079C50000F0B587B004AF78607B681A7870
:10C6B0005B781B0213439BB21E467B681B7803F01A
:10C6C0000103DBB2002B01D0592400E04E247B682B
:10C6D0001B7803F00203DBB2002B01D0592500E0E8
:10C6E0004E257B681B7803F00403DBB2002B01D0DE
:10C6F000592300E04E237A68127802F00802D2B281
:10C70000002A01D0592200E04E227968497801F0D0
:10C710000101C9B2002901D0592100E04E217868F9
:10C72000407800F00200C0B2002801D0592000E09B
:10C730004E2003900291019200932B4622463146EF
:10C740000348FFF741FF00BF0C37BD46F0BD00BFF7
:10C75000B8370200F0B589B006AF78607B681B7807
:10C760009C467B681B7803F00103DBB2002B01D0F1
:10C77000592500E04E257B681B7803F00203DBB2ED
:10C78000002B01D0592600E04E267B681B7803F071
:10C790000403DBB2002B01D0592300E04E237A685A
:10C7A000127802F00802D2B2002A01D0592200E029
:10C7B0004E227968097801F01001C9B2002901D030
:10C7C000592100E04E217868007800F02000C0B2C6
:10C7D000002801D0592000E04E207C68247804F025
:10C7E0004004E4B2002C01D0592400E04E2404940B
:10C7F000039002910192009333462A466146034812
:10C80000FFF7E2FE00BF0C37BD46F0BD2C3802003A
:10C8100080B582B000AF78607B681A7859780902D9
:10C820000A43997809040A43DB781B061343194627
:10C830000348FFF7C9FE00BF0837BD4680BD00BFF3
:10C84000AC380200F0B587B004AF78607B681B7825
:10C850001E467B681B7803F00103DBB2002B01D07E
:10C86000592400E04E247B681B7803F00203DBB2FE
:10C87000002B01D0592500E04E257B681B7803F082
:10C880000803DBB2002B01D0592300E04E237A6865
:10C89000127802F01002D2B2002A01D0592200E030
:10C8A0004E227968097801F02001C9B2002901D02F
:10C8B000592100E04E217868007820F07F00C0B256
:10C8C000002801D0592000E04E20039002910192EF
:10C8D00000932B46224631460348FFF775FE00BF02
:10C8E0000C37BD46F0BD00BFD838020080B582B01D
:10C8F00000AF78607B681A78597809020A43997802
:10C9000009040A43DB781B06134319460348FFF763
:10C910005BFE00BF0837BD4680BD00BF583902002E
:10C9200080B582B000AF78607B681A7859780902C8
:10C930000A43997809040A43DB781B061343194616
:10C940000D48FFF741FE7B681846FFF77BFF0B4859
:10C95000FFF73AFE7B6801331846FFF7FBFE0748F6
:10C96000FFF732FE7B6802331846FFF79BFE00BFDD
:10C970000837BD4680BD00BF88390200BC390200BF
:10C9800080B584B002AF78607B681A785978090264
:10C990000A43997809040A43DB781B0613431846B7
:10C9A0007B681B7803F00203DBB2002B01D0592215
:10C9B00000E04E227B68DB7803F04003DBB2002B03
:10C9C00001D0592100E04E217B68DB7823F07F0302
:10C9D000DBB2002B01D0592300E04E2300930B461D
:10C9E00001460348FFF7F0FD00BF0837BD4680BD94
:10C9F000C03902002DE9F04188B006AF78607B684D
:10CA00001A78597809020A43997809040A43DB78AD
:10CA10001B0613439C467B681A79597909020A431D
:10CA2000997909040A43DB791B0613439E467B6808
:10CA30001A7A597A09020A43997A09040A43DB7A75
:10CA40001B06134398467B681A7B597B09020A43ED
:10CA5000997B09040A43DB7B1B06134318467B685A
:10CA60001A7C597C09020A43997C09040A43DB7C3D
:10CA70001B0613431C467B681A7D597D09020A4335
:10CA8000997D09040A43DB7D1B0613431D467B6821
:10CA90001A7E597E09020A43997E09040A43DB7E05
:10CAA0001B0613431E467B681A7F597F09020A43FF
:10CAB000997F09040A43DB7F1B0613430493039603
:10CAC0000295019400904346724661460348FFF781
:10CAD0007BFD00BF0837BD46BDE8F0810C3A02007F
:10CAE00080B584B000AF78601C4B1B6803F0010375
:10CAF000002B14BF01230023DBB2002B00D001BEAA
:10CB00007868FFF777FF1648FFF75EFD154B1B6847
:10CB10001846FFF77DFE1248FFF756FD124B1B68C3
:10CB20001846FFF7E3FE0E48FFF74EFD0F4B1B685C
:10CB30001846FFF725FF0A48FFF746FD0C4B1B6818
:10CB40001846FFF7EDFE0648FFF73EFD0023FB60A9
:10CB5000FB68984700BF1037BD4680BDF0ED00E090
:10CB6000903A02005C000020640000206C0000206D
:10CB70006800002080B586B000AF78601248FFF7EB
:10CB800023FD7B689B693B617B685B69FB6039695E
:10CB90000E48FFF719FDF9680D48FFF715FD002352
:10CBA0007B6104E0FCF7CAF97B6901337B617B6937
:10CBB000B3F5805FF6D30023BB60BB68984700BF26
:10CBC0001837BD4680BD00BF943A0200A43A020067
:10CBD000B43A020080B586B000AF78601248FFF723
:10CBE000F3FC7B689B693B617B685B69FB6039692F
:10CBF0000E48FFF7E9FCF9680D48FFF7E5FC002354
:10CC00007B6104E0FCF79AF97B6901337B617B6906
:10CC1000B3F5805FF6D30023BB60BB68984700BFC5
:10CC20001837BD4680BD00BFC43A0200A43A0200D6
:10CC3000B43A020080B586B000AF78601248FFF7C2
:10CC4000C3FC7B689B693B617B685B69FB603969FE
:10CC50000E48FFF7B9FCF9680D48FFF7B5FC002353
:10CC60007B6104E0FCF76AF97B6901337B617B69D6
:10CC7000B3F5805FF6D30023BB60BB68984700BF65
:10CC80001837BD4680BD00BFD83A0200A43A020062
:10CC9000B43A020080B500AF0248FBF7C3F900BF09
:10CCA00080BD00BF5000002080B500AFFFF7F2FF4D
:10CCB00080BD000080B582B000AF786039607B68CD
:10CCC0001B68184610F0FCFB3B68D3E9002310F00A
:10CCD00061FC02460B46104619464FF00002054B18
:10CCE00010F082FD02460B46104619460837BD4635
:10CCF00080BD00BF00005E4180B483B000AF7860AB
:10CD00000B46FB707B68FA785A7000BF0C37BD4643
:10CD100080BC704780B483B000AF786000BF0C3730
:10CD2000BD4680BC704780B483B000AF7860396086
:10CD300000BF0C37BD4680BC704780B400AF00BF59
:10CD4000BD4680BC704780B582B000AF786078681F
:10CD500001F07AF800BF0837BD4680BD80B500AF4E
:10CD60000248FFF731FC00BF80BD00BF543B02000A
:10CD700080B582B000AF0123FB710948FDF74CFC80
:10CD8000FCF7DCF80748FCF7F1FA0346002B01D06A
:10CD90000023FB71FB7918460837BD4680BD00BFF4
:10CDA000705C0020204C0020B0B5B2B008AF7860B5
:10CDB00039600023C7F8A4300023C7F8A03000234F
:10CDC000C7F89C300023C7F898304FF00002034B9F
:10CDD000C7E922230023C7F8943062E00000F03F47
:10CDE0000A21C948FBF702FA0A21C748FBF7FEF9F6
:10CDF0000A21C548FBF7FAF90A21C348FBF7F6F9FF
:10CE00000A21C148FBF7F2F90A21BF48FBF7EEF906
:10CE10000A21BD48FBF7EAF90A21BB48FBF7E6F90E
:10CE20000A21B948FBF7E2F94821B748FBF7DEF9D8
:10CE30006521B548FBF7DAF96C21B348FBF7D6F961
:10CE40006C21B148FBF7D2F96F21AF48FBF7CEF95F
:10CE50002021AD48FBF7CAF94521AB48FBF7C6F9DD
:10CE60005321A948FBF7C2F94321A748FBF7BEF9B4
:10CE70002D21A548FBF7BAF94621A348FBF7B6F9DF
:10CE80005321A148FBF7B2F94D219F48FBF7AEF9BA
:10CE90000A219D48FBF7AAF9D7F894300133C7F867
:10CEA0009430D7F8943042F20F72934298D92023ED
:10CEB00000932023954A96499648FFF785FBC822A0
:10CEC000C8219548FFF780FB3C223C219348FFF79F
:10CED0007BFB442244219248FFF776FBA422A42145
:10CEE0009048FFF771FB904800F00AFC00218E4843
:10CEF00000F028FC00218D48FFF7FEFE8B48FDF76F
:10CF000053FAD7F8A4300133C7F8A430D7F8A430C7
:10CF1000B3F5806F02DB0023C7F8A430FFF728FFCA
:10CF2000834B1B78002BECD0D7F8A4305BB243F0D6
:10CF300001035BB2DAB27F4B1B68C8331A7007F18A
:10CF400020031846F6F7DBFA07F118031846F6F740
:10CF5000D6FA07F110031846F6F7D1FA07F10803DD
:10CF60001846F6F7CCFA734B1B68DA6B3B6A62F330
:10CF70001F033B626F4B1B681B6CBB6207F12802EF
:10CF800007F1200311461846F6F7D2FA694B1B68E1
:10CF90005A6CBB6962F31F03BB61664B1B689B6CD9
:10CFA000FB6207F12C0207F1180311461846F6F749
:10CFB000BFFA604B1B68DA6C3B6962F31F033B618D
:10CFC0005C4B1B681B6D3B6307F1300207F11003DC
:10CFD00011461846F6F7ACFA3B6A184610F070FA9C
:10CFE00047A3D3E9002310F0D5FA02460B461446B6
:10CFF0001D46B7F92630184610F062FA4FF00002CD
:10D000004D4B10F0C7FA02460B462046294610F059
:10D01000EBFB02460B46C7E92023BB69184610F01C
:10D020004FFA37A3D3E9002310F0B4FA02460B46B7
:10D0300014461D46B7F91E30184610F041FA4FF05D
:10D0400000023D4B10F0A6FA02460B462046294648
:10D0500010F0CAFB02460B46C7E91E233B6918467F
:10D0600010F02EFA26A3D3E9002310F093FA02461B
:10D070000B4614461D46B7F91630184610F020FA34
:10D080004FF000022C4B10F085FA02460B4620466A
:10D09000294610F0A9FB02460B46C7E91C23B7F945
:10D0A00026301D46386ABC693969D7E91C23CDE9A9
:10D0B0000623D7E91E23CDE90423D7E92023CDE9B0
:10D0C000022300912346024629461C48FFF77CFABA
:10D0D00007F120031846F6F747FA07F11803184638
:10D0E000F6F742FA07F110031846F6F73DFAD7F8BB
:10D0F000A43003F00303002B22E000BFAFF3008055
:10D10000FCA9F1D24D621040F01A0020703B0200E1
:10D11000743B0200A03B0200EC3B0200243C0200F6
:10D12000643C0200A43C0200204C0020705C002003
:10D13000806000204C00002000006041EC3C0200B8
:10D1400040F0F580D7F8A020AD4B1B68DA62D7F825
:10D150009C20AB4B1B681A63D7F89820A84B1B6820
:10D160005A63D7F8A420A74B83FB02131344591129
:10D17000D317C91A0B461B015B1A9B00D11A08462C
:10D1800010F09EF94FF000029F4B10F003FA024698
:10D190000B46C7E91A234FF000029C4BD7E91A014E
:10D1A00010F022FB02460B461046194690A3D3E925
:10D1B000002310F0EFF902460B46C7E918234FF0A1
:10D1C0000002934BD7E91A0110F02EF802460B46E5
:10D1D000104619464FF000028C4B10F005FB02463A
:10D1E0000B461046194682A3D3E9002310F0D2F96A
:10D1F00002460B46C7E916234FF00002854BD7E9DC
:10D200001A0110F011F802460B46104619464FF06D
:10D2100000027E4B10F0E8FA02460B461046194613
:10D2200073A3D3E9002310F0B5F902460B46C7E912
:10D230001423D7E9180110F02BFF4FF00002764BB2
:10D240000FF0F2FF02460B46104619464FF000025F
:10D250004FF0804310F0C8FA02460B46C7E912238C
:10D26000D7E9160110F014FF4FF000026A4B0FF0DF
:10D27000DBFF02460B46104619464FF000024FF006
:10D28000804310F0B1FA02460B46C7E91023D7E9F4
:10D29000140110F0FDFE4FF000025F4B0FF0C4FFD1
:10D2A00002460B46104619464FF000024FF08043ED
:10D2B00010F09AFA02460B46C7E90E234EA3D3E9B3
:10D2C0000023D7E9120110F065F902460B4610461B
:10D2D000194610F037FC0346C7F8A03046A3D3E93F
:10D2E0000023D7E9100110F055F902460B4610460D
:10D2F000194610F027FC0346C7F89C303EA3D3E93B
:10D300000023D7E90E0110F045F902460B461046FE
:10D31000194610F017FC0346C7F89830D7F8983034
:10D32000D7F89C20D7F8A0103C48FFF74DF93C48AF
:10D33000FFF74AF9D7F8A4103A4B83FB0123DA1020
:10D34000CB17D21A1346DB0013449B00CA1A7A6328
:10D350007B6B232B3FF6D5AD01A252F823F000BF23
:10D3600029D4000039D4000049D4000059D4000069
:10D3700069D4000079D4000089D4000099D4000059
:10D38000A9D40000B9D40000C9D40000D9D4000049
:10D39000E9D40000F9D4000009D5000019D5000037
:10D3A00029D5000039D5000049D5000059D5000025
:10D3B00069D5000079D5000089D5000099D5000015
:10D3C000A9D50000B9D50000C9D50000D9D5000005
:10D3D000E9D50000F9D5000009D6000019D60000F3
:10D3E00029D6000039D6000049D6000059D60000E1
:10D3F0001F85EB51B81E194000000000E0FFEF4010
:10D400004C00002089888888000018400080764001
:10D4100000005E4000006E400000F03F503D020002
:10D420006C3D0200398EE3389048F8F7B5FB0246B0
:10D430000B468F48FFF7C8F88C48F8F7C1FB024647
:10D440000B468C48FFF7C0F88848F8F7CDFB02463A
:10D450000B468948FFF7B8F88448F8F7D9FB02462D
:10D460000B468648FFF7B0F88048F8F7E5FB024620
:10D470000B468348FFF7A8F87C48F8F7F1FB024613
:10D480000B468048FFF7A0F87848F8F7FDFB024606
:10D490000B467D48FFF798F87448F8F709FC0246F8
:10D4A0000B467A48FFF790F87048F8F715FC0246EB
:10D4B0000B467748FFF788F86C48F8F721FC0246DE
:10D4C0000B467448FFF780F86848F8F72DFC0246D1
:10D4D0000B467148FFF778F86448F8F739FC0246C4
:10D4E0000B466E48FFF770F86048F8F745FC0246B7
:10D4F0000B466B48FFF768F85C48F8F751FC0246AA
:10D500000B466848FFF760F85848F8F75DFC02469C
:10D510000B466548FFF758F85448F8F769FC02468F
:10D520000B466248FFF750F85048F8F775FC024682
:10D530000B465F48FFF748F84C48F8F781FC024675
:10D540000B465C48FFF740F84848F8F78DFC024668
:10D550000B465948FFF738F84448F8F799FC02465B
:10D560000B465648FFF730F84048F8F7A5FC02464E
:10D570000B465348FFF728F83C48F8F7B1FC024641
:10D580000B465048FFF720F83848F8F7BDFC024634
:10D590000B464D48FFF718F83448F8F7C9FC024627
:10D5A0000B464A48FFF710F83048F8F7D5FC02461A
:10D5B0000B464748FFF708F82C48F8F7E1FC02460D
:10D5C0000B464448FFF700F82848F8F7EDFC024600
:10D5D0000B464148FEF7F8FF2448F8F7F9FC0246ED
:10D5E0000B463E48FEF7F0FF2048F8F705FD0246DF
:10D5F0000B463B48FEF7E8FF1C48F8F711FD0246D2
:10D600000B463848FEF7E0FF1848F8F71DFD0246C4
:10D610000B463548FEF7D8FF1448F8F729FD0246B7
:10D620000B463248FEF7D0FF1048F8F735FD0246AA
:10D630000B462F48FEF7C8FF0C48F8F741FD02469D
:10D640000B462C48FEF7C0FF0848F8F74DFD024690
:10D650000B462948FEF7B8FF0448F8F759FD024683
:10D660000B462648FEF7B0FF4BE400BF705C00207D
:10D67000843D0200943D0200A43D0200B43D02003E
:10D68000C43D0200D43D0200E43D0200F83D02002A
:10D690000C3E0200203E0200343E0200483E0200E2
:10D6A0005C3E0200703E0200843E0200983E020092
:10D6B000AC3E0200C03E0200D43E0200E43E020046
:10D6C000F43E0200043F0200183F0200283F02001F
:10D6D000383F02004C3F02005C3F0200703F0200F6
:10D6E000803F0200903F0200A43F0200B43F0200CE
:10D6F000C43F0200D83F0200E83F0200F83F0200AA
:10D7000080B582B000AF78607B6803F5805300225B
:10D710001A847B6803F5805300225A847B6808339F
:10D720004FF480520021184600F054FD7B6803F549
:10D7300080530833184600F017F8002318460837BE
:10D74000BD4680BD80B483B000AF78600B46FB70EF
:10D750007B6803F580531A46FB7882F8243000BFBB
:10D760000C37BD4680BC704780B483B000AF786092
:10D770007B6800221A617B6800225A6100BF0C3767
:10D78000BD4680BC7047000080B500AF0248FAF784
:10D7900049FC00BF80BD00BF7C00002080B500AF09
:10D7A000FFF7F2FF80BD0000002301461A4618462D
:10D7B00001F0C0B808B50021044601F005F9034B9B
:10D7C0001B6803B198472046F3F72CF8BC61002092
:10D7D000014BC0F8EC307047CC400200034B1B5C9F
:10D7E00003F00303022B08BF20387047CD4002002E
:10D7F000B1F90C20F8B516070C46074648D449681D
:10D8000042F400630029A3815FDDA56A002D3DD0AD
:10D81000002112F480523E683960E16961D1012330
:10D820003846A847451C02466AD0B4F90C30A56AB0
:10D83000E169580705D56368D21A236B0BB1E36B16
:10D84000D21A00233846A847411C4CD13968B4F994
:10D850000C301D293FD82F4ACA40D2073BD50022A1
:10D8600062602269DD04226023F40062A28101D596
:10D87000002943D0216B3E6041B104F1400399423D
:10D8800002D0384601F05CF9002323630020F8BD84
:10D890000E69002EFAD0920718BF00230D6808BF4A
:10D8A0004B690E60AD1B8B600CE02B463246D4F802
:10D8B00024C03846E169E047B0F1000CA5EB0C0547
:10D8C000664406DD002DF0DCE0E7E16B00299CDC1E
:10D8D000DCE7B4F90C3043F040034FF0FF30A38194
:10D8E000F8BD226DA5E70022B4F90C306260226910
:10D8F000226023F40062DB04A281BBD52065B9E776
:10D900003B68002B91D01D2B01D0162BE1D13E603E
:10D91000BCE700BF0100402038B505460C4608B101
:10D92000436B03B3B4F90C0088B1636EDB0701D419
:10D9300081050FD528462146FFF75AFF636E05463D
:10D94000DA0702D4A3899B0508D5284638BD0546C9
:10D95000284638BDA06D00F061FEEBE7A06D00F039
:10D9600065FE284638BD00F05BF9DBE750B338B5FB
:10D97000174B04461D680DB16B6BBBB1B4F90C00BD
:10D9800088B1636EDB0701D4810513D52846214693
:10D99000FFF72EFF636E0546DA0702D4A3899B05C5
:10D9A0000CD5284638BD0546284638BD284600F027
:10D9B00037F9E3E7A06D00F031FEE7E7A06D00F076
:10D9C00035FEEEE7034A0449044800F077B900BF8A
:10D9D000940000208800002019D900009800002041
:10D9E000024A0349034800F069B900BF88000020DB
:10D9F000D9270100980000200C4B416810B59942CE
:10DA0000044601D004F0E8FEA168094B994202D017
:10DA1000204604F0E1FEE168064B994204D020461E
:10DA2000BDE8104004F0D8BE10BD00BF84600020E7
:10DA3000EC6000205461002008B54B6EDA0702D478
:10DA40008B899B0501D5002008BD886D00F0E6FD9F
:10DA5000002008BD08B54B6EDA0702D48B899B0500
:10DA600001D5002008BD886D00F0E0FD002008BD54
:10DA70002DE9F84300250423304C314A3149DFF8C1
:10DA8000C890DFF8C880324F324E116004F15C005C
:10DA900029460822C4E90335C4E90055C4E90555FF
:10DAA000A560656600F096FB04F15800C4E90749DB
:10DAB000C4E90987E66200F0A9FD274B2946082240
:10DAC00004F1C4006367C4E91A55C4E91E5525670B
:10DAD000C4F8CC50C4F8805000F07CFB04F168031B
:10DAE00004F1C000C4F88430C4E92298C4E9247663
:10DAF00000F08CFD194B294604F596700822C4F8F5
:10DB0000DC30C4E93455C4E93855C4F8D850C4F8F9
:10DB10003451C4F8E85000F05DFB04F1D003C4E9CF
:10DB20003D87C4F8F09004F59470C4F8FC60C4F824
:10DB3000EC30BDE8F84300F069BD00BF8460002010
:10DB4000BC610020E1D90000BDDF0000E5DF00007E
:10DB500025E0000049E00000090001001200020079
:10DB6000F8B506462A4800F059FD2A4B1B68002BE1
:10DB700043D0294FD7E90134013B04D524E05A1C96
:10DB800004F1680420D0B4F90C50013B002DF6D10B
:10DB9000224B04F15800E360656600F037FD1C4835
:10DBA00000F044FD08222946C4E90155C4E90455A2
:10DBB0002560A56104F15C0000F00CFBC4E90C5584
:10DBC000C4E911552046F8BD3D680DB12F46D1E797
:10DBD0004FF4D671304601F0AFF8044680B104230B
:10DBE0000560294625460C304FF4D072A060636072
:10DBF00000F0F0FA3C602F46BCE7FFF739FFB8E7CA
:10DC000003483C6000F012FD0C233360DAE700BFEC
:10DC1000E0610020BC610020880000200100FFFFBF
:10DC200010B504460A4800F0F9FC636B23B9094BB0
:10DC3000094A1B68626323B1BDE81040044800F044
:10DC4000F5BCFFF715FFBDE81040014800F0EEBC41
:10DC5000E0610020BC610020F9D90000014800F01B
:10DC6000DDBC00BFE0610020014800F0DFBC00BF68
:10DC7000E061002008B5054800F0D0FCBDE8084090
:10DC80000020034A034900F019B800BFE0610020FA
:10DC90008800002039DA000008B50020044A054950
:10DCA00000F00CF8BDE80840034800F0BFBC00BF1E
:10DCB0008800002055DA0000E06100202DE9F843DB
:10DCC0004FF0000980460F461646D6E90154013D43
:10DCD00010D4A389012B08D9B4F90E30013304D034
:10DCE00021464046B84749EA0009013D6B1C04F152
:10DCF0006804EED13668002EE7D14846BDE8F883C7
:10DD00000EB400B582B003AB53F8042B81680193C5
:10DD100002F002FF02B05DF804EB03B0704700BFF1
:10DD20000FB400B5074A83B004AB106853F8042B56
:10DD30008168019302F0F0FE03B05DF804EB04B0DB
:10DD4000704700BF9400002070B505460E4614468B
:10DD500010B1436B002B2FD0636ED80702D4A38978
:10DD6000990520D5A368013B002BA36019DAA269AD
:10DD700093420FDBF0B20A280CD0054623685A1CE8
:10DD800022601E70636EDA0702D4A3899B050ED54C
:10DD9000284670BD28462246314600F059F905460E
:10DDA000F0E7F0B2E9E7A06D00F038FCDAE7A06D2B
:10DDB00000F03CFC284670BDFFF732FFCCE700BF07
:10DDC0001E4B70B51E6805460C4616B1736B002BD2
:10DDD0002FD0636ED80702D4A389990520D5A368F4
:10DDE000013B002BA36019DAA26993420FDBE8B272
:10DDF0000A280CD0064623685A1C22601D70636EE8
:10DE0000DA0702D4A3899B050ED5304670BD304693
:10DE10002246294600F01CF90646F0E7E8B2E9E799
:10DE2000A06D00F0FBFBDAE7A06D00F0FFFB3046D1
:10DE300070BD3046FFF7F4FECBE700BF9400002032
:10DE40008268FFF781BF00BF024B014618688268F5
:10DE5000FFF77ABF9400002030B5054689B0084628
:10DE60000C4600F039FD01230222234907936B6B16
:10DE70000691029204A9421C04940191AC68059099
:10DE800003926BB3636EB4F90C20D80701D49105EB
:10DE90001FD5900405D442F4005223F40053A2810C
:10DEA0006366990420D42146284601AA04F0FCFCAC
:10DEB000E8B90A25636EDA0702D4A3899B0502D567
:10DEC000284609B030BDA06D00F0B0FB284609B06F
:10DED00030BDA06D00F0A2FBB4F90C20636ED8E752
:10DEE0002846FFF79DFECDE74FF0FF35E3E74FF003
:10DEF000FF35636EDFE700BFD0410200024B0146F1
:10DF00001868FFF7A9BF00BF940000200EB44FF4BB
:10DF10000172F0B500269CB021AD55F8047BADF838
:10DF200014201B960290069000F0D6FC4FF6FF726C
:10DF300004460A4B0A49ADF816200A933A462B4686
:10DF4000086802A90E96139601950394079401F0B0
:10DF5000B3F91CB0BDE8F04003B07047E1DF00004A
:10DF6000940000200CB44FF401732DE9F041002619
:10DF70009CB022AD0746084655F8048BADF8143026
:10DF8000029106911B9600F0A7FC4FF6FF73044622
:10DF90000949ADF816300A91424638462B4602A987
:10DFA0000E96139601950394079401F085F91CB021
:10DFB000BDE8F04102B07047E1DF000010B50C464B
:10DFC000B1F90E1000F0B2FA002803DB236D034410
:10DFD000236510BDA38923F48053A38110BD00BF26
:10DFE000002070472DE9F0410C46B1F90C101F4696
:10DFF000CB05054616460BD421F48051A1813B4642
:10E0000032462846B4F90E10BDE8F04100F0A4BA3B
:10E01000B4F90E100223002200F072FAB4F90C10C9
:10E02000EAE700BF10B50C46B1F90E1000F068FA2F
:10E03000B4F90C30421C0EBF23F4805343F48053D8
:10E040002065A38110BD00BFB1F90E1000F010BA19
:10E05000F8B506460D46144610B1436B002B4AD066
:10E06000B4F90C30A2691807A2601FD52269EAB181
:10E07000EDB299042F46626E24D592042FD4226803
:10E0800023696169D31A99422CDD0133A1680139F2
:10E09000A160511C2160157062699A4219D0A38950
:10E0A000DB0701D50A2D14D03846F8BD214630468D
:10E0B00000F02EF898B9B4F90C30EDB299042F465F
:10E0C000626EDAD443F4005322F40052A3816266F4
:10E0D000D3E721463046FFF71FFC0028E4D04FF07D
:10E0E000FF37E1E721463046FFF716FC0028F6D15E
:10E0F00001232268CAE7FFF793FDB1E703460A460A
:10E10000024908681946FFF7A3BF00BF940000202A
:10E1100038B52F4B05461B680C4613B15A6B002AC5
:10E120004BD0B4F90C3018071CD5226922B313F078
:10E13000010107D000206169A0604942A1613AB1A4
:10E14000002038BD980758BF6169A160002AF7D147
:10E15000190658BF1046F4D543F04003A3814FF091
:10E16000FF3038BDD9062CD55A0712D4226943F0A6
:10E170000803A381002ADAD103F42071B1F5007FEE
:10E18000D5D02146284604F005FDB4F90C302269AB
:10E19000CDE7216B51B104F14002914204D02846F1
:10E1A00000F0CEFCB4F90C30002222630021226979
:10E1B00023F02403C4E90021D9E71846FFF730FD16
:10E1C000AFE7092243F040032A60A381C7E700BFFD
:10E1D0009400002070B5860747D0541E002A3ED018
:10E1E0000346CAB201E0013C39D303F8012B9D0775
:10E1F000F9D1032C2CD9CDB205EB05250F2C1A46ED
:10E2000005EB054534D9A4F1100C2CF00F0603F1F1
:10E21000100EB6444FEA1C1CC2E90055C2E9025573
:10E2200010327245F8D10CF1010214F00C0F03EB1F
:10E23000021204F00F0C13D0ACF1040323F003031B
:10E240000433134442F8045B9342FBD10CF0030403
:10E250002CB1C9B21C4403F8011BA342FBD170BD11
:10E2600064461346002CF4D1F9E703461446C0E790
:10E27000A446E1E711F0FF01034600F0030239D0A4
:10E280008ABB026810B501EB012E0EEB0E4E8EEA32
:10E290000204A2F1013323EA0203A4F1013222EACB
:10E2A0000402134313F0803F0FD150F8044F84EA67
:10E2B0000E0CA4F10133ACF1013223EA040322EA8B
:10E2C0000C02134313F0803FEFD0037823B936E0FC
:10E2D00010F8013F002B32D09942F9D110BD8A428B
:10E2E00028D09A0729D01A7818460133002AF6D187
:10E2F00010467047CAB90268A2F1013323EA02034B
:10E3000013F0803F08D150F8042FA2F1013323EA23
:10E31000020313F0803FF6D003785BB110F8013FA1
:10E32000002BFBD17047990705D0184613F8012B35
:10E33000002AF8D170471846DDE71846A1E71846CD
:10E3400010BD00BF002A3ED0844630B504460843C5
:10E3500080070B462ED1032A07D82BE0043A25D09C
:10E360001EF0803F22D1032A22D919462068A446F4
:10E37000A0F1013323EA000E0B4653F8045B04348A
:10E38000A842EBD09CF800000C7884421DD1E646F0
:10E3900068B11EF8010F11F8014FA2EB0E03A04265
:10E3A00003F1FF3311D11CEB0303F1D1002030BD89
:10E3B000A44619469CF800000C78A04205D1012A19
:10E3C000F4D0E646E4E710467047001B30BD00BFBE
:10E3D00071B1034600EB010C01E0634506D01A461B
:10E3E000117801330029F8D1101A7047181A7047B4
:10E3F00008467047024A01231268503200F002B802
:10E400009400002018B3F0B407468C4617F8015B5F
:10E4100001E0A54214D01CF8014B002CF9D1DDB16C
:10E420003E460C4616F8015B00E063B114F8013B70
:10E430009D42FAD14DB100233B701660F0BC70478D
:10E4400073B13846E0E73746EAE72E46F5E710684D
:10E450000028D8D10020704700201560F0BC70471C
:10E4600017600370EAE700BF0123FFF7CBBF00BFCF
:10E47000002238B5064D044608462A60F2F7B6F980
:10E48000431C00D038BD2B68002BFBD0236038BD67
:10E49000C0610020194B1B6883422ED0416C70B5BF
:10E4A000054681B100268C593CB121462468284696
:10E4B00000F046FB002CF8D1696C0436802EF2D1B6
:10E4C000284600F03DFBA96B11B1284600F038FB4F
:10E4D0002C6C34B121462468284600F031FB002C16
:10E4E000F8D1E96C11B1284600F02AFB6B6B1BB127
:10E4F0002846BDE87040184770BD70479400002062
:10E5000038B50C46114600228446074D20462A6045
:10E510001A466446F2F7D7F9431C00D038BD2B6881
:10E52000002BFBD0236038BDC061002038B50C46FD
:10E53000114600228446074D20462A601A4664464A
:10E54000F2F7DAF9431C00D038BD2B68002BFBD062
:10E55000236038BDC061002038B50C46114600224A
:10E560008446074D20462A601A466446F2F7D0F9E1
:10E57000431C00D038BD2B68002BFBD0236038BD76
:10E58000C0610020014B1868704700BF9400002054
:10E5900070B50F4B0F4DAB42A3EB050607D000241F
:10E5A000B61055F8043B01349847A642F9D81DF03F
:10E5B000E1F8094D094B5E1BAB424FEAA60606D0B7
:10E5C000002455F8043B01349847A642F9D870BDA1
:10E5D0008CB702008CB702008CB70200A4B702000F
:10E5E00038B5074D074C2C1BA41005D0013C55F83D
:10E5F000043D9847002CF9D1BDE838401DF0C0B863
:10E60000B8B70200A4B70200704700BF704700BF50
:10E61000704700BF704700BF704700BF704700BF22
:10E620000120704701207047704700BF704700BF4E
:10E6300080EA010C1CF0030F37D110F0030C20F01E
:10E64000030021F0030150F8042B08BF51F8043BEC
:10E650000ED08CF0030C6FF07F434FEACC0C23FA02
:10E660000CFC51F8043B42EA0C0243EA0C0300BFE5
:10E67000A2F1013C9A4201BF2CEA020C1CF0803F3F
:10E6800050F8042B51F8043BF2D04FEA02604FEAF5
:10E690001222012828BFB0EB036F08BF1B0AF4D079
:10E6A00003F0FF03000EC01A704710F0030F0AD0EA
:10E6B00010F8012B11F8013B012A28BF9A42F4D02F
:10E6C000A2EB030070474DF8045D50F8042B01F0F5
:10E6D000030521F0030151F8043B022D26D04DD84B
:10E6E00022F07F45B5EB132FA2F1013C2CEA020C7E
:10E6F0000DD11CF0803C08BF51F8043B0AD185EADB
:10E700000205B5EB036F0CD150F8042BE8E74FEA94
:10E7100013235BE03CF07F4C54D10B784FEA126539
:10E7200054E04FEA126503F0FF034FE04FEA024561
:10E73000A2F1013C4FEA15452CEA020CB5EB134F50
:10E7400018D11CF0803C08BF51F8043B07D185EA82
:10E750000205B5EB034F09D150F8042BE6E75FEA59
:10E760000C4C2FD10B884FEA12452FE04FEA0343A0
:10E770004FEA12454FEA134328E000BF02F0FF05BD
:10E78000B5EB136FA2F1013C2CEA020C0DD11CF089
:10E79000803C08BF51F8043B0AD185EA0205B5EB7D
:10E7A000032F0AD150F8042BE8E74FEA13630DE07A
:10E7B00012F0FF0F06D051F8043B4FEA122523F068
:10E7C0007F4303E04FF0000020BC704705F0FF02DC
:10E7D00003F0FF00012828BF904204BF2D0A1B0A46
:10E7E000F4D0A2EB000020BC704700BF844641EA91
:10E7F000000313F0030349D1403A23D30B680360AD
:10E800004B6843608B688360CB68C3600B690361AE
:10E810004B6943618B698361CB69C3610B6A036296
:10E820004B6A43628B6A8362CB6AC3620B6B03637E
:10E830004B6B43638B6B8363CB6BC3634030403163
:10E84000403ADBD230320BD30B6803604B68436035
:10E850008B688360CB68C36010301031103AF3D2FC
:10E860000C3205D351F8043B40F8043B043AF9D28A
:10E87000043208D0D2071CBF11F8013B00F8013B5D
:10E8800001D30B8803806046704700BF082A13D36A
:10E890008B07B1D010F00303AED0C3F10403D21A3A
:10E8A000DB071CBF11F8013B00F8013BA4D331F892
:10E8B000023B20F8023B9FE7043AD9D3013A11F812
:10E8C000013B00F8013BF9D20B7803704B784370A1
:10E8D0008B7883706046704720F0030110F00300CE
:10E8E000C0F1000051F8043B00F1040C4FEACC0CDD
:10E8F0006FF000021CBF22FA0CF213434FF0010C20
:10E900004CEA0C2C4CEA0C4CA3EB0C0222EA03025E
:10E9100012EACC1204BF51F8043B0430F4D0C2F127
:10E92000000102EA0102B2FA82F2C2F11F0200EB18
:10E93000D20070472DE9F8431B4D064628689846DB
:10E940000F469146FFF76AFE184B1C681CB32868F7
:10E9500065681F2D22DC4EB96B1C0235636044F8DC
:10E960002570FFF763FE0020BDE8F883012304EB68
:10E970008501C1F88890D4F88821AB401A43022E53
:10E98000C4F88821C1F80881E6D1D4F88C211A4353
:10E99000C4F88C21E0E7064C1C60D8E7FFF746FE80
:10E9A0004FF0FF30E0E700BFD80100207463002083
:10E9B000E4610020024B13B10248FEF7F5BE704738
:10E9C00000000000E1E500002DE9F04F82462C4BED
:10E9D0002C4F83B018688B46CDF804A0FFF71EFEBD
:10E9E0003E684EB34FF000094FF001087468651E91
:10E9F00022D4013406EB8404BBF1000F23D17368E9
:10EA00002268013BAB420CBF7560C4F8009072B144
:10EA1000D6F8881108FA05F30B42D6F804A01CD1E9
:10EA2000904773683A68534523D1B24221D1013DE2
:10EA30006B1CA4F10404DFD1114B186803B0BDE8CE
:10EA4000F04FFFF7F3BDD4F800315B45D7D0013D5F
:10EA50006A1CA4F10404F6D1EEE7D6F88C01D4F8D0
:10EA60008010034209D10198904773683A68534572
:10EA7000DBD0002AE0D01646B8E708469047D0E73A
:10EA8000D8010020746300202DE9F84306460820D1
:10EA9000894604F0B5FF0546DFF89880304600F05F
:10EAA000FFFBD8F808305F6827F00307A7F11104CF
:10EAB000A4EB09042C44B4FBF5F4013C05FB04F47D
:10EAC000A54208DC0021304604F088FFD8F8083061
:10EAD0003B44984205D0304600F0E8FB0020BDE8FA
:10EAE000F8833046614204F079FF01300FD0124ABA
:10EAF000D8F808303F1B47F001075F6013683046C5
:10EB00001B1B136000F0D2FB0120BDE8F88300213D
:10EB1000304604F063FFD8F80820831A0F2BDADDA3
:10EB200043F001035360054B03491B68C01A08609A
:10EB3000D1E700BFE801002078630020DC0100205D
:10EB400000297CD0F8B50C46064600F0A9FB54F825
:10EB5000043C764FA4F1080523F001016818D7F8AA
:10EB600008C04268844522F0030200F08380DB077E
:10EB7000426000EB020C33D454F8084CDCF804304B
:10EB80002D1B2144AC6807F1080C644503F0010318
:10EB900064D0D5F80CE0C4F80CE0CEF80840002BA7
:10EBA00000F0818041F001036B600160B1F5007FEE
:10EBB00022D20122CB0849098A40796801330A43ED
:10EBC0007A6057F8331007EBC302083AC5E902121E
:10EBD00047F83350CD603046BDE8F84000F066BBE2
:10EBE000DCF80430DB072BD541F00103B1F5007FE1
:10EBF00044F8043C0160DCD3B1F5206F4FEA5123A7
:10EC000053D28B0903F1390003F13802C300F8181D
:10EC1000FB580838984203D161E09B68984204D0C1
:10EC20005A6822F003028A42F7D8D868C5E9023050
:10EC300085603046DD60BDE8F84000F037BB7047C6
:10EC4000114407F1080C836863453FD0C268DA605D
:10EC5000936041F001036B606950A7E7002B5FD11F
:10EC60000A44D0E90213CB60996042F001036B6063
:10EC7000AA50B0E70A44D90707D454F8083CED1A63
:10EC80001A44D5E90213CB60996042F001036B602E
:10EC9000274BBD601B6893429DD8264B30461968B0
:10ECA000FFF7F2FE97E71144CDE7142B08D9542B58
:10ECB0001DD80B0B03F16F0003F16E02C300A6E732
:10ECC00003F15C0003F15B02C300A0E741F0010324
:10ECD000C7E90455C5E902CC6B6069507BE70121A7
:10ECE000921001FA02F279680A437A609EE7B3F55E
:10ECF000AA7F06D8CB0B03F1780003F17702C3009B
:10ED000085E740F25452934206D88B0C03F17D0004
:10ED100003F17C02C3007AE74FF47E737E2276E72C
:10ED200041F001036B60016055E700BFE80100207E
:10ED3000E0010020A86300202DE9F04F01F10B0550
:10ED4000162D064683B024D8102900F2AD8000F0BD
:10ED5000A7FA102518234FF0020CB84F3B445C680B
:10ED6000A3F10802944200F01D8130466368E26816
:10ED7000A16823F00303CA60234491605A680834F1
:10ED800042F001025A6000F091FA204603B0BDE85B
:10ED9000F08F35F0070500F18780A94200F28480EA
:10EDA00000F07EFAB5F5FC7FC0F06F816B0A7FD072
:10EDB000042B00F21E81AB0903F1390C03F1380E6C
:10EDC0004FEACC009D4F384444680838A04207D130
:10EDD0000DE0002AE16880F2DF80884207D00C460F
:10EDE000636823F003035A1B0F2AF2DDF446DFF8B1
:10EDF00050823C69444500F0BC80636823F00309FD
:10EE0000A9EB05030F2B00F34581002BC7E904880C
:10EE100080F22F81B9F5007FD7F804E080F0C98037
:10EE200001234FEAD9014FEA5919194403FA09F3AA
:10EE300057F831204EEA030E07EBC103083BA260EE
:10EE4000E360C7F804E047F83140D46001204FEA9E
:10EE5000AC039840704532D810EA0E0F07D12CF061
:10EE6000030C400010EA0E0F0CF1040CF9D007EB74
:10EE7000CC0AD646E146DEF80C300BE059681C4659
:10EE800021F003014A1B0F2ADB6800F3BF80002A30
:10EE900080F2E2809E45F1D109F1010919F0030FDA
:10EEA0000EF1080EE7D11FE10C23336000246CE75C
:10EEB0004FF400704FF0400C4FF03F0E82E7BC68FB
:10EEC000636823F00309A94503D3A9EB05030F2BBE
:10EED00052DC5C4B08201B6803F1100804EB0903AB
:10EEE000009304F08DFD584A83461368A84401330B
:10EEF00005D008F1FF388044434203EA0808414640
:10EF0000304604F06BFDB0F1FF3F82464E4A00F000
:10EF1000DC8004EB0903834200F2D5804B4B0BF1FC
:10EF2000FF31186840448446186040F0FB801AEABC
:10EF3000010F40F0F780D7F808A0C84448F001025C
:10EF4000CAF804205446424B1968814238BF186001
:10EF5000404B1968814238BF186022F00308A84569
:10EF6000A8EB050301D30F2B06DC304600F09EF919
:10EF70009CE7D7F804E069E7621943F0010345F024
:10EF8000010565603046BA600834536000F08EF9C0
:10EF9000204603B0BDE8F08FA2683046D16023441C
:10EFA0008A60EBE6DC68A3427FF4DFAE0CF1020C72
:10EFB0001DE7B9F5206F4FEA59227DD3142A00F2DC
:10EFC000118102F15C03DB005B32F918FB58083950
:10EFD000994203D1ECE09B68994204D05A6822F030
:10EFE00003024A45F7D8D968C4E902318C60DC6075
:10EFF0002CE7142B6CD9542B00F2FD802B0B03F162
:10F000006F0C03F16E0E4FEACC00DBE6D4F808C0BB
:10F010003046661945F001056560CCF80C30C3F840
:10F0200008C042F00103C7E90466C6E902887360BC
:10F03000625000F03BF90834A7E600BFE801002069
:10F04000F0010020A8630020DC010020786300208C
:10F05000A4630020A063002021444A68304642F0A7
:10F0600001024A6054F8082FD3609A6000F01EF93C
:10F070008BE6A144D9F80430304643F00103C9F8C7
:10F08000043000F013F908347FE64FEAD50C05F19F
:10F09000080362E6621943F0010145F0010565606D
:10F0A0003046C7E90422C2E90288516044F80930B9
:10F0B00000F0FCF8083468E64FEA991202F13903CF
:10F0C000DB00383281E7BC4224D0BC68626844E788
:10F0D00003F15C0C03F15B0E4FEACC0072E65AF8C8
:10F0E0000839534540F0D8801CF0030F0CF1FF3C69
:10F0F000F5D17B6823EA00037B60400098423FF62D
:10F10000DEAE18B9DBE6400009F104091842FAD076
:10F11000CC46ACE6614B0BF1FF31186808EB000CF4
:10F12000C3F800C01068013070D004EB0902AAEBEC
:10F13000020262441A601AF00702CDE9002340D0AF
:10F14000C2F108029244D04408EA01005A44121A5B
:10F1500002EA010B5946304604F040FC421C019B78
:10F1600071D0A0EB0A0000EB0B08186848F0010210
:10F170005844BC42C7F808A01860CAF804203FF4FD
:10F18000E1AEB9F10F0F44D94FF0050C6168A9F158
:10F190000C0222F0070201F00101114361600F2A05
:10F1A00004EB0201C1E901CC55D8DAF80420C9E624
:10F1B0000120921000FA02F24EEA020EC7F804E0B3
:10F1C00012E70AEB08020A40ABEB020202EA010B6B
:10F1D0005946304604F002FC431C019BC1D1DDF8C6
:10F1E00000B0C2E7542A18D84FEA193202F16F036F
:10F1F000DB006E32E9E6B3F5AA7F18D8EB0B03F11A
:10F20000780C03F1770E4FEACC00DBE5C2F800A0E2
:10F2100091E70123CAF80430A7E6B2F5AA7F25D802
:10F220004FEAD93202F17803DB007732CDE640F2C3
:10F230005452934225D8AB0C03F17D0C03F17C0EA4
:10F240004FEACC00BEE5009A4FF0000B083A90441C
:10F25000A8EB0A0889E7304604F108010093FFF79C
:10F260006FFC009BD7F808A018689EE740F2545343
:10F270009A420DD84FEA994202F17D03DB007C32BD
:10F28000A3E64FF47E704FF07F0C4FF07E0E99E5B1
:10F290004FF47E737E2298E67B682EE77863002029
:10F2A0000148FFF7BBB900BFD46100200148FFF758
:10F2B000BDB900BFD46100202DE9F04FADF53B7D15
:10F2C00002AFC7E91202B1F90C203B6396048A46EB
:10F2D0004B6E05D442F4005223F400538A814B66EE
:10F2E0009D04C3F3403401F1E180A1460822214688
:10F2F00007F15800FEF76EFFBC62BC63FC617C63E3
:10F300003C64774BD3F8E44004F028FB07F1580243
:10F3100000920346FA6CB86C07F15401A04700282C
:10F3200061DBFB6C06460344FB647B6D002B00F045
:10F330004B81012867D0252B6ED00028E1D0FB6CD3
:10F3400001389E1BDAF8043034181A46002A06F1F8
:10F35000FF3517DDDAF800306A781878691C9042BA
:10F3600003F1010340F03081DAF804208C4202F10D
:10F37000FF32CAF80030CAF8042000F03081002AB9
:10F380000D46E7DC5146B86C08F0B8FC0028E1D027
:10F390003B6C23B1BAF80C305A0640F11581BB6BB7
:10F3A000002B01F08380BB6BDE8818687EB10024DF
:10F3B0008146A046051F55F8043F0134186805F042
:10F3C00049FC2B68B442C3F80080F4D148464FF0A2
:10F3D000FF333B6408B105F03DFC386C07F5397725
:10F3E000BD46BDE8F08F4FF6FD730822002107F1FE
:10F3F00058007B65FEF7EEFEFB6C0133FB647B6D12
:10F40000002B00F0E180374AD25C100700F1C7857D
:10F410000126252B304692D100242546F96C0A7826
:10F42000A2F1250301F10108552B00F2CD80DFE8A0
:10F4300013F0AB07CB00CB00CB00CB009A07CB007F
:10F44000CB00CB00CB00CB00D206D206D206D20630
:10F45000D206D206D206D206D206D206CB00CB0006
:10F46000CB00CB00CB00CB00CB00DD06CB003505BD
:10F47000E700DD06DD06DD06CB00CB00CB00CB00D0
:10F48000E000CB00CB004605CB00CB00CB008005D5
:10F49000CB00CB00CB00CB002007CB00CB008307F9
:10F4A000CB00CB00CB00CB00CB00DD06CB0037057B
:10F4B000E900DD06DD06DD065707A207E000CB0008
:10F4C0008E076307710748055407CB00CB00820500
:10F4D000DB004C07CB00CB002007CB00DB0000BFDC
:10F4E000D8060020CD40020004F01003012D38BFE3
:10F4F00001251A467B6414F0010301F00182002A01
:10F5000041F049823B6B240653F804BB3B6301F195
:10F510006D82D846D7F844B05B46DC46C7F83CB0AD
:10F5200000269B46644604F019FAB0423FF430AF1F
:10F53000DAE9003213F8011B013ACAF8042007F592
:10F54000BC729155FA69CAF80030032A06F101032A
:10F5500007F1700602D13268042A06D00822002181
:10F560003046FB62FEF736FEFB6A009607F5BC727A
:10F570004146B86CFB6208F089F90246F861501CFC
:10F580003FF406AFFB6A002A41F06A8299447B6C23
:10F59000013D002B41F07282C8F80030FB6B002B5C
:10F5A00001F0AE82A8EB0406BBEBA60F01F2A88225
:10F5B00020464FEACB0106F0E3FA0446002841F06A
:10F5C00099824FF0FF333B64BB6B002B3FF405AFD8
:10F5D000BB6B18683B6C01337FF4FCAEE3E602358D
:10F5E0004D44A5EB06098CE62307EDD14A78414648
:10F5F00016E72207E8D14A7844F0020441460FE7B3
:10F6000044F001040A234FF0030B7B63724BBB628F
:10F61000DAF80430002B00F35F845146B86C08F030
:10F620006DFB00287FF4B4AEC7F84C80600641F152
:10F630005C810BF1FF33032B3FF656AFDFE813F08D
:10F64000A602E7013D010400B86C04F099F944F406
:10F65000F0637B64036800263B626B1EB3F5B27FE8
:10F6600007F5BC7B34BF4FF0000CA5F5B27C5C46BF
:10F6700028BF4FF4B275C7E90466FE63FE62BE613F
:10F68000C7F80CC0C7F824B0DAF800100A78A2F165
:10F690002B034E2B50D8DFE813F0BB034F00BB0306
:10F6A0004F004F00A100A500A500A500A500A500E2
:10F6B000A500A500A500A5004F004F004F004F007A
:10F6C0004F004F004F00B0033F033F033F03DD03F4
:10F6D000D4034F004F00C3034F004F004F004F00B3
:10F6E00096034F0075034F004F004F0070034F000B
:10F6F0004F004F005903AB034F004F004F004F0026
:10F700004F004F004F00B0033F033F033F03DD03B3
:10F71000D4034F004F00C3034F004F004F004F0072
:10F7200096034F0075034F004F004F0070034F00CA
:10F730004F004F005903AB037B6C9B0570D5D7F886
:10F7400020B09BF8003093426AD1C7E901544FF0D2
:10F7500000085546B24606E0296091F800E09BF8A3
:10F76000000086451CD11BF8010F44464E4601316E
:10F7700008F1010809F10109002800F07E86686897
:10F78000013800286860E7DC2946B86C08F0B6FA52
:10F7900030B929689BF8000091F800E08645E2D076
:10F7A000224633465646BC68AA46D7E9085BA844B9
:10F7B000C7E90864914644469846BE6C14F8011D9A
:10F7C0005246304608F05CFAA542F7D1D7E9086402
:10F7D000A8EB090926E000BF4D7101007B6CD9053B
:10F7E00000F15185FB6B9B191AD11E467B6CFE63A1
:10F7F00023F4C0737B64013D04F8012BDAF8043074
:10F8000009F10109013B002BCAF8043040F3BC8325
:10F81000DAF800300133CAF80030002D7FF434AF3D
:10F82000D7F824B0FB6A002B40F03383FB6B013B1D
:10F83000012B41F22780731E062B40F247867B6C1A
:10F84000D80540F1AA84590500F1468714F8011C37
:10F85000651E652909F1FF360AD0452908D05246B0
:10F86000B86C08F00DFA14F8021CA9F10206A51EE6
:10F870005246B86C08F004FA7B6C13F0100340F0A9
:10F880004A86B1462B707B69002B40F055870022D9
:10F890005946B86C07F0ECFA7A6C3B6BD207054618
:10F8A0000E4603F1040440F12B861B68C3E90056A1
:10F8B0003C633B6C01333B6423E507F5BC7B4FF0B5
:10F8C00000085E466B1EB3F5B27F34BF0021A5F57C
:10F8D000B271CB4628BF4FF4B275D146C246B0468E
:10F8E0007A6B44F45864F963D9F8000090F800C0CA
:10F8F000ACF12B034D2B62D8DFE813F0BC026100A2
:10F90000BC026100610021031C021C021C021C02DB
:10F910001C021C021C02C202C202610061006100E2
:10F9200061006100610061004E004E004E004E001B
:10F930004E004E00610061006100610061006100E5
:10F9400061006100610061006100610061006100AF
:10F95000610061006100B00261006100610061004E
:10F9600061006100610061004E004E004E004E00DB
:10F970004E004E00610061006100610061006100A5
:10F98000610061006100610061006100610061006F
:10F99000610061006100B0020A2A10DD24F43864BD
:10F9A00006F801CBD9F80430013B002BC9F804302C
:10F9B00040F3E0820130C9F80000013D94D1434694
:10F9C000E005D0467A63CA46D9469B4605D59E4295
:10F9D00000F272845E453FF4F7AD14F0100211D1CD
:10F9E00059467B6BBD6AB86C3270A8473B6BA10669
:10F9F00003F1040540F158841B6818603B6C3D63BB
:10FA000001333B64A6EB0B064644B14479E4002D78
:10FA100008BF4FF0FF35E60704F0100340F1DD8228
:10FA2000002B40F0B5843A6B200652F8041B796431
:10FA30003A6340F18F86FB6300293FF4C5AD802017
:10FA400005F000F9FB6B024600283FF4BAAD796C73
:10FA50000860B96BCC888E88B44280F090850868C5
:10FA600096464FF0200C796C40F82410B96B0134A5
:10FA7000CC80DAF80010B24E097816F8018018F040
:10FA800008086BD13E622E461546C7F824E0C7F839
:10FA90002CC0FB6303F062FF40453FF479ACDAE928
:10FAA000003213F8011B013ACAE90032FB6907F57D
:10FAB000BC7B032B0BF8081007F1700408F1010858
:10FAC00002D12368042B04D0082200212046FEF72F
:10FAD00081FB00945A4643462946B86C07F0D6FE8F
:10FAE000421CF8613FF454AC002800F0AC85FB697F
:10FAF00002331FD0286807F095FF002840F09F864A
:10FB0000FB69C144032B02D12368042B00D0013EC2
:10FB1000FB6B002B40F01A867B6C0435002B00F049
:10FB200015867B6AEC1AFB6AB3EBA40F40F2B98628
:10FB3000D7F83C80DAF80430002B40F35586DAF829
:10FB400000303A6A1B78D35C1B0701D4002EA1D188
:10FB50002A46D7F824E0D7F82CC0FB6B002B7FF4A3
:10FB6000D0AB13607B6C002B3FF4A3AEA2EB0E0274
:10FB7000931001339C457FF69CAE7C6C111D206870
:10FB800005F0FEFF002840F0C58092E6002D08BF7A
:10FB90004FF0FF3504F01003E607FB6240F192825C
:10FBA000002B40F032843A6B200652F8043B7B6213
:10FBB0003A6340F1D585002B3FF406AD802005F077
:10FBC00041F8786400283FF4FCAC7B6A7A6C1A60D8
:10FBD000BB6BDC889E88B44280F0EB8418687B6A3B
:10FBE00040F82430BB6B0134DC807B6CBB6120238C
:10FBF0003B620024A046FE6907F5BC7BC7F83C9039
:10FC000003F0ACFE40453FF4C3ABDAE9003213F831
:10FC1000011B013A032E0BF80810CAF80420CAF899
:10FC2000003008F1010807F1600903D1D9F800306C
:10FC3000042B04D0082200214846FEF7CBFACDF869
:10FC400000907C6C434621465A46B86C07F01EFE75
:10FC5000411C06463FF49CAB002840F0DF83206047
:10FC600004460822002107F16800FEF7B3FADFF826
:10FC7000D4C0224607F170042146B86CDCF8E0C01D
:10FC800007F16803E047012814BF002497F870408B
:10FC900007F178031B5D002B00F06E85FB6B032ED4
:10FCA0004344FB6300F0C383013DFB6A5BB97B6C9B
:10FCB0007A6A04337B6432B1BA699C1A3B6AB3EB4B
:10FCC000A40F40F2CA83DAF804304FF00008002B8A
:10FCD00040F3BF82002D93D1D7F83C90FE61FB6AC0
:10FCE000002B7FF40EAB7A6C13607B6A002B3FF421
:10FCF000E0AD1346BA69991A8B103A6A01339A42F9
:10FD00007FF6D7AD7C6A0431206805F039FF002802
:10FD10003FF4CFAD2060CCE5796C08057FF580AD70
:10FD2000FB6B9B197FF47CAD1E4621F4C0737B6492
:10FD3000FE6360E5044B24F4386433F912202FE6A7
:10FD4000CD400200D806002064450200796C01F421
:10FD50001863B3F5807F7FF463ADFB6A012B7FF4FA
:10FD60005FAD21F4807343F400637B64302304F8B7
:10FD7000013B0023013DFB623DE5062E7FF450ADC3
:10FD8000072638E57B6C19057FF54AAD796C01F4DF
:10FD9000A063B3F5806F05D048057FF541ADFB6AE0
:10FDA000002B49D07B6C990504D4FB6AB9695B1AB6
:10FDB000C7E904437B6C23F4786343F4C0737B642A
:10FDC0000023FB6217E5FB6B002B40F01F82FB6AF0
:10FDD00033B97B6C03F4E063B3F5E06F00F0218589
:10FDE000012E02D0042E7FF41BAD0136F6B202E5DF
:10FDF000072E7FF415AD0826FDE47B6C1B0500F192
:10FE0000FF81FB6B012B7FF40BAD0223FB63F2E45C
:10FE10007B6C19067FF504AD23F080037B64EAE474
:10FE2000002E40F0FB81FB6A8BBB7B6C03F4E0632C
:10FE3000B3F5E06F00F0EE840023D7F824B0FB6246
:10FE4000F4E47B6C180500F1D581022E7FF4E8AC58
:10FE50000326D0E4796C0B0598D561E704F4C06300
:10FE6000B3F5007F7FF4ABAD24F40074102244F4AA
:10FE7000A06495E523067FF5A2AD24F080048FE50C
:10FE80008D4B33F91220082A3FF788AD97E5D7F854
:10FE900024B07B6C23F480737B64C7E444F00104DA
:10FEA0004FF0000BC7F84C8044F04004DAF80430FF
:10FEB000002B3FF7BBABD7F84C80FFF7AEBB44F04D
:10FEC000010408237B637D4B4FF0030BBB62DAF820
:10FED0000430002B7FF7A1ABDAF80020784E1378BE
:10FEE000F35C190740F16884334656469A4605E0AC
:10FEF000326013781AF803301B0715D5736809F1BF
:10FF00000109013B002B736002F10102F0DC314674
:10FF1000B86C07F0F3FE002840F0C5823268137811
:10FF20001AF803301B07E9D4B246C7F84C80FFF734
:10FF300080BB44F001044FF0020BFFF769BB2305BF
:10FF40007FF52EAD12B9082244F40074610500F16A
:10FF5000A781FB6B24F4607413B1013BFB63013593
:10FF6000D9F804300AF1010A013B002BC9F804302A
:10FF70003FF720AD4946B86C7A6407F0BFFE7A6C53
:10FF800000283FF41AAD1AE55146B86C07F0B6FEEA
:10FF900000287FF445AC002D7FF476AB40E4DAF81E
:10FFA0000420BC6C0FE0DAF8003045491A780133C0
:10FFB0008A5C11077FF5A5A9DAF8042009F1010987
:10FFC000013ACAE90032002AEDDC5146204607F02A
:10FFD00095FE0028E7D0FFF794B9002B40F03F834F
:10FFE0003B6B53F804BB3B6314F0800300F08A833F
:10FFF000BBF1000F3FF4E8AA202004F023FE0446E2
:020000021000EC
:1000000000283FF4CCA9BB6BCBF80000DE88B3F826
:100010000480464580F082821868BB6B40F826B0A9
:100020000136DE802023DAF80000254E0278B25C2B
:10003000110700F18D823246A0461E464B4691467E
:10004000DAF80420013ACAF80420421CCAF8002059
:10005000027804F8012BA4EB0802BBF1000F02D0D8
:10006000B24280F05883013D0BD0DAF80420002A18
:1000700040F39883DAF80000027819F8022012079A
:10008000DED599463346A4EB0801894401310022AC
:100090002270BBF1000F3FF40CAC8B427FF609AC31
:1000A000DBF8000005F06CFD00283FF402ACCBF853
:1000B0000000FFF7FEBB00BF64450200BD720100F7
:1000C000CD400200FB6A002B40F06B813B6B14F0CB
:1000D000800453F804BB3B6300F04A83BBF1000F7C
:1000E0003FF472AA202004F0ADFD064600283FF43C
:1000F00056A9BB6BCBF80000DC889A88944280F04C
:1001000029821868BB6B40F824B00134DC802023BE
:10011000DAF8001007F178080A7818F80220002AA7
:100120003FF452AAC7F844903446D946C34698468D
:100130003046DAF804604B1C013ECAE90036097803
:1001400000F8011B061BB9F1000F01D046456DD226
:100150000646013D0BD0DAF80410002940F36D810A
:10016000DAF8001008781BF800000028E0D1341BF2
:10017000CB464346D7F844903FF426AA002232707B
:10018000BBF1000F03D0611C8B4200F219833B6C62
:10019000A14401333B64FFF7B4B87A6C12F010034A
:1001A0007FF4AFA8237002F4C063B3F5806F7FF4CF
:1001B0006AABBB69FA6A93423FF469AB9A1A07F2D9
:1001C000D2239C4228BF07F2D1242046BC4902F02A
:1001D000EBFDFFF75CBB14F08F0F7FF4F5A905EB87
:1001E000850502EB4505303DFFF700BA4FF0040BE3
:1001F000FFF70EBAFB6B9B197FF427AEFFF7F5BA3A
:10020000FB6B9B197FF4FDADFFF7EFBAFB6B022B85
:100210007FF4E6AD0323FB63FFF7EDBA032E3FF453
:10022000E4AD052E3FF4E1ADFFF7FABA4FEA480816
:100230002046414605F0A4FC044600283FF4AFA840
:100240000644C9F8000084E7DAF80430002B3FF7D1
:10025000D7AC5146B86C07F051FD00283FF43AADD9
:100260004446D7F83C90FE61002C3FF438ADFFF7D0
:100270008FB844F4007410237B63924B4FF0030B50
:10028000BB62FFF7C5B923F080037B64FB6A0133CF
:10029000FB62FB68002B40F05681013DFFF7AEBAD0
:1002A00024F4B064FFF77CBB220740F1A4813B6BD0
:1002B0001B681870FFF7A2BB16F8011C5246B86CF9
:1002C000013E07F0DDFCFFF785BB0A237B637D4B16
:1002D0004FF0030BBB62FFF79BB944F40874CAE705
:1002E00023077FF471A94A78682A00F07881414693
:1002F00044F00404FFF794B814F08F037FF464A96A
:10030000BA6B002A00F001824A7844F0800441462A
:10031000FFF786B8E1060BD43A6B52F8043B3A6318
:10032000220700F19981660740F15482A3F80090FA
:10033000C7F84C80FEF7E5BF414607F1780002F0B0
:10034000C7FC4FF0010B44F04004F864AEE522070F
:100350007FF43AA94A786C2A00F04781414644F07C
:100360000104FFF75DB825437FF42EA94A781024D5
:100370004146FFF755B800237B63534B4FF0030B07
:10038000C7F84C80BB6291E5C7F84C80FEF7D5BF3B
:100390004FF0000C07F15402E646C7F844C0FFF7DF
:1003A00068BBDAF8003007F178081A7818F80220EC
:1003B000002A3FF409A90133CAF80030DAF8043002
:1003C000012D03F1FF33CAF804301BD0BC6C11E0DF
:1003D000DAF800301A78013318F8022092B1CAF81E
:1003E0000030DAF804300BF1010B013B5D45CAF82F
:1003F000043007D0002BEBDC5146204607F07EFC92
:100400000028E5D0D944FEF77CBF002207F1540351
:100410003A627B64BA617A62FFF7EBBB821C3FF4FD
:1004200013AF7B6C1C68631C7FF41BAC30E4D9F801
:100430000030042B7FF438AC37E45146B86C07F039
:100440005DFC00283FF48CAEA642CB464346D7F86D
:1004500044903EF49DAF341B90E61046D90005F061
:100460008FFBB86100283FF4ACA83B6A02197A649C
:100470007A6A5B0010603B6225E4BC687B6C2046B6
:1004800023F420734246396ABE617B645646AA460D
:100490007D6802F05FFDBB6904469946FB6A013D39
:1004A000BB61FFF7ABB9B246FEF772BF4FF0FF3347
:1004B0003B64386C07F53977BD46BDE8F08F00BF67
:1004C000D4410200BD7201004D710100022E40F2C4
:1004D000FA81032E3FF4B3A9043EF6B2F543D7F8F0
:1004E0004880254414F8011D5246404607F0C8FBD9
:1004F000AC42F7D109F1FF39A9EB0609FFF79FB923
:100500003B6BD3F800807B6C9B0740F18E80C8E981
:100510000056FFF7CDB9B146FEF7F3BE4FF6F673BE
:1005200098453EF640AFBB6B08F1080818684FEAE3
:10053000880105F025FB00283EF435AFBB6BA3F81E
:100540000480186069E5FB68013BFB60FFF756B962
:1005500001219CE54FF6F6739A423EF624AFBB6B41
:1005600002F1080818684FEA880105F009FB002825
:100570003EF419AFBB6BA3F804801860C2E54FF6D8
:10058000F6718E42FB62F8633FF61BA8D7F83880FD
:100590000836D8F80000B10005F0F2FA00283FF460
:1005A00010A8FB6AFA6BA8F80460C8F80000FFF70F
:1005B00057BA4FF6F6739E423FF603A8D7F8388035
:1005C0000836D8F80000B10005F0DAFA00283EF449
:1005D000F8AFA8F80460C8F80000FFF700BB8A78FD
:1005E00044F008040231FEF71BBF8A7844F002048D
:1005F0000231FEF715BF630769D414F0010240F021
:100600000681A40740F10381BA4BB96AB86C9942DC
:1006100059467B6B00F0658107F032F80B463A6B68
:100620001168C1E90003FFF7E9B902460B460DF076
:100630004BFA00285FD1284631460DF0A3FAC8F8DE
:100640000000FFF735B9286007F0ECF9002840F00A
:10065000F680C144FFF75BBA83F8009068E6DAF8E9
:100660000030A54E1A78B25C14073EF54AAE01334D
:10067000CAF80030DAF80430012D03F1FF33CAF86C
:10068000043008BF09F101093EF43BAE0124D7F85C
:10069000488011E0DAF800301A780133B25C1007B4
:1006A00012D4CAF80030DAF804300134013BA54214
:1006B000CAF8043000F0C080002BEBDC5146404605
:1006C00007F01CFB0028E5D0A144FEF71ABE3B6BE7
:1006D0001B681880FFF792B95C455E467EF674AFE2
:1006E000BD6C14F8011D5246284607F0C9FAB44201
:1006F000F7D1FEF769BF814803F03AFAC8F8000065
:10070000FFF7D6B85C469B468DE482B0CDE9023354
:1007100002ABBB63F8E5760040463146FB637A6482
:1007200005F02EFA804600283EF439AE7A6CFB6B59
:10073000CBF80000841896E43C690A230022B86CC8
:10074000611C06F003FD7B69C21A38E54FF0000812
:10075000FFF7F0B97A6C9C469E467B64FFF789B937
:100760007B6A7B64FB6A3B62BB617B62FFF741BAD9
:100770005E462346A346CBE4D7F83C90FE61B8F131
:10078000000F3FF4ACAA4546BE6C0BEB0804013DDC
:100790005246304614F8011D07F072FA002DF6D1CA
:1007A000FFF79DBA5146B86C7B6407F0A7FA7B6CE3
:1007B00000283FF45FAC64E4C7F84C80FEF739BF13
:1007C000DBF8000005F0DCF900283FF4E0ACCBF8E2
:1007D0000000DCE4E5072CD4A4072AD54FEAE9722F
:1007E000C3F800905A60A3E55146B86C07F086FA4A
:1007F00000283FF4A4A92A46D7F824E0D7F82CC053
:10080000FB6BB8F1000F7EF4C3ADFFF7A7B93B6BEC
:10081000FFF7F2B87B6C012623F4F0637B64FEF7EC
:10082000EABF7B6C23F4F0637B640123FB63FEF778
:10083000E2BFC3F800907BE5A944FEF762BD2A46FB
:10084000D7F824E0D7F82CC0FB6BB8F1000F3FF4C9
:1008500085A90BEB08044546F3469046BE6CC7F8E5
:100860003CC0FB62013D5246304614F8011D07F0C2
:1008700007FA002DF6D14246DE46D7F83CC0FB6AA7
:10088000FFF76CB95C455E467EF69EAEBD6C14F813
:10089000011D5246284607F0F3F9B442F7D1FEF79E
:1008A00093BE786AD90005F06BF9786200283EF4AF
:1008B00088AEFB6A7A6C5B00D7F83C800519106043
:1008C000FB62FFF737B95C457EF67EAE5D4614F8F5
:1008D000011D5246B86C07F0D3F9AC42F7D1FEF7D0
:1008E00073BE06F0B5FF0B4699E6D7F84C80FFF7CC
:1008F000F3BA00BFBD720100CD400200A444020063
:100900007A6C002A4DD13B6B53F8046B3B63230692
:100910005ED5002E3EF458AE284604F093F980468A
:1009200000283EF43CADBB6B3060B3F806B09C8849
:10093000A345C0F093804FF6F6739C423EF633AD6C
:10094000BB6B08341868A10005F01AF900283EF4C2
:100950002AADBB6B9C801860BA6B0BF10103D3808E
:1009600040F82B60CDF800A041462B460122B86C20
:1009700007F0E0F90446002800F09A80A842BFF48E
:1009800006AC0146306805F0FBF800283FF4FFABE9
:100990003060FFF7FCBB00239C469B469846FEF761
:1009A000BDBD1C46DAE900239D4202EB03014BDD8D
:1009B000CAF80010B86C51461C44ED1A07F09EF9B5
:1009C0000028EFD0002C3EF4E3ACA144FEF799BC24
:1009D000CDF800A02B4631460122B86C07F0AAF9E9
:1009E000044600287FF4D3ABFEF7D2BCBBF1000F66
:1009F0003EF4EAAD802004F025F9804600283EF45C
:100A0000E0ADBB6BCBF80000DE889C88A64219D312
:100A10004FF6F6739C423EF6D4ADBB6B08341868B3
:100A2000A10005F0ADF800283EF4CBADBB6B9C8077
:100A30001860BB6B40F826B00136DE80C446202328
:100A4000FEF76CBD1868F4E75B1B2A442C44CAF817
:100A50000430CAF80020A144FEF753BC18687BE7B5
:100A6000FA69911C2FD0032A994402D13368042BD0
:100A700000D0013D7B6C002B3EF490ADDAF80430E1
:100A80000026002B25DD002D7EF44DAD5B46D7F80A
:100A90003CB0A446BBF1000F04D0A8EB0C01B3EBB3
:100AA000A10F30D87B6C002B7EF42BACFEF701BF7E
:100AB0003B6C002B3EF477ACBAF80C305B067EF54D
:100AC00087ADFEF770BCDAF804201E46002A3EF718
:100AD0002AAD5146B86C07F011F90028D3D05B4617
:100AE000A446D7F83CB0002E7EF452ACBBF1000F08
:100AF000D3D1D7E7FB6B00EB060818604FEA4B0B2E
:100B000008F10408BAE7DBF8000005F039F800281E
:100B1000C8D0CBF80000C5E72DE9F04FDDB0914615
:100B200009911C4683460F9302F02AFF036818467A
:100B30001993FDF7D1FE0822189000212CA8FDF78B
:100B400049FBBBF1000F04D0DBF83430002B01F07F
:100B50003E80099A536EB2F90C20D90702D497054A
:100B600040F16E86960406D4099942F4005223F4AB
:100B700000538A814B669D0401F1F883099AB2F90A
:100B80000C30190740F1C7801269002A00F0C380B9
:100B900003F01A020A2A00F0CD80002300249E46AA
:100BA000CDE93133002333AACDE91634DA461446B1
:100BB0004D46CDE91BEE3092CDF868E0CDF880E0EF
:100BC000CDF874E0CDF82CE0CDF848E02F468B4B03
:100BD000D3F8E46002F0C2FE0DF1B00C03463A46D1
:100BE000504628A9CDF800C0B047002800F0C180C9
:100BF000C0F2B780289B252B01D00744E7E7B7EB6D
:100C00000508064640F0B98000224FF0FF339346B6
:100C10000A937B787E1C8DF897200C9299460136BA
:100C2000A9F120035A2B00F2EB80DFE813F0220336
:100C3000E900E9001E03E900E900E9000003E9001A
:100C4000E9006A004D03E90061023003E9002C036A
:100C50005B005B005B005B005B005B005B005B00BC
:100C60005B00E900E900E900E900E900E900E900CA
:100C70006101E900F101B602610161016101E90070
:100C8000E900E900E900B202E900E9006502E900D3
:100C9000E900E9000A02E9009602E900E900BE065F
:100CA000E900E900E900E900E900E900E900E900FC
:100CB0006101E900F1013B02610161016101A802EA
:100CC0003B02ED01E900CD02E900F102DF06DF029F
:100CD000ED01E9000A027200E206E900E900E60619
:100CE000E90072000022A9F1300316F8019B02EB23
:100CF000820203EB4202A9F13003092BF5D90C92D1
:100D00008EE70F9B53F8042B002A0C920F93C0F22E
:100D1000EC81337882E7099D58462946FDF7F8F9BA
:100D2000002841F08684B5F90C3003F01A020A2A33
:100D30007FF433AF0999B1F90E20002AFFF62DAFE9
:100D40004A6ED50702D4980541F1E58023464A460C
:100D50005846099901F0F0FC0B900B985DB0BDE886
:100D6000F08F082200212CA8FDF734FA0120074457
:100D70002DE7B7EB0508064610D0329BC4E90058B2
:100D800043443293319B0133072B319310DC0834F9
:100D90000B9B43440B93002E7FF436AF329B002B0A
:100DA00041F0A2800022099B3192B3F90C3019E086
:100DB0005046099930AA01F0FFFC80B933ACE7E74F
:100DC0005046099930AA01F0F7FC002800F0858010
:100DD000D3460E9B1BB158460E99FDF7B1FE099BF9
:100DE000B3F90C30099A526ED10740F103815B06CA
:100DF00001F1C6820B985DB0BDE8F08FD8060020E7
:100E00001096B9F1000FC9D0012300228DF80C9182
:100E1000069343AD8DF897200D93CDE913220E92E2
:100E20000A9211921BF0020302D006990231069138
:100E30001BF08408329E05D10C9906980F1A002FDA
:100E400000F39B806AB101226260319A013601325F
:100E50000DF19701072A32963192216000F3C58384
:100E6000083463B102236360319B0236013326AA42
:100E7000072B32963193226000F3AC830834B8F12B
:100E8000800F00F0BD820A9B0D9A9F1A002F00F37D
:100E9000F8821BF4807F40F01C820D9B25601E446D
:100EA0006360319B32960133072B319300F330831B
:100EB00008341BF0040F05D00C9B069A9D1A002DD8
:100EC00000F3A083DDE90B3206998A42ACBF9B1880
:100ED0005B180B93002E7FF473AF002331930E9BAE
:100EE0001BB150460E99FDF72BFE33AC109D6DE6FD
:100EF0000F9B1096073323F00703F3E802670F9365
:100F000027F000431F931E964FF0FF32DDE91E01CC
:100F1000B24BCDE916670CF0D7FD002840F0EF8406
:100F2000DDE91E014FF0FF32AC4B0CF0AFFD0028A5
:100F300040F0E58400220023304639460CF09CFD49
:100F4000002841F019819DF8972000210320A44D2D
:100F5000A44B2BF0800B0E910690B9F1470FD8BF30
:100F60001D46CDE913110A910D901191002A3FF40D
:100F700059AF069B0133069354E7102F319A41F382
:100F8000F181DFF864C221463046099C2E46CDF837
:100F900054C06546219304E0103F102F01F1080171
:100FA00016DD102301321030072ACDE931200D6003
:100FB0004B60F1DD2146504630AA01F0FDFB0028D0
:100FC0007FF406AFDDE93120103F102F33A9E8DCB4
:100FD00035460C460646219B013215993E44072AA8
:100FE000CDE931262160676000F3E1859DF8972007
:100FF000083427E79A053FF5FAAE099CA06DFDF786
:1010000015FBB4F90C30F2E633784BF0200B05E613
:101010000F9BB9F1430F109603F1040600F02485ED
:101020001BF0100F40F020850F9B43AD1B688DF81F
:101030000C31012306930D9300220F968DF8972013
:10104000EBE600230F9F109657F8045B8DF897305E
:10105000002D00F0ED84B9F1530F00F0CE851BF0A8
:101060001003119340F0C9850A9B002BC0F2298719
:101070001A462846119902F02FFD0E90002801F023
:1010800082820E9B11995B1B0D9323EAE3734FF051
:101090007309CDE913119DF897200F970A910693D4
:1010A0000E9163E71BF0200F10967CD00F9B073347
:1010B00023F007031846596850F8083B0A460F907A
:1010C0000029C0F202840A990029C0F2748253EA0E
:1010D00002012BF0800740F06F820A9A002A40F04C
:1010E0007082BB460D925CAD61E10C9B5B420C9340
:1010F00033784BF0040B91E510964BF0100B1BF07E
:10110000200200F08E830F9B073323F0070319465C
:101110005A6851F8083B0F9100212BF4806700209A
:101120000A9D8DF89700002DC0F22A8153EA020033
:1011300027F0800B40F02381002D40F04D850029E1
:1011400040F0C68417F001030D9300F0AC83302308
:101150000DF26F158DF86F3129E110964BF01007E5
:1011600017F0200200F04F830F9B0121073323F07B
:10117000070318465A6850F8083B0F90CFE73378BA
:10118000682B03BF73784BF4007B01364BF0400BA8
:1011900044E533784BF0080B40E54BF0100B1BF0A7
:1011A000200F109682D10F9A1BF0100F52F8043BBB
:1011B0000F9240F085831BF0400F00F07D8343F3D6
:1011C000C03211461BB27BE733786C2B03BF7378B8
:1011D0004BF0200B01364BF0100B1FE5FFFFEF7FAC
:1011E000E0410200DC4102009845020047F630036E
:1011F0000F9AA948ADF8983052F8043B02210F929B
:101200004FF07809002210964BF002071A9086E7FB
:101210001BF0200F109600F061830F9B0B9A1B6848
:101220001A60D2175A600F9B04330F935EE6504644
:1012300002F0A6FB436818461D93FDF74DFB209076
:101240000746504602F09CFB83681B93002F3FF437
:1012500060AD1B9A3378002A3FF4E0AC1278002A84
:101260003FF4DCAC4BF4806BD8E433784BF0010BEB
:10127000D4E49DF897203378002A7FF4CFAC202265
:101280008DF89720CAE433784BF0800BC6E43146E2
:1012900011F8019BB9F12A0F01F01682A9F1300370
:1012A000092B98BF002201F2708011F8019B02EB1C
:1012B000820203EB4202A9F13003092BF5D942EA7D
:1012C000E2730E460A93ABE42B238DF89730337804
:1012D000A4E4B9F1650F40F32681DDE9160100228F
:1012E00000230CF0BFFB002800F0C78101236360DE
:1012F000319B6A4A01330136072B329631932260C3
:1013000000F36F840834279B129A934280F2A182E3
:10131000189B199A1E44C4E90023319B329601336D
:10132000072B319300F379830834129B5D1E002D47
:101330007FF7BFAD102D319B40F3DE80DFF8609169
:101340001027DDF82480CDF8549004E00834103DD7
:10135000102D40F3D38001331036072BC4E90097DA
:10136000CDE93136F2DD4146504630AA01F024FA8B
:1013700000287FF42DADDDE9313633ACE7E75F4679
:10138000012900F0198102295CAD1ED11A9803F0E1
:101390000F01415C1B0943EA0273120905F8011DA4
:1013A00053EA0201F3D1BB465CAB5B1B0D930A9A77
:1013B0000D9900238A42B8BF0A46CDE9133306923D
:1013C0000E939DF897201193D0E503F00701DB08F9
:1013D00043EA4273D208303153EA0206284605F840
:1013E000011DF2D1FE07DED53029DCD030230238D2
:1013F00005F8013C5CAB1B1ABB4605460D93D6E7CE
:101400000C9B069A9F1A002F7FF73DAD102F319B42
:1014100041F37A802248224631464FF010080646B2
:10142000099C159004E0103F102F02F1080215DD11
:1014300001331031072BC2E90068CDE93131F2DD0B
:101440002146504630AA01F0B7F900287FF4C0AC1D
:10145000DDE93131103F102F33AAE9DC14460E4686
:101460000133159A3E44072BCDE93136226067607F
:1014700000F3C7820A9B0D9A08349F1A002F7FF74A
:1014800008AD074A102F319B159229DD32464FF0E7
:1014900010082E46099D0AE0EC4102001C420200A1
:1014A00088450200103F102F04F1080416DD0133B7
:1014B000B7491032072BC4E90018CDE93132F1DD0C
:1014C0002946504630AA01F077F900287FF480AC15
:1014D000DDE93132103F102F33ACE8DC35461646DB
:1014E0000133159A3E44072BCDE9313622606760FF
:1014F00000F37D810834CCE4A54A1592159A013396
:101500002E44072B22606560CDE931367FF7D0ACE1
:101510005046099930AA01F04FF900287FF458ACE1
:10152000329E33ACC5E4129B319F012B06F10106BC
:1015300007F1010704F1080940F310810123072F87
:10154000CDE931762560636000F3C682189B0137D0
:10155000199A1E44072FC9E90023CDE9317600F31B
:10156000C88209F10809129B0022DDE916015C1E00
:1015700000230CF077FA002840F00E810137013586
:101580002644072FCDE93176C9F80050C9F8044048
:1015900000F3F08009F108091C9B01371E44C9F8CB
:1015A0000430072F2AABCDE93176C9F80030AFDC23
:1015B00009F108047DE45F460A2B72F1000180F016
:1015C000A58230338DF86F310123BB460D930DF2A8
:1015D0006F15ECE65046099930AA01F0EDF80028A5
:1015E0007FF4F6AB329E33AC49E45046099930AAF9
:1015F000159301F0E1F800287FF4EAAB329E159BC9
:1016000033AC2EE4102D319B40F31587DFF8848135
:101610001027DDF82490CDF8548004E0103D102D03
:1016200004F1080415DD01331036072BC4E90087E7
:10163000CDE93136F2DD4946504630AA01F0BCF81A
:1016400000287FF4C5ABDDE93136103D102D33ACF9
:10165000E9DC0133159A2E44072BC4E90025CDE9B6
:1016600031367FF72FAC5046099930AA01F0A4F823
:1016700000287FF4ADAB329E24E42799002940F383
:10168000ED80DDE911839845A8BF9846B8F1000FB9
:101690000ADD319B46440133072BC4E900583296DA
:1016A000319300F344860834119FB8F1000FA8BFAE
:1016B000A7EB0807002F00F30183DDF844901BF42B
:1016C000806FA94440F05D85279B129A9342C0F237
:1016D000E3811BF0010F40F0DF81129AAF18A7EBF6
:1016E0000907D51AAF42A8BF2F46002F0BDD319B4B
:1016F0003E440133072BC4F8009067603296319363
:1017000000F348860834002FA8BFED1B002D7FF79B
:10171000D0AB102D319B7FF7EFAEDFF87490102720
:10172000DDF82480CDF8549004E00834103D102DED
:101730007FF7E4AE01331036072BC4E90097CDE9FB
:101740003136F2DD4146504630AA01F035F8002826
:101750007FF43EABDDE9313633ACE7E71BF0010F38
:101760007FF4ECAE0123072FCDE93176256063606D
:101770007FF712AF5046099930AA01F01DF80028F2
:101780007FF426ABDDE931760DF1CC0904E700BF2B
:101790008845020098450200129B012B7FF7FCAEA2
:1017A000112B40F37387AB4BCDF828B010259B4627
:1017B000DDF82480159305E009F10809103C102C90
:1017C00040F3C18201371036072FC9E900B5CDE9D2
:1017D0003176F1DD4146504630AA00F0EDFF002899
:1017E0007FF4F6AADDE931760DF1CC09E6E7504643
:1017F000099930AA00F0E0FF00287FF4E9AA329EA0
:1018000033ACFFF746BB0F9951F8043B0F9117F02B
:1018100010014FD117F0400047D00A469BB201217A
:101820007DE40F9951F8043B0F911BF010017FF4F8
:1018300073AC1BF0400000F095820A469BB26BE44B
:10184000099DA86DFCF7EAFEB5F90C206B6EFFF759
:1018500089B91BF0010F3FF42CAB59E501236360FC
:10186000319B7D4A01330136072B3296319322603A
:1018700000F32E850834002940F04682129A0BF0BE
:10188000010313433FF415AB189B199A1E44C4E996
:101890000023319B32960133072B319300F32E83C3
:1018A00004F1080241E25CAD81E517F400721CBF4F
:1018B0000246DBB2012132E41BF4007F40F0EB82F0
:1018C000DA1711460029BFF6FEAB5B425F464FF0C8
:1018D0002D004FF0010162EB420221E41BF0100FDA
:1018E00040F0E6811BF0400F40F0CF821BF4007FF8
:1018F00000F0DE810F9B0B9A1B681A7093E4DDE900
:10190000160102460B460CF0DFF8002840F0258651
:10191000B9F1610F00F01785B9F1410F00F0C182F4
:101920000A9B013300F0118629F02003472B00F0B9
:10193000E1850E90DDE91612002A13464BF48078FB
:10194000C0F2D38400231593DDE91623CDE92223C9
:10195000A9F14103252B00F21782DFE813F02103E0
:10196000150215021502E102AE0315021502150259
:1019700015021502150215021502150215021502AF
:10198000150215021502150215021502150215029F
:101990001502150215021502150215021502210382
:1019A000150215021502E102AE032C4B10961A9394
:1019B0001BF020027ED00F9B073323F0070319464C
:1019C0005A6851F8083B0F911BF0010F09D053EAF8
:1019D000020106D030218DF899904BF0020B8DF862
:1019E000981002212BF48067FFF799BB1096FFF740
:1019F00086BB5F461096FFF7B3BB194B10961A9340
:101A0000D6E75046099930AA00F0D6FE00287FF4A8
:101A1000DFA9329E33ACFFF736BA5046099930AA97
:101A200000F0CAFE00287FF4D3A9329E33AC7CE4D8
:101A30000A9B2946062B28BF06232A460A950E959F
:101A4000CDE91311074D06930F970D931191FFF7F1
:101A50008DBA00BF884502001C420200004202000D
:101A6000EC41020014420200082200212EA8FCF7DB
:101A7000B1FB0F9A43AD2EAB29465046126805F0D4
:101A80005FFF034601330D9000F004860D9B23EAAF
:101A9000E3730693FFF7D0BA189A19991644C4E96C
:101AA0000012319A32960132072A319200F34D84A6
:101AB000083412E60F9951F8043B0F911BF0100106
:101AC00082D11BF0400000F054810A469BB27BE7B4
:101AD0000A9B5CAD0D936AE45046099930AA00F068
:101AE0006BFE00287FF474A9DDE931760DF1CC0995
:101AF0002CE55046099930AA00F05EFE00287FF4DC
:101B000067A9DDE931760DF1CC092CE5CDE90D971A
:101B100007F480664FF0000EDFF864B21B9F0DF5EE
:101B2000B87C069406E00A2B72F1000237D34346D4
:101B30002246AC46991841F10001ABFB010424F0A8
:101B4000030000EB94004FF0CC34091A581A04FB40
:101B500000F462F10009A0FB0B800BFB0944044474
:101B6000052008F00109A9FB000940184FEA5808B0
:101B7000303048EAC4780EF1010E0CF1FF350CF854
:101B8000010C6408002ECED039788E45CBD1BEF141
:101B9000FF0FC8D00A2B72F1000280F0D2821B978F
:101BA000069CCDF848E0DDE90D97FFF7FCBB5046F9
:101BB000099930AA159300F0FFFD00287FF408A9C9
:101BC0009DF89720329E159B33ACFFF73BB95846E2
:101BD000FCF726F8FEF7BDBF01295F467FF4D3ABC3
:101BE000EFE45046099930AA00F0E6FD00287FF4A2
:101BF000EFA8329E33ACFFF786BB0DF1B808082280
:101C0000002140462995FCF7E5FA0A9B002BC0F21B
:101C1000898200260694CDF83490344699460FE028
:101C20004346504643A905F08BFE431C06F10406CB
:101C3000204400F07984484506DC00F0E484044642
:101C4000299B9A59002AEBD1DDF834900D94069C1B
:101C50000D9B002B00F05183632B40F3FB83504618
:101C6000591CFDF769F80546002800F046850E90DE
:101C7000082200214046FCF7ADFA0D9E2946334666
:101C80005046CDF8008029AA05F0ACFE864240F00F
:101C90002D8500230D9ACDE9133322EAE271AB546E
:101CA0009DF897200F9706910A931193FFF75EB95D
:101CB0000F9B0B9A1B681A60FFF7B5BA102F319B68
:101CC00040F30D852F4932464FF010090E46DDF8DE
:101CD0002480159104E00834103F102F40F33E8219
:101CE00001331032072BC4E90069CDE93132F2DD4E
:101CF0004146504630AA00F05FFD00287FF468A8F6
:101D0000DDE9313233ACE7E7189B199A1E44C4E988
:101D10000023319B32960133072B319300F3EE8081
:101D200004F108020029C0F29983129901330E448C
:101D3000072BCDE93136156051603FF7E9AB02F171
:101D40000804FFF7B6B8DDF828B00137159B264424
:101D5000072FCDE93176C9F80030C9F804407FF784
:101D600019AC07E51BF400721CBF0246DBB2FFF79B
:101D7000D3B91BF400721CBF0246DBB224E600BFDD
:101D8000CDCCCCCC884502000A9B5046019302235F
:101D900000932EAB049329AB039327AB0293DDE9A9
:101DA000222301F0BDFF1BF0010F054640F03F83E9
:101DB0002E9B1B1A1293279B1193119BDA1C03DB9A
:101DC0000A9A9A4280F28E81119BA9F10209013B85
:101DD000002127935FFA89F2002B8DF8A820B6BF67
:101DE0002D222B22119B8DF8A920B8BFC3F101032E
:101DF000092B40F36D830DF1BF073A46DFF8D0C2DF
:101E00001E461046ACFB0321C90801EB8102A3EB7F
:101E100042023032632E00F8012C0B4600F1FF32F3
:101E2000EEDC303302F8013C831EBB4280F03A8482
:101E30000DF1A90213F8011BBB4202F8011FF9D1F1
:101E40005CAB181AA0F1AD031C93129B1C9A012BDA
:101E50001A440D9240F374830D9B189A13440D930A
:101E60002BF4806343F4807B00230D9A149322EAC1
:101E7000E272069213931193159B002B40F021817F
:101E80009DF897200A93FFF771B80F9B0B9A1B6878
:101E90001A80FFF7C8B943F3C01211465BB2FFF7CF
:101EA0000FB958238DF8993030238DF898300A9B5C
:101EB0004BF0020B632B00F30083002343AD0E9322
:101EC00038E52846FCF708FD119B20EAE0714FF049
:101ED0007309CDE913339DF897200F970D900A935E
:101EE00006910E93FFF742B85046099930AA00F0C8
:101EF00063FC00283EF456AFFEF771BF50460999C7
:101F000030AA00F059FC00287EF462AFDDE93136DA
:101F1000279933AA06E7886DFCF788FBFEF716BF02
:101F200002230A9A0132069200932EAB069E049376
:101F300029AB039327AB019602935046DDE9222398
:101F400001F0EEFE29F02007462F054618BF452771
:101F5000064405D12B78302B00F02B82279B1E44A2
:101F60000022DDE9220100230BF07CFD002840F077
:101F70005A822E9BB34206D230215A1C2E921970DF
:101F80002E9B9E42F9D8279A11925B1B472F1293E2
:101F90003FF413AF462F00F01A82119B013B17E765
:101FA00027AADDE9220101F0E7FD00224FF07F536F
:101FB0000BF0F0FA02460B46CDE90623002200237F
:101FC0000BF050FD08B1012327930A9B414A591E8B
:101FD000414B2E46B9F1610F08BF1A460D94CDF85A
:101FE0004490CDF848B01395D346DDE906458946BF
:101FF00092460A9207E0002200230BF033FD0028EE
:1020000040F0EE82B9460022344B204629460BF0C0
:10201000C1FA0D4604460BF06DFD80460BF050FAF8
:1020200002460B46204629460BF0FCF81AF8083009
:10203000B9F1FF3F324604460D4609F1FF3706F875
:10204000013BD8D11746264B0022CDE90645DA469A
:10205000DDE912B5DDF844900D9C0BF02BFD002856
:1020600000F024830A992E9716F8012CC97B334679
:102070008A4209D1302003F8010C2E9B5A1E2E9261
:1020800013F8012C8A42F6D0392A0BBF0A9A013282
:10209000927AD2B203F8012C33465B1B1293279B32
:1020A000B9F1610F119303F1FF33279300F0BA8266
:1020B00050224FF0410901218EE60A9B069303232B
:1020C00032E72D2200238DF897200A93FEF751BFA7
:1020D000CDCCCCCC00420200EC41020000003040EC
:1020E0000000E03FDDE91123934200F3A8811BF0DB
:1020F000010F119B00F05482189A13440D931BF4A6
:10210000806F00F05982119B4FF06709002B00F39C
:1021100072810D9B23EAE37306930023C346CDE946
:102120001333A9E6002350461946CDF8008029AAAA
:1021300005F058FC034601330D9000F0F581299518
:1021400086E5209B1D99ED1A1A46284600F0CCFE24
:102150007B7803B101374FF0000EE8E416460133F7
:10216000159A3E44072BCDE931362260676000F3B3
:10217000CF810834FFF7A1BA2D228DF89720FEF702
:10218000E4BE129B2246EB180A93139B4C46002B8D
:102190003146DDF85080CDF844B0DDF86C90209EDB
:1021A000DDF824B014952EDDB8F1000F7DDD08F1C7
:1021B000FF3831981D9B013031440728C2E90036B1
:1021C0003291319066DC08320A9B99F800001F1B9F
:1021D0008742A8BF0746002F0BDD319839440130F4
:1021E0000728C2E900473291319064DC99F8000079
:1021F0000832002FB4BF0546C51B002D15DC044472
:10220000139B002BD0DCB8F1000FD0DCCDF86C9024
:10221000A146149D129B1446EB1899450E4628BF03
:102220009946DDF844B0FFF74FBA102D3198AF4B07
:1022300023DD0D9410272C461D4604E0103C102C85
:1022400002F1080216DD0130A84B10310728C2E95F
:102250000037CDE93101F1DD5946504630AA00F092
:10226000ABFA00287EF4B4ADDDE93101103C102C4E
:1022700033AAE8DC2B4625460D9C0130294407286B
:10228000CDE931011360556043DC99F80000083254
:102290000444B5E75946504630AA00F08DFA0028AC
:1022A0007EF496AD329933AA8EE7139B09F1FF397C
:1022B000013B13937DE75946504630AA00F07CFA63
:1022C00000287EF485AD99F80000329933AA90E792
:1022D0005046099930AA00F06FFA00287EF478ADD4
:1022E0002799329E33ACFFF7C6BA22912D2103F114
:1022F000004315912393FFF72BBB0D9B9DF897206F
:10230000CDE913330F9706930A9311930E93FEF7BB
:102310002DBE5946504630AA00F04EFA00287EF4F1
:1023200057AD99F80000329933AA044468E7504643
:10233000099930AA00F040FA00287EF449AD329E97
:1023400033ACFFF7B1B97823ACE55046099930AA10
:1023500000F032FA00287EF43BAD279B329E33AC6E
:10236000FFF7BBB962491591FEF736BEDC0707D40B
:10237000099B9B89980503D4099B986DFCF756F936
:102380004FF0FF330B93FEF735BD00230E460A9343
:10239000FEF746BC5046099930AA00F00DFA002815
:1023A0007EF416AD279D129B329E33AC5D1BFFF76A
:1023B000AAB90022DDE9220100230BF053FB00281B
:1023C00000F03281279B1E441193731B12931199C5
:1023D0000A9A0BF00103002943EA020340F3438108
:1023E000002B40F017814FF06609119B0D931BF4F1
:1023F000806F3FF48EAE1B990B78FF2B00F072813B
:102400000026119A304604E001300131FF2B00F024
:10241000D680934280F2D380D21A4B78002BF3D12E
:102420000B780136F2E7279A33461192ADE50A9B05
:102430004727C61894E52E4A1592FFF70AB9129B52
:10244000189A9A18119B0D92002B40F3AB804FF015
:102450006709CCE7002343AD0E9309E44F421031E6
:102460001DDADFF888801024CDF8548003E00832AC
:10247000103F102F15DD01331036072BC2E9008401
:10248000CDE93136F3DD5046099930AA00F094F9D0
:1024900000287EF49DACDDE9313633AAE8E7134924
:1024A0001591013315993E44072BCDE93136116062
:1024B000576000F3CB80083237E45046591CFCF7D4
:1024C0003BFC0546002800F0E5800E90FFF732BA8D
:1024D00000293FD130228DF8AA200DF1AB02303314
:1024E00002F8013B2AABD31A1C93AEE488450200E4
:1024F000984502000A9B002B7FF41BAA0A9B0E93AF
:1025000001230A93FFF716BA804A1592FEF7A8BF77
:102510005046099930AA00F04FF900287EF458ACD3
:10252000329E33ACFFF7C9B80022D346099B0E9206
:10253000B3F90C3043F04003099A9381FEF749BC8C
:102540001BF0010F3FF48CAC86E406230E900A9337
:10255000FFF7F0B90DF1AA02C1E7179B0320002B8A
:10256000B8BF2D224FF00003A8BF9DF89720194651
:102570000E93674D674BB8BF8DF897202BF0800BFB
:102580000690FEF7EABC0A9B4FF07309CDE91300F1
:102590009DF897200F9706930D930A90FEF7E6BCDF
:1025A0000D93ACE5C3F101031A4422EAE2734FF044
:1025B00067090D920693B0E54FF06709A9E5CDE9EB
:1025C00013061B911192DDE91323209913440D9AF0
:1025D000C34601FB03230D9323EAE37306934BE405
:1025E00049460029DA46DDE912B50D9CDDF8449034
:1025F000FFF652AD4B1C30223146334401F8012B1B
:102600008B42FBD149E50A9BDDF83490069C0D9383
:10261000FFF71EBB1346189A4FF0660913440B448C
:102620000D93E4E6702246E5069BC3F10103279370
:1026300095E4099A536EDF073FF5A2AE93899E0594
:102640003FF59EAE906DFBF7F1FF99E65046099974
:1026500030AA00F0B1F800287EF4BAABDDE93136DB
:1026600033AAFFF762BB2BB901234FF0660906932B
:102670000D9352E5189B4FF0660903F1010B0A9B7D
:102680005B440D9323EAE373069346E51F4B1593D2
:10269000FFF75BBB099AB2F90C3043F0400393811A
:1026A000FEF7A0BB02231C93FFF7CFBB0022DDE99E
:1026B0000601194B0BF0D6F900283FF4EDAC18F0E9
:1026C000010F3FF4E9ACCDE40F9A73780E4652F84F
:1026D000041B0F9241EAE1720A92FEF79FBA0B4A7D
:1026E00015923CE50023CDE913336CE7099BD346F3
:1026F000B3F90C3043F040031EE7099BD346B3F90E
:102700000C300E9043F0400316E700BF88450200EE
:10271000E8410200E44102000000E03F8C4600B5C1
:1027200086461346034A714610685DF804EB62461C
:10273000FEF7F2B994000020F0B54FF48064002653
:10274000ADF26C4D1AADCDE905461F460646009523
:10275000049515468B8916A823F00203ADF80C30BA
:102760004B6E02941993CB890C46ADF80E30CB69B1
:1027700007934B6A0993FBF749FF2A463B46694694
:102780003046FEF7C9F9051E07DB69463046FBF700
:10279000C3F8002818BF4FF0FF35BDF80C305B06BA
:1027A00003D5A38943F04003A3811698FBF732FFBA
:1027B00028460DF26C4DF0BD936810B514461BB958
:1027C00018460023636010BD00F06EF80023A3607C
:1027D0000023636010BD00BF70B500293FD00646DE
:1027E0000C4610B1436B002B3CD0636EB4F90C2047
:1027F000DD0732D4900538D521463046FAF7F8FF88
:10280000E36A054633B13046E16998470028B8BF0E
:102810004FF0FF35A3891A0639D4216B41B104F179
:102820004003994202D03046FCF78AF90023236323
:10283000616C21B13046FCF783F900236364FBF738
:102840000DFA0022636EA281DB071CD5A06DFBF799
:10285000E1FEFBF709FA284670BD002ACCD100251D
:10286000284670BDFBF7DCF9BFE7A06DFBF7D6FE8D
:10287000B4F90C30002BBFD1636ED907EFD4A06D33
:10288000FBF7D4FEEBE7A06DFBF7D0FEDEE73046AA
:102890002169FCF755F9C0E7024B01461868FFF7BC
:1028A0009BBF00BF940000209368002B00F0F080D5
:1028B0002DE9F04FB1F90CC090461CF0080F81468D
:1028C0000C4683B02BD00B694BB31CF00207D8F831
:1028D000006032D04FF0000A5546D4F824B0E169C8
:1028E000AB4FC5B1BD422B46524628BF3B4648467A
:1028F000D847002840F3C280D8F8083082441B1A19
:102900002D1AC8F80830002B00F0AE80D4F824B09F
:10291000E169002DE6D1D6E900A50836E1E72146B8
:102920004846FBF7F5FB002840F0AD80B4F90CC039
:10293000D8F800601CF00207CCD11CF0010A63D16A
:1029400057462368A16818468B46002F58D01CF4C0
:10295000007F00F0B180B9420A4600F2DD801CF42D
:10296000906F2FD0216962695D1A02EB420202EB7F
:10297000D2726B1C52103B44934292BF93469B46CB
:102980001A461CF4806F00F0E68011464846FCF7BA
:10299000D3F9002800F0F5802A4621690190FBF761
:1029A00025FFA289019B22F4906242F08002A2815D
:1029B0005819C4F814B0ABEB05053A46BB46236181
:1029C000A56020603D4600275146019200F00EFAB6
:1029D000A1682368019AA1EB0B011A44A16022604F
:1029E000D8F80830AA445B1BC8F80830002B3BD04D
:1029F0002368A16818468B46B4F90CC0002FA6D1F5
:102A0000D6E900A708369EE73846BB463D46002D6E
:102A100040D0002845D03A46D4E904C32068AA42F1
:102A200028BF2A466045A16804D901EB030A524534
:102A300000F38280934272DC5A464846E169D4F83A
:102A400024C0E047B0F1000A18DDB7EB0A070FD049
:102A50000120D8F80830D344A3EB0A03A5EB0A05FC
:102A6000C8F80830002BD2D1002003B0BDE8F08FA9
:102A700021464846FAF750FF0028EAD0B4F90C3056
:102A800043F04003A3814FF0FF3003B0BDE8F08F67
:102A900000207047756833460836002DFAD0D3F809
:102AA00000B02A460A21584601F016F8002865D0E1
:102AB0000130A0EB0B07AEE722699A4214D3656997
:102AC000BD4211D86FF00043BB4228BF3B4693FB89
:102AD000F5F3524605FB03F34846656AE169A847EA
:102AE000051ECBDD7F1B7BE7B94228BF39460D466B
:102AF000184651462A4600F079F9A1682368491B17
:102B00002B44A16023600029ECD121464846FAF706
:102B100003FF0028E6D0B1E7BB463A4652E75946E4
:102B2000019200F063F9019AA36892469B1AA36090
:102B300023681344236088E75946524600F056F94B
:102B400023682146534448462360FAF7E5FE0028EF
:102B50003FF47BAF92E7484603F01CF80346002899
:102B60007FF426AF48462169FBF7EAFF0C22B4F94F
:102B70000C30C9F8002023F0800381E76A1C174657
:102B80004AE70C22B4F90C30C9F8002078E700BFFE
:102B900000FCFF7F2DE9F041B1F90C300C4699079C
:102BA00096B008D5012204F14303C4E9043223603E
:102BB00016B0BDE8F081B4F90E100646002926DBF8
:102BC0006A4600F0E5FE00281FDB019D4FF4806897
:102BD00005F47045A5F50055B5FA85F54FF4006785
:102BE0006D0941463046FCF7A7F8E8B1B4F90C305E
:102BF000C4F8148043F0800320602061A3813DBBB2
:102C00003B43A38116B0BDE8F081B4F90C3013F05A
:102C1000800519D04FF040080025414630462F4628
:102C2000FCF78AF80028E1D1B4F90C309A05BFD43A
:102C3000012123F0030304F1430243F00203C4E93A
:102C40000421A3812260B3E74FF480682F46C8E7D0
:102C50003046B4F90E1000F0AFFE10B9B4F90C30E4
:102C6000CEE7A38923F0030343F001031BB2C7E7B8
:102C700070B50C46B1F90E10154600291E4696B0E7
:102C800014DB6A4600F084FE00280FDB01994FF444
:102C9000806301F47041A1F50051B1FA81F14FF464
:102CA0000060490931602B6016B070BDA18911F038
:102CB000800106D000214023084631602B6016B009
:102CC00070BD4FF48063084631602B6016B070BD54
:102CD00070B50D7804465E2D25D04FF0000EF446F9
:102CE000481C002223466EF307026EF30F226EF398
:102CF000174204F580716EF31F6243F8042B8B4278
:102D0000FBD175B18CF00101615500F1010E1EF887
:102D1000013C2D2B0FD05D2B0BD01BB11D467046F7
:102D2000F2E7013870BD4FF0010E4D78F446881C73
:102D3000D7E7704670BD90F801C0BCF15D0FEDD0D3
:102D40006545EBDC6E1C0230A21902F8011B131B57
:102D5000013B9C45F9DCACEB0503013B6545A8BF95
:102D600000230EF1020EF518D1E700BF0CB470B5C8
:102D70000C4600256FF000469CB00A4A20AB059235
:102D800053F8042B02A9CDE901341B95049607964C
:102D9000069406F0FBFA029B1D701CB0BDE8704063
:102DA00002B070470802FFFF0EB470B504466FF022
:102DB000004600259DB00B4A21AB0B49106853F823
:102DC000042B059102A9CDE90134049607961B95C1
:102DD000069406F0DBFA029B1D701DB0BDE8704042
:102DE00003B07047940000200802FFFF88420ED90C
:102DF0008B1883420BD900EB020C002A6DD062467F
:102E000013F801CD994202F801CDF9D170470F2A8C
:102E10000FD8034602F1FF3C002A5ED00CF1010CF2
:102E2000013B8C4411F8012B614503F8012FF9D1C6
:102E3000704740EA01039B0750D1A2F1100370B51F
:102E400001F1200C23F00F0501F1100E00F1100428
:102E5000AC441B095EF8105C0EF1100E44F8105CD7
:102E60005EF81C5C103444F81C5C5EF8185C44F896
:102E7000185C5EF8145CE64544F8145CEAD1013352
:102E800012F00C0F01EB031102F00F0400EB03131F
:102E900028D08E46043C24F003064FEA940C1E44CE
:102EA0001C1F5EF8045B44F8045FB442F9D10CF1D6
:102EB000010402F0030203EB840301EB840102F13D
:102EC000FF3C4AB10CF1010C013B8C4411F8012B81
:102ED000614503F8012FF9D170BD7047034602F137
:102EE000FF3C9BE72246EAE740EA01039B0710B557
:102EF00024D1032A22D98E468446DEF8004071464A
:102F0000A4F1013323EA040313F0803F0EF1040E11
:102F100015D1043A032A4CF8044BEED8714601F15E
:102F2000FF3E52B163461EF8011F541E03F8011BF9
:102F300041B122469C46002AF4D110BD844601F1DD
:102F4000FF3EEEE79444002CF7D003F8011B6345E5
:102F5000FBD110BD40EA01039B0710B4044602D127
:102F6000032A8C4615D801F1FF3C52B123461CF8C8
:102F7000011F501E03F8011BC1B102461C46002A66
:102F8000F4D1204610BC7047043A032A44F8040BDD
:102F900016D9DCF800006146A0F1013323EA0003F2
:102FA00013F0803F0CF1040CEED0DCE760B1A01808
:102FB00003F8011B8342FBD1002CE2D110BC704707
:102FC000614601F1FF3CD0E71846002CD9D1F5E766
:102FD000F8B5114D1149124800F020FD2C4605F1BD
:102FE000A006A5F1200721463846FBF721FB203437
:102FF00018B9B442F7D10A48F8BD0A4F084C39460F
:10300000204608F07DF829462046203508F078F85B
:10301000B542F4D10248F8BD18070020F806002098
:10302000F0050020204202002DE9F04F00EB41178F
:1030300005460E468FB0394610461446FBF7F8FA9F
:1030400018B938460FB0BDE8F08F2046A749FBF706
:10305000EFFA002800F0B2802046A549FBF7E8FA15
:1030600070B32378432B00F0AE80613B192B16D848
:103070006378613B192B12D8A378A3F16102192A56
:1030800096BFE37804F1020904F103095F2B08D02D
:103090002E2B00F0BF8213F0BF0F00F0AD80002791
:1030A000CFE799F80130413B192BF8D899F8023055
:1030B000413B192BF3D899F8033009F10309E7E7ED
:1030C0000DF1180840468B4900F0A8FC4FF00009AC
:1030D000CA46CDF804909DF81830413B342BDED819
:1030E00001A252F823F000BFE33401009F30010039
:1030F000853401009F300100493401009F300100F8
:10310000153401009F300100FB340100F53301004C
:10311000393301009F3001009F3001009F300100D2
:103120009F300100D53201009F3001009F30010027
:103130008B3201002B320100AB3201009F300100C5
:103140009F3001009F3001009F3001009F3001003F
:103150009F3001009F3001009F3001009F3001002F
:103160009F3001009F300100E33401009F300100D7
:10317000853401009F300100493401009F30010077
:10318000153401009F300100FB340100F5330100CC
:10319000393301009F3001009F3001009F30010052
:1031A0009F300100D53201009F3001009F300100A7
:1031B0008B3201002B320100AB32010020464C491A
:1031C00000F02CFC48E763782D3B012B3FF667AFFE
:1031D00004F102090DF118084946404600F01EFCB2
:1031E00040214046FBF746F808B1002303704046F3
:1031F000FBF772FB814405E00DF1180840463E499B
:1032000000F00CFC99F80030402B7FF45FAF09F11F
:10321000010B58463949FBF70BFA8246002840F06B
:10322000FC8101238146019355E70322404634493E
:1032300007F0AAFF00287FF432AF9DF81B30314918
:103240002D2B14BF0DF11B0007A8FBF7F1F9002887
:103250007FF425AF40462C4900F0E0FB4FF0010B16
:103260002A4B2B4A022E00F0A881062E04D141469B
:1032700005F5A57000F0D2FB2146384600F0CEFBE4
:10328000074638460FB0BDE8F08F4046214907F0A9
:1032900015FF00287FF403AF40461E4900F0BEFB37
:1032A0004FF0020B1C4B1D4ADCE740461C4907F05F
:1032B00005FF30B140461B4907F000FF00287FF4AE
:1032C000EEAE4046164900F0A9FB4FF0060B164B38
:1032D000164AC7E74046164907F0F0FE00287FF47B
:1032E000DEAE4046134900F099FBB7E724420200E6
:1032F0002C420200304202003842020044420200E6
:10330000F4420200F8420200FC420200794C010043
:103310000D73010088420200794E0100C97301005B
:10332000644202006C420200A54C010029730100B6
:10333000E4420200EC42020004224046C84907F081
:1033400023FF00287FF4ABAE9DF81C302D2B08BF67
:103350009DF81D30523B232B3FF6A1AE01A252F83F
:1033600023F000BFB13501009F300100A7350100F7
:103370009D3501009F3001009F3001009F3001000A
:103380009F3001009F3001009F3001009F300100FD
:103390009F3001009F3001009F3001009F300100ED
:1033A0009F3001009F3001009F3001009F300100DD
:1033B0009F3001009F3001009F3001009F300100CD
:1033C0009F3001009F3001009F3001009F300100BD
:1033D0009F3001009F3001009F3001009F300100AD
:1033E0009F300100B13501009F300100A735010079
:1033F0009D35010040469B4907F060FE00287FF4A0
:103400004EAE4046974900F009FB4FF0080B964B33
:10341000964A27E708224046954907F0B5FE00285E
:103420007FF43DAE9DF8203092492D2B14BF08A8A3
:103430000DF1210007F042FE00287FF430AE404637
:103440008D4900F0EBFA09E7032240468B4907F06B
:103450009BFE00287FF423AE9DF81B3088492D2B5E
:1034600014BF0DF11B0007A807F028FE00287FF409
:1034700016AE4046834900F0D1FA4FF0030B824B61
:10348000824AEFE69DF8193003F0DF03502B7FF4FA
:1034900006AE02227E494046FFF726FD0A2205A914
:1034A0000DF11A0003F062FE059B1B78002B7FF4E0
:1034B000F6ADB0F5697F3FF4F3AE00F3B88040F2AB
:1034C0006A3398423FF7EBAD40F25133984240F3F4
:1034D000F780704BA0F25230C340DB073FF5BEAE21
:1034E000DDE540466C4907F0E9FD00287FF4D7ADE3
:1034F0004046694900F092FAB0E603224046674927
:1035000007F042FE00287FF4CAAD9DF81B3004226C
:103510002D2B14BF0DF11B0B0DF11C0B58466049F0
:1035200007F032FE00287FF4BAAD9BF804300A227F
:103530002D2B14BF0BF104000BF1050005A903F0BE
:1035400015FE431E0F2B83463FF6A9AD0C283FF412
:10355000A6AD059B1B78002B7FF4A1AD51494046D9
:1035600000F05CFABBF10A0FC4BF31238DF82130A3
:103570004FF000034C49CCBF0DF122020DF12102A6
:10358000537081FB0B314FEAEB73C3EBA10303EBE9
:103590008303ABEB4303303313705FE6404643498C
:1035A00000F03CFA5AE64046414900F037FA55E649
:1035B0004046404900F032FA50E6414605F5957024
:1035C000CDE9022300F02AFA029A039B41462846DD
:1035D000C5F8E020C5F8E43085F828B1FAF7F8F826
:1035E000B9F1000F0CD1BAF1000F09D1BBF1010FF5
:1035F00006D09DF81890B9F1550918BF4FF0010990
:10360000019B13B9C5F8E89036E64FF0FF33C5F8D3
:10361000E83031E609F10109DCE558462649FBF7B7
:1036200007F8814670B94FF0010A019053E540F266
:10363000654398423FF412AEA0F2E24008287FF6BC
:103640000DAE2CE558461D49FAF7F2FF4FF0000A7F
:10365000B0FA80F9CDF804A04FEA59193BE500BF54
:10366000AC42020074420200C94F01008D74010097
:10367000CC420200D8420200DC4202007842020042
:103680007C42020080420200094F01001D740100CB
:10369000A8420200A511010130420200904202003E
:1036A000944202009C42020067666666BC420200C9
:1036B000C4420200B4420200504202005C420200D6
:1036C00040F2E12398423FF4C9AD09DC40F2B51362
:1036D00098423FF4C3ADB0F5347F7FF4E0ACBDE574
:1036E00040F2073398427FF4DAACB7E538B50D46BF
:1036F0000E49044601F09EFA08B1037893B90C4BC9
:10370000204653F8251001F095FA08B103784BB91B
:103710002046084901F08EFA28B10278064B002AAB
:1037200008BF184638BD044838BD00BF0443020036
:10373000144702000C4302004408002006292DE92A
:10374000F84F804665D88B469246002A00F09C8050
:10375000DFF8EC917B4E4C46354609F1C00729460F
:103760002046203400F05AF9BC4205F12005F6D17C
:103770009AF800309BBBBBF1000F40F08B80012416
:103780006F4F21464046FFF7B1FF0546FBF7A4F80F
:103790001F283ED838462946013400F03FF9072C4F
:1037A00007F12007EDD1DFF8A0B101245D46644F99
:1037B000DFF898A13146284600F030F93A46214614
:1037C0005046FFF731FC203520362037002872D0D4
:1037D0000134072CEED1BDE8F84FFFF7F9BBBBF180
:1037E000000F1BD05046FBF777F81F2811D8584C14
:1037F000514604EB4B14204600F010F9224659467E
:103800005248FFF711FC0446FFF7E2FB2046BDE8F3
:10381000F88F16270024C8F80070F7E72F215046CC
:10382000FAF728FD044600287BD042782F2A08BFEB
:10383000431C04D11C4613F8012F2F2AFAD0002A6A
:10384000E7D00125DFF8F8B0A4EB0A021F2AE0DC7C
:1038500051465846013207F073FC237801352F2B6F
:1038600003D114F8013F2F2BFBD0002B48D0224668
:1038700012F8013F0BB12F2BFAD1072D0BF1200BC2
:1038800091D0A2461446DFE7002948D02F4C04EB24
:103890004114BBE759464046FFF728FF0546FBF7B2
:1038A0001BF81F28B5D82A4C294604EB4B14204698
:1038B00000F0B4F8A2E7012CD8F80070AAD00125D6
:1038C000224EDFF890A006E00135A54209F120095B
:1038D0000BF1200B9ED05946484600F09FF84A460F
:1038E00029463046FFF7A0FB0028EDD15146484657
:1038F00000F094F84A4629463046FFF795FBE3E787
:10390000072D3FF450AF124C04EB45142046A4F1B0
:103910002001203400F082F8BC42F7D143E70E4C7E
:1039200074E75046FAF7D8FF1F283FF672AF044CF1
:1039300020465146203400F071F8BC42F8D132E7FD
:10394000AC640020F8060020CC630020D8060020DC
:103950008C6400202C420200F0050020014B93F8FB
:1039600028017047D806002003460A460249086825
:103970001946FFF7E3BE00BF94000020F030704707
:1039800000487047C807002000487047C80700205B
:1039900070B50026074D0446084611462E60ECF728
:1039A00052FF431C00D070BD2B68002BFBD023605E
:1039B00070BD00BFC0610020002238B5064D04462E
:1039C00008462A60ECF755FF431C00D038BD2B6831
:1039D000002BFBD0236038BDC0610020002238B529
:1039E000064D044608462A60ECF7A0FF431C00D0B1
:1039F00038BD2B68002BFBD0236038BDC061002090
:103A0000082802D14FF48050704708B5FAF7BAFD84
:103A1000162203464FF0FF301A6008BD80EA01020B
:103A2000844612F0030F4FD111F0030F32D14DF83D
:103A3000044D11F0040F51F8043B0BD0A3F10132F7
:103A40009A4312F0803F04BF4CF8043B51F8043B0A
:103A500016D100BF51F8044BA3F101329A4312F082
:103A6000803FA4F101320BD14CF8043BA24312F089
:103A7000803F04BF51F8043B4CF8044BEAD0234686
:103A80000CF8013B13F0FF0F4FEA3323F8D15DF838
:103A9000044B704711F0010F06D011F8012B0CF800
:103AA000012B002A08BF704711F0020FBFD031F878
:103AB000022B12F0FF0F16BF2CF8022B8CF80020FF
:103AC00012F47F4FB3D1704711F8012B0CF8012B82
:103AD000002AF9D1704700BF5FFA81FC810744D00A
:103AE0000346511E22B909E09A0709D0013905D3CE
:103AF0001846027801336245F6D1704700207047BE
:103B0000184603290CD80029F8D00346014401E0E7
:103B10008B42F3D0184613F8012B6245F8D1704759
:103B200010B50CEB0C24024604EB044402E004390B
:103B3000032915D9104652F8043B6340A3F1013E16
:103B40002EEA030313F0803FF1D00346014401E065
:103B50008B4208D0184613F8012B6245F8D110BDEE
:103B600010460029F1D1002010BD1146C9E700BF61
:103B7000004870470000C07FF8B50027DFF858C044
:103B800021F00043634504460D46176021D8844662
:103B900053EA0C0C1DD0DFF844C0164601EA0C0CA9
:103BA0000A46BCF1000F09D100220D4B09F0F2FCCE
:103BB0006FF0350704460A4621F000431B156FF3EA
:103BC0001E52A3F2FE333B4442F07F55336045F46E
:103BD000001520462946F8BDFFFFEF7F0000F07F6B
:103BE000000050432DE9F04F03690C6985B0A342F2
:103BF000C0F291808146013C01F1140509F11408DD
:103C000055F8243058F824C001339C45BCFBF3F62A
:103C10004FEA840005EB840708EB840243D34FF09E
:103C2000000CAA46CDE90105C646634665469346A3
:103C3000CDF80C805AF8040BDEF800201FFA80FC47
:103C400006FB0C554FEA10484FEA154C06FB08CC12
:103C5000ADB290B2401B18441FFA8CF3C3EB204363
:103C600003EB124380B240EA034057454EF8040B81
:103C70004FEA1C454FEA2343DCD2DDE90105DDF8BC
:103C80000C8058F8003073B9ABF10402904504D3AE
:103C900007E0904504F1FF3403D252F80439002BB9
:103CA000F7D0C9F81040484601F008FD00282EDB87
:103CB0004146002255F8040BD1F800C01FFA80FEDF
:103CC0001FFA8CF3A3EB0E031344020CC2EB234246
:103CD00002EB1C429BB243EA0243AF4241F8043B71
:103CE0004FEA2242E6D258F8242008EB84036AB94E
:103CF000043B434504D807E0984504F1FF3403D260
:103D000053F80429002AF7D0C9F81040013630468C
:103D100005B0BDE8F08F002005B0BDE8F08F00BF12
:103D20002DE9F04F16461F46816B9DB0CDE9066721
:103D3000299D039049B10123C26B044693408B60D7
:103D40004A6001F007FA0023A363B7F10009B4BF8A
:103D5000012300232B60784BBCBF29F00049CDF82C
:103D60001C9033EA090300F0AD80DDE90634184603
:103D7000214600220023CDE9040109F073FE8046AC
:103D800068B10123289A13602A9B13B16B4B2A9ABE
:103D900013606B4B089308981DB0BDE8F08F1AAB09
:103DA00001931BAB00930398DDE9042301F0E4FDCC
:103DB0005FEA1955824640F09B80DDE91A8545444B
:103DC00005F23243202B40F38B83C3F1400309FA01
:103DD00003F905F2124326FA03F349EA030009F056
:103DE0005FFB0123013D1193A1F1F8710022554BB6
:103DF00009F018FA4AA3D3E9002309F0CBFB4AA340
:103E0000D3E9002309F010FA064628460F4609F0C8
:103E100057FB47A3D3E9002309F0BCFB02460B463E
:103E20003046394609F000FA06460F4609F062FEB0
:103E300000220446099000233046394609F01CFE52
:103E4000002840F02383099CA8EB050808F1FF3304
:103E5000162C0A9300F28F81DDE904013A4B03EB43
:103E6000C403D3E9002309F007FE002872D0631EC3
:103E700009930023109308F1FF33002BC0F28281D5
:103E800000230B93099B002B6ADA099B0B9A0E9374
:103E9000D21A5B420F9300230993269B0B92092BA6
:103EA00068D8052B40F321830025043B2693269BED
:103EB000023B032B00F23F86DFE813F070046D0431
:103EC0006404480442F20F73289AC9F3130959EAAB
:103ED000060913601CD12A9B002B00F04C861B4B5B
:103EE000089308332A9A089813601DB0BDE8F08F34
:103EF000DDE90412C2F31303084643F07F51CDF805
:103F00004480A5F2FF35DDF8688041F440116DE78B
:103F10002A9B002B40F0F5830D4B08933BE700BF35
:103F200061436F63A787D23FB3C8608B288AC63FBF
:103F3000FB799F501344D33F0000F07F1D420200E5
:103F40001C4202000000F83F204802005C430200CF
:103F500068430200B8F1000F40F3A88410900B9062
:103F6000DDE9092313440A9300230F93269B0E9245
:103F7000092B96D9002301254FF0FF3B2693279369
:103F80000C950021039BCDF860B0D963039801F034
:103F9000BBF80890002800F0D785039B089ABBF176
:103FA0000E0F9A6300F21981002D00F016810E9910
:103FB000002940F34984B44B01F00F0203EBC20324
:103FC000C8054FEA2115D3E9006740F10A84DDE90D
:103FD0000401AE4B4FF00309D3E9082309F004FCB8
:103FE000CDE9120105F00F058DB1DFF8A082E907D8
:103FF00009D5D8E900233046394609F0CBFA064600
:104000000F4609F101096D1008F10808EFD1DDE94B
:1040100012013B46324609F0E7FB07468846109BF3
:1040200043B1002238464146994B09F025FD00284E
:1040300040F01085484609F043FA3A46434609F0F5
:10404000A9FA0022934B09F0EFF80446A1F150754C
:10405000BBF1000F00F0AA800E9BCDF848B0199379
:104060004146384609F046FD1299874BCDE9144583
:1040700003EBC10353E902340546CDE9163409F0D8
:104080001FFA0B4602464146384609F0CBF8089F16
:104090000C9B30357E1CECB2804689463546002BA1
:1040A00000F06E84DDE9162300207B4909F09CFBBB
:1040B000DDE9142309F0B6F83C7042464B4604464D
:1040C0000D4609F0F7FC002840F0BB84CDF850A065
:1040D000CDF858B00027AB46A246129D2AE0013722
:1040E000AF4280F201855046594600226B4B09F0E1
:1040F00051FA0022694B82468B464046494609F0F8
:1041000049FA8946804609F0F5FC044609F0D8F9D9
:1041100002460B464046494609F084F83034524680
:104120005B4606F8014B8046894609F0A5FC00284D
:1041300040F0D78442464B460020554909F072F8BA
:1041400052465B4609F098FC0028C8D0199B3746B8
:10415000DDF850A0089A03F1010802E0974200F050
:104160009F843E4617F8013D392BF7D00133DBB26F
:1041700045463B7079E10123109308F1FF33002B92
:10418000BFF67EAEC8F101030B9300230A9379E6D4
:10419000484609F095F93A46434609F0FBF90022F2
:1041A0003C4B09F041F80446A1F150753846002215
:1041B0003B4B414609F036F822462B4606460F4651
:1041C00009F078FC002840F07A84304639462246CF
:1041D00005F1004309F050FC28BB1B9B002BC0F2EB
:1041E00091800E9A0E2A00F38D80274B0E9A03EBD6
:1041F000C203D3E90034CDE90634279B002B19DA3A
:10420000BBF1000F16DC0ED1DDE906010022244BC4
:1042100009F0C0F902460B46DDE9040109F036FC5D
:10422000002800F04C8400231F46089E0493279B1F
:10423000DD432DE2089B5D1CDDE90678DDE9040124
:104240003A46434609F0D0FA09F054FC064609F014
:1042500037F93A46434609F09DF902460B46DDE937
:10426000040108F0DFFF089A06F13003BBF1010FEB
:104270002F46137000F025830125CDF810A0A84625
:10428000DDE9069A2CE000BF20480200F847020052
:104290000000F03F00001C400000E03F0000244010
:1042A000000014404A4653462046294609F09CFA2D
:1042B00009F020FC064609F003F94A46534609F086
:1042C00069F908F101080B4602462946204608F024
:1042D000A9FF06F13003D84507F8013B00F0EF8253
:1042E0000022834B09F056F90022002304460D46B4
:1042F00009F0B8FB0028D5D00E9D3E46DDF810A091
:104300000135B2E00C9A002A40F0D68000231F4607
:104310000F9E0B9D0C9365B10A9900290B4608DD91
:10432000A942A8BF2B460B9AED1AD21ACB1A0B92B0
:104330000A930F9B53B10C9B13B1002E40F0FC82EB
:1043400051460F9A039801F0E9F88246012103983B
:1043500001F004F8099B0490002B40F0BD81269BDE
:10436000012B40F3D38101200A9A104410F01F0062
:1043700000F09980C0F12003042B40F3E2810B9BF5
:10438000C0F11C00034402440B9305440A920B9BAA
:10439000002B05DD51461A46039801F019F98246B3
:1043A0000A9B002B05DDDDE903011A4601F010F937
:1043B0000490109B002B40F07481BBF1000F40F380
:1043C0004B810C9B002B40F0A2800E9D01350126F5
:1043D000DDE90394DDF8208007E0514600230A223E
:1043E000484600F0C1FE8246013621465046FFF79E
:1043F000F9FBB34500F1300008F8010BEDDCBBF12F
:10440000000FCCBF5E46012681460024089B03EBCB
:10441000060B51460122039801F0DAF8049982460E
:1044200001F04CF9002840F3F081089A02E093452E
:1044300000F005821BF8013C5E46392B0BF1FF3B77
:10444000F5D001338BF80030DDE90381404600F000
:1044500081FE57B12CB1BC4203D02146404600F04A
:1044600079FE3946039800F075FE5146039800F036
:1044700071FE00233370289B1D602A9B002B3FF4A4
:104480008AAC08981E601DB0BDE8F08F204609F088
:1044900017F832463B4609F0E5FA00287FF4D3AC22
:1044A000631E0993CFE41C230B9A1D441A440B92FC
:1044B0000A9A1A440A926AE7269A012A40F3B081BE
:1044C0000F9B0BF1FF36B342C0F26B81BBF1000FC3
:1044D000A3EB060680F2F7820B9BA3EB0B056EE1C4
:1044E000C3F1200306FA03F079E40125DFE400BFFD
:1044F00000002440394600230A22039800F034FECD
:10450000189B0746002B40F307839B460E96002D11
:1045100005DD39462A46039801F05AF80746099BFB
:10452000002B40F0ED81B846089B1E46013B03EB93
:104530000B04069B03F00103CDE90A43039C049995
:104540005046FFF74FFB39468346504601F0B6F818
:10455000049905464246204601F0D0F8C36801465A
:104560000BF13009ABBB0990504601F0A7F809994F
:104570000990204600F0EEFD099A002A54D1269BAE
:104580001BB90B9B002B00F0B582002D3FDBB3461F
:104590000A9B0BF8019B9E4200F0C9815146002303
:1045A0000A22204600F0E0FD4745824639464FF09A
:1045B00000034FF00A02204630D000F0D5FD4146FE
:1045C00000230A220746204600F0CEFD5E468046C4
:1045D000B5E7039800F0BEFD002D06DB069B03F057
:1045E0000102269B1D432A4329D1514601220398EB
:1045F00000F0EEFF0499824601F060F8002840F3D5
:10460000F880B9F1390F00F050820BF131090E9D9D
:104610003C460135474606F8019B15E700F0A4FD2E
:104620005E46074680468AE7002DC0F29B82269BA5
:104630001D430B9B1D4300F09582002AA7DDB9F1B5
:10464000390F00F032820E9D09F101033C4601351D
:10465000474606F8013BF7E6269B022B7FF7B1AEF3
:10466000BBF1000F40F029815B46052204990398B5
:1046700000F07AFD01460490504601F01FF8002832
:1046800040F31B8131230E9D089E013506F8013B46
:10469000DDE9030100F05EFD0135002F7FF4E1AE9E
:1046A000E3E65046049901F009F80028BFF685AE0C
:1046B000514600230A2203980E9C00F055FD0C9BE6
:1046C0008246661E002B7FF415AF189B002B40F32B
:1046D00018829B460E9D7AE601461A46039800F022
:1046E0001DFF269B0490012B6FDD00230993049A84
:1046F000136902EB8303186900F0E0FDC0F12000AC
:1047000032E69B4B08930333FFF7ECBB069B002B71
:104710007FF429AEDDE90612C2F31303002B7FF408
:1047200022AE944B134033B10B9B01330B930A9B86
:1047300001330A930123099A0993002A3FF413AE27
:10474000D5E73FF424AEC0F13C03ADE601230C9362
:10475000279B0E9A134403F1010B5E46012EB8BF4E
:1047600001261893172E40F30182012204235B00D7
:1047700003F11400B042114602F10102F7D9039B84
:10478000D96303E401230C93279B002B38DD9B4660
:104790001E461893E6E700230C93D9E700230C93F9
:1047A000F2E70F9B0F96F31A0026099A1A440A9B08
:1047B00009925B440A930B9B1D465B440B930121BA
:1047C000039800F0CBFD0746A5E5069B002B8CD196
:1047D000DDE90601C1F313030A46002BA1D00990BD
:1047E00085E7DDE904344FF00209CDE91234FFF723
:1047F000FBBB7FF40CAF19F0010F7FF402AF06E7AB
:1048000001239B462793FFF7BCBB03D119F0010F8F
:104810007FF40BAE5E461BF8013D302BFAD013E659
:10482000119A002A00F09F8003F233430A9A0F9EE8
:104830001A440A920B9A15461A440B92BFE7312389
:10484000089A01351370FFE500F0FE80DDE90401F0
:104850000E9A494B554205F00F0203EBC203D3E910
:10486000002308F097FE2D11CDE9120100F05D81C3
:1048700000234FF0020907468846404EEA070AD552
:10488000D6E900233846414608F084FE0123074656
:10489000884609F101096D1006F10806EED1002BDA
:1048A0007FF4BDABDDE91278FFF7B9BBC8F10103B6
:1048B0000A900B931090FFF753BB089EB7E4DDF806
:1048C00010A002460B4608F0AFFC03460C46DDE99B
:1048D00006010E9D1A46CDE9043401352346A8464B
:1048E00009F0CAF840B9DDE90423DDE9060109F061
:1048F000B9F818B1F30701D5089A32E43E46B4E599
:104900000398796800F000FC0546002800F0238138
:104910003B6907F10C0102339A000C30F9F766FF8E
:1049200001222946039800F053FE8046FCE50E9DC7
:104930003C46013547466CE5039C394632462046E5
:1049400000F0ECFD074652463946204600F034FDA3
:1049500051468246204600F0FDFB0F9B9B1B0F93A8
:104960003FF4F4ACECE41A9BC3F136035EE700BFFE
:10497000684302000000F07F20480200F847020070
:10498000DDE91623DDE9140108F004FE089BCDE9FA
:104990000C011C70129B012B00F0C580129F089B1C
:1049A00011961F4400227C4B4046494608F0F2FD18
:1049B0000D46044609F09EF8814608F081FD024646
:1049C0000B462046294608F02DFC09F1300906F86F
:1049D000019BBE4280468946E4D1119D0022DDE95B
:1049E0000C016E4B08F020FC02460B46404649463F
:1049F00009F060F800286ED1DDE90C23002067493A
:104A000008F010FC02460B464046494609F034F8CF
:104A100080B91B9B002BFFF679AC0E9B0E2B3FF74A
:104A200075AC5F4B0E9A03EBC203D3E90034CDE9BA
:104A3000063401E417F8013C3E46302B07F1FF37FE
:104A4000F8D0199D013510E54FF00209DDE9047831
:104A5000FFF7E5BABBF1000F3FF49AAB189C002CAE
:104A60007FF7BBAB0E9B3846013B414600221993B2
:104A7000494B08F08FFD02468846174609F10100B0
:104A800008F01EFD3A46434608F084FD0022454BDF
:104A900008F0CAFB1294A1F150750446FFF7E0BA82
:104AA000312308F10108FFF763BBB34639230E9D9C
:104AB0003C46089A474601350BF8013BBAE400230F
:104AC0001F460493DEE50A9B5B440A930B9B1D463D
:104AD0005B440B9373E6199B089A03F10108FFF7F7
:104AE00040BBDDF850A0ACE7DDF850A0DDF858B0D1
:104AF000FFF773BBB9F1390FD7D0002D3FF785AD64
:104B000085E5269B022B03DC0E9DDDF860B05EE49C
:104B1000DDF860B00E96A3E5269B022BF8DCDDF8ED
:104B200060B00E96F3E4374658E74FF00209DDE92E
:104B30001278FFF774BA0025039B29461846DD63F7
:104B400000F0E2FA0890D0B9002240F2AF11164B03
:104B5000164806F049FB024640F2EF21124B13487B
:104B600006F042FB002A3FF740AD50E50021039BD1
:104B7000D963FFF70BBA0E4B0893FFF70CB9039BF1
:104B8000089A4FF0FF3B9A6301232795CDF860B058
:104B90000C93FFF722BB00BF000024400000E03F61
:104BA0002048020000001C406C43020080430200C9
:104BB0005C4302002DE9F047DFF8749007460E468B
:104BC000904606F06DFBD9F800504DB133781C4685
:104BD0006BB1344602E014F8013F3BB13D2BFAD1F2
:104BE000384606F063FB0020BDE8F087A41B286868
:104BF0000028F5D022463146F9F7A4FB28B92868E9
:104C0000035D00EB040A3D2B04D055F8040F002887
:104C1000F0D1E5E7D9F800303846EB1A9B10C8F818
:104C2000003006F043FB0AF10100BDE8F08700BF49
:104C30002000002000B583B001AAFFF7BBFF03B03E
:104C40005DF804FB024B01461868FAF775B800BF1F
:104C500094000020024B01461868F9F771BF00BFAD
:104C60009400002010B4034CD4F8E440A44610BCD7
:104C7000604700BFD806002082B049B15AB16BB17D
:104C800013780B601278101E18BF012002B0704715
:104C900001A9002AF3D1104602B070476FF001005D
:104CA000F4E700BFF0B583B08646089E002937D0F0
:104CB0009AB3002B00F0C48035683DBB14784FF0E8
:104CC000010C44B37F2C58DDA4F1C0001F2829D863
:104CD000347125B901208342306000F0B18012F8B0
:104CE0000C300CF10100A3F180023F2A00F29E80FB
:104CF000C12C40F39B80A40103F03F0304F4F8644B
:104D00001C43002333600C6003B0F0BD34794FF0D6
:104D1000000C002CD6D10C603460002003B0F0BD34
:104D200001A9C5E7A4F1E0000F282CD83471002DAB
:104D300066D0581C18BF0133012D65D07779E02C5F
:104D400072D0A7F180003F2870D8012D777173D001
:104D500012F80C200CF10100A2F180033F2B65D862
:104D60002303BF019BB207F47C6702F03F023B4381
:104D70001343002232600B60D0E700230120336030
:104D80000C6003B0F0BDA4F1F00004284ED83471DB
:104D9000002D3FD05F1C18BF0133012D3ED0777925
:104DA000F02C50D0F42C63D0A7F180003F283DD8E0
:104DB000012D77714AD0581C306818BF0133022882
:104DC00048D0B579A5F180033F2B2FD812F80C20DD
:104DD0000CF10100A2F180033F2B27D8A3043F036D
:104DE00003F4E01307F47C37AD013B4305F47C6525
:104DF00002F03F022B43134300220B6032608DE729
:104E00000120834230601BD012F80C7001250CF198
:104E1000010C94E701208342306011D012F80C702D
:104E200001250CF1010CBBE79F2F8ADC8A234FF090
:104E3000FF30CEF8003071E702208342306087D126
:104E40006FF001006AE78F2FAEDCEFE702208342AC
:104E50003060F5D012F80C500CF1010CA5F1800077
:104E60003F28E3D803208342B5713060AED1E7E735
:104E70008F2F99DDDAE700BF30B482B08446049DFD
:104E8000002930D0002A31D0002B39D0286814787E
:104E900048B1012816D00C601078003818BF0120E6
:104EA00002B030BC7047A4F181001E2803D9A4F1E0
:104EB000E0000F28EFD8012083422C7128601FD01A
:104EC00002205478A4F140033E2B03D9A4F18003BF
:104ED0007C2B0FD82B7904EB032400230C602B6070
:104EE00002B030BC704701A9002ACDD1104602B0F3
:104EF00030BC70478A234FF0FF30CCF80030CFE74A
:104F00006FF00100CCE700BF30B583B08646069D48
:104F1000002940D0002A41D0002B4BD028681478BB
:104F200058B10128A44618D0022841D00C6010784E
:104F3000003818BF012003B030BDA4F18E00012855
:104F400003D9A4F1A1005D28F0D8012083422C717F
:104F500028602FD0022092F801C0ACF1A1045D2C92
:104F60002BD82C798F2C1CD10224984285F805C0AF
:104F70002C601FD212F800C00130ACF1A1035D2BF0
:104F80001BD800226B790CF07F0C0CEB03230B6019
:104F90002A6003B030BD01A9002ABDD1104603B07C
:104FA00030BD00220CEB04240C602A6003B030BD3D
:104FB0000120E2E76FF00100BDE78A234FF0FF30E8
:104FC000CEF80030B7E700BF2DE9F04F83B0804640
:104FD000DDF8309089B39AB3002B00F087809446B7
:104FE000E3461CF8015B4FF0010E99F80040DFF832
:104FF00010A14448002D48D0A5F11B06F7B22F2F71
:1050000024D82F2E22D8DFE806F06D21212121217E
:105010002121216B212121632121212121212121F4
:10502000212121212121212121212121212121652C
:105030002167212121212121216901A9002ACBD128
:105040000120C9F8002003B0BDE8F08FA5F12106CA
:105050005D2E8CBF0827072704EBC4040619F65DF4
:105060005444E45D052E44D8DFE806F02103131113
:10507000052A89F8045073450EF1010534D9AE466E
:10508000E3461CF8015B002DB6D10627E4E7624633
:10509000F1E701237046C9F8003099F804209BF825
:1050A000003003EB02230B6003B0BDE8F08F002358
:1050B0007046C9F8003013780B6003B0BDE8F08F7C
:1050C00000231846C9F800300B6003B0BDE8F08F2C
:1050D0000227C1E70327BFE70427BDE70527BBE792
:1050E0000127B9E70027B7E7C9F800406FF00100D2
:1050F000DAE78A234FF0FF30C8F80030D4E700BF6A
:10510000784702003047020038B5436C05460C462C
:105110004BB153F8240080B1026843F824200023E7
:10512000C0E9033338BD2122042106F083F8034689
:1051300068640028EDD1002038BD0121284601FA1D
:1051400004F56A1D920006F075F80028F3D0C0E956
:105150000145E4E731B1436C4A6853F82200086026
:1051600043F82210704700BF2DE9F0414FF0000EC8
:105170000E461C460D69074601F1140001680EF148
:10518000010E8BB202FB0343090C4FEA134C02FBE6
:1051900001CC9BB203EB0C43754540F8043B4FEA4E
:1051A0001C44EBDC3CB1B368AB4207DD06EB850386
:1051B00001355C6135613046BDE8F0817168384683
:1051C0000131FFF7A1FF8046A8B1326906F10C0159
:1051D000023292000C30F9F709FB7B6C726853F8CD
:1051E0002210316043F82260464606EB8503013504
:1051F0005C613561DFE70246BA21024B024805F0E7
:10520000F3FF00BF6C430200044402002DE9F843A1
:105210001E460C4626490833174681FB032C092EEF
:105220004FEAE3730546C3EB6C0339DD4FF0010C25
:1052300000214FEA4C0C634501F10101F9DC2846DD
:10524000FFF762FF014668B3089B092F43614FF0E7
:105250000103036112DC09270A34BE420BDDF61B91
:10526000264414F8013B0A222846303BFFF77CFF16
:10527000B4420146F5D10846BDE8F88304F10909B6
:10528000C8463C4418F8013B0A222846303BFFF749
:105290006BFFA0450146F5D1A7F108044C44DCE7BB
:1052A0000021CCE70246D321024B034805F09CFFC6
:1052B000398EE3386C43020004440200B0F5803FAD
:1052C00003463ABF102083400020B3F1807F3CBFEB
:1052D0001B020830B3F1805F3CBF1B010430B3F107
:1052E000804F03D3002B06DB013070479B0003D4B3
:1052F0005B0003D4202070470230704703307047B2
:105300000368014613F0070209D0DA0721D4980791
:105310004BBF5B089B08012002200B60704798B2CE
:10532000A0B11046DAB20AB908301B0A1A0704BF46
:105330001B0904309A0704BF9B080230DA0703D424
:105340005B0800F1010006D00B6070471020C340DD
:10535000E8E7002070472020704700BF38B5436C55
:1053600004460D464BB15868B0B102685A6000223D
:1053700001234561C0E9032338BD2122042105F042
:1053800059FF034660640028EDD1002240F2451128
:10539000074B084805F028FF1C220121204605F094
:1053A00049FF0028F1D001220223C0E90123DEE7F2
:1053B0006C430200044402002DE9F04FD1F8108044
:1053C00015690E46A845924685B005DB2A46534628
:1053D00045468A4690461E46DAF80830DAF8041048
:1053E00005EB0804A342B8BF0131FFF78DFE00288A
:1053F00000F0898000F1140707EB840E774505D291
:105400003B46002243F8042B9E45FBD8143606EB9E
:1054100088080AF11409464509EB850566D2A5EB13
:105420000A03153B23F003030AF1150A043355451B
:105430002CBF9B464FF0040BCDF808E08246AE46E9
:10544000039405E0090C2AD1B04507F104074AD9B5
:1054500056F8041B8DB2002DF4D0CC463C460023F8
:1054600001965CF8040B216886B28AB205FB06221D
:10547000000C090C05FB00111A4401EB124192B219
:1054800042EA0142E64544F8042B4FEA1143E8D8CA
:10549000019E47F80B3056F8041C090CD4D00022AA
:1054A0003B6848461D463C46944602889BB201FB39
:1054B00002C202EB154243EA024344F8043B50F8AF
:1054C000043B25684FEA134CABB201FB0C3370452B
:1054D00003EB12434FEA134CE7D3B04547F80B30C8
:1054E00007F10407B4D8DDE902E45046002C02DCE1
:1054F00005E0013C03D05EF8043D002BF9D00461C7
:1055000005B0BDE8F08F02464FF4B171014B02487F
:1055100005F06AFE6C4302000444020012F003032B
:105520002DE9F041144607462CD10E46A4101CD09C
:105530003D6C85B3E3074FF0000806D4641014D027
:105540002868A8B10546E307F8D52A46314638460B
:10555000FFF732FF36B17B6C716853F8212032605F
:1055600043F8216064100646EAD13046BDE8F08178
:105570002A4629463846FFF71FFF28600546C0F82F
:105580000080E0E70F4A013B52F823200023FFF799
:10559000EBFD0646CAE701213846FFF7B5FD054693
:1055A00040B140F271230122C0E904230023386492
:1055B0000360BFE7024640F24511034B034805F084
:1055C00013FE00BFC04702006C4302000444020007
:1055D0002DE9F0470C462769A36807EB62177D1C8D
:1055E0009D429046064649684FEA621904DD5B0019
:1055F0009D4201F10101FADC3046FFF785FD0028EC
:1056000051D0B9F1000F00F114010FDD0B464FF03E
:10561000000C09F105024FEA820E00EB820243F80A
:1056200004CB9342FBD1AEF114031944226904F177
:10563000140318F01F0803EB820C2CD08E464FF099
:10564000000AC8F120091A6802FA08F242EA0A02BE
:105650004EF8042B53F8042B9C4522FA09FAF2D891
:10566000ACEB0403153B23F00303043304F11502F0
:10567000944538BF042341F803A0BAF1000F00D1CC
:105680003D46736C6268056153F82210216043F84F
:105690002240BDE8F087043953F8042B9C4541F8BB
:1056A000042FF9D8ECE702464FF4EF71014B0248A2
:1056B00005F09AFD6C4302000444020084460B6925
:1056C0000069C01A15D10CF1140C14310CEB8302D3
:1056D00010B401EB830301E0944508D252F8044D65
:1056E00053F8041D8C42F7D004D24FF0FF3010BCA9
:1056F00070477047012010BC704700BF2DE9F04F84
:1057000014460A6923698846D21A002A83B040F0F9
:10571000888001F1140604F1140202EB830206EB07
:10572000830301E09E427FD253F8045D52F8041DCA
:105730008D42F7D076D323460025444698466168CB
:10574000FFF7E2FC002800F0898000F114094946C7
:105750004FF0000C2769D8F8106004F1140B08F121
:10576000140EC56004F110020EEB86060BEB870ADF
:10577000CDF804B05EF8044B52F8045F1FFA84FBC6
:10578000ABB2A3EB0B03240C6344C4EB154404EB52
:1057900023449BB243EA0443764541F8043B4FEA75
:1057A000244CE7D808F115018E4234BF00210121B5
:1057B000A6EB0806153EB608002906F101024FEADD
:1057C000820208BF0422DDF804B00BEB0204A245FC
:1057D0004A4434D915462146E04651F8046BB3B229
:1057E00063444FEA164E0EEB234E06EB08039BB2C2
:1057F00043EA0E438A454FEA2E4C45F8043BEBD86A
:105800000AF1FF3AAAEB040A2AF0030A524423B928
:1058100052F8043D013F002BFAD0076103B0BDE808
:10582000F08F88DA01258AE70021FFF76DFC70B15F
:1058300001220023C0E9042303B0BDE8F08F002952
:105840004FEA860608BF002609EB0602DFE702469C
:1058500040F23721054B064805F0C6FC024640F2EF
:105860004521024B024805F0BFFC00BF6C4302001B
:1058700004440200124B0A460B40A3F15073002B64
:1058800003DD00221946104670475B42B3F1A07F4A
:105890004FEA235106DA4FF4002300220B41194648
:1058A0001046704714391E29D4BF4FF00042012220
:1058B0004FF00003D8BFCA4010461946704700BFDA
:1058C0000000F07FF8B5046900F1140202EB8404D3
:1058D00054F8045C261F2846FFF7F0FC0346C0F18D
:1058E00020000A2B086030DDB242A3F10B071AD268
:1058F00054F8083C1FB3C7F1200C23FA0CF1BD404B
:1059000045EA0106A4F1080546F07F51AA4203FAD0
:1059100007F341F4401116D254F80C2C22FA0CF281
:1059200013431846F8BD0B2B08D0002305FA07F7E0
:1059300047F07F51184641F44011F8BD002345F06F
:105940007F5141F440111846F8BDB2422CBF0022ED
:1059500054F8082CC3F10B0703F1150325FA07FCD3
:1059600038BFFA4005FA03F34CF07F511343184651
:1059700041F44011F8BD00BFF0B5012183B01646D7
:105980001F46FFF7C1FB0546002847D0C7F30A545E
:10599000C7F313030CB143F48013002E019314D109
:1059A00001A8FFF7ADFC0122019B20306B612A6149
:1059B00014B3089BA4F2334404441C60099BC0F157
:1059C00035001860284603B0F0BD68460096FFF722
:1059D00097FC019B00B30099C0F1200203FA02F288
:1059E000C34001930A43002B6A610CBF01220222CB
:1059F000AB612A61002CDCD105EB8201A0F23243BD
:105A0000086908990B60FFF759FC099BC0EB42102D
:105A10001860284603B0F0BD009AE4E7024640F261
:105A20000F31024B024805F0DFFB00BF6C43020060
:105A3000044402002DE9F04383B08846694681465C
:105A4000FFF740FF04460D46404601A9FFF73AFF25
:105A5000D9F81030D8F81020A3EB020CDDE90032A1
:105A60009B1A03EB4C13002B0BDD05EB03573D4654
:105A700002460B462046294607F0B6FE03B0BDE8B5
:105A8000F083C3EB033301EB03594946F0E700BF52
:105A9000172870B506460ADD002000240749084D86
:105AA00022462B4607F076FD013EF9D170BD054B2D
:105AB00003EBC003D3E9000170BD00BF0000F03F5D
:105AC000000024402048020001F1FF3C116902F16E
:105AD00014034FEA6C1C03EB81010CF1010C8B42A7
:105AE00000EB8C0C16D210B5A0F1040E53F8044B49
:105AF00099424EF8044FF9D88B1A153B23F0030353
:105B000004331844844504D9002340F8043B8445F9
:105B1000FBD810BD844505D9002340F8043B8445DB
:105B2000FBD87047704700BF03694A11934200F1E8
:105B3000140009DA00EB830302E053F8042DA2B944
:105B40008342FAD80020704700EB8203F8DD11F0A1
:105B50001F01F5D010B450F8224024FA01F28A4017
:105B6000944208D0012010BC70470120704753F8C0
:105B7000042D002AF6D18342F9D8002010BC7047CA
:105B800003460A4602490868194600F003B800BFF8
:105B9000940000202DE9F84F1646002900F0968069
:105BA0000C46804606F10B05F9F77AFB54F8041C05
:105BB000162DA4F1080921F0030758D81025AE428C
:105BC00058D8AF4260DABF4B09EB070C9A68DCF893
:105BD0000400624500F0908020F0010363445B689C
:105BE000DB0768D420F003003B189D4247DDCB075C
:105BF00012D454F8083CA9EB030BDBF8043023F073
:105C00000302104400EB070A554540F3F68007EB0A
:105C1000020A554540F3CC8031464046F9F78CF8EE
:105C20000646002800F0218154F8043CA0F1080247
:105C300023F001034B44934200F0B4803A1F242A1E
:105C400000F2D780132A00F2A28003462246116890
:105C500019605168596092689A6021464046F8F789
:105C60006FFF4046F9F722FB3046BDE8F88F35F06C
:105C70000705A4D50C23C8F80030002618E01F46FD
:105C8000DCE90223D3609A60D9F804307A1B0F2A2A
:105C900003F0010309EB07001DD83B43C9F80430AA
:105CA000436843F0010343604046F9F7FFFA264694
:105CB0003046BDE8F88FC907AED454F8083CA9EBCC
:105CC000030BDBF8043023F00302A0E71146BDE824
:105CD000F84FF9F731B82B4309EB050142F0010207
:105CE000C9F804304A604368083143F00103436057
:105CF0004046F8F725FFD7E720F00300C21905F169
:105D0000100C624580F29280CA0785D454F8082CA2
:105D1000A9EB020BDBF8042022F00302104400EB95
:105D2000070AD4453FF773AF5E46DBF80C1056F810
:105D3000080F3A1F242AC160886000F2B080132A3D
:105D400040F2AB8021681B2ACBF808106168CBF8C1
:105D50000C1000F2AA8008340BF1100221681160C7
:105D600061685160A1689160AAEB05020BEB050127
:105D700042F0010299604A60DBF80430404603F0CB
:105D800001032B43CBF80430F9F790FA90E723682E
:105D90001B2A0360636843603DD804F1080200F1E8
:105DA000080354E750F8043C23F003031F446BE757
:105DB0005E463A1FDBF80C3056F8081F242ACB60E9
:105DC000996023D8132A1FD923681B2ACBF80830DF
:105DD0006368CBF80C303CD808340BF11003226810
:105DE0001A6062685A60A2689A6034465746D9467B
:105DF0004AE72146FCF7FAFF2FE7DCE902135E468B
:105E0000CB603A1F9960D5E73346E8E72146304634
:105E1000FCF7ECFFE9E7A368242A8360E368C3602A
:105E200027D004F1100200F1100310E7521B09EB18
:105E3000050142F0010299604A6054F8043C404672
:105E400003F001032B4344F8043CF9F72FFA2646EC
:105E50002EE7A368242ACBF81030E368CBF814307F
:105E600010D010340BF11803B9E74046F9F71EFAC9
:105E700003E7236904F1180203616369436100F1D8
:105E80001803E4E623691834CBF8183054F8043CBE
:105E9000CBF81C300BF12003A1E732465EE7214628
:105EA0003046FCF7A3FF074B5EE7A168242ACBF836
:105EB0001010E168CBF8141006D010340BF1180262
:105EC0004CE700BFE801002022691834CBF8182005
:105ED00054F8042CCBF81C200BF120023EE700BF45
:105EE0002DE9F04F9FB08846079200210022002440
:105EF000CDE90412834641461A9419910F4611F8D0
:105F0000012B2D2A5ED801A050F822F0E360010099
:105F1000C55F0100C55F0100C55F0100C55F0100ED
:105F2000C55F0100C55F0100C55F0100C55F0100DD
:105F3000FB5E0100FB5E0100FB5E0100FB5E0100F9
:105F4000FB5E0100C55F0100C55F0100C55F010088
:105F5000C55F0100C55F0100C55F0100C55F0100AD
:105F6000C55F0100C55F0100C55F0100C55F01009D
:105F7000C55F0100C55F0100C55F0100C55F01008D
:105F8000C55F0100C55F0100C55F0100FB5E010048
:105F9000C55F0100C55F0100C55F0100C55F01006D
:105FA000C55F0100C55F0100C55F0100C55F01005D
:105FB000C55F0100C55F010065660100C55F0100A6
:105FC0007966010000210891302A00F095800023B5
:105FD00009932F2A144640F2EF844FF00009384607
:105FE0004E464D4613E00130082D1990C8BF09EB0D
:105FF00089090478C6BF02EB4902A2F13009A3F176
:1060000030062F2C224605F1010540F3B48006EB43
:106010008603392C02EB4303E5DD0122AB49F8F797
:1060200091F9002879D1199A1346013219925C78B6
:10603000002D40F08D85302C40F03B8513461846EE
:10604000013319931C78302CF9D0C2F101021044AD
:10605000A4F13103082B37D8199F012539464FF099
:10606000000A431CA4F1300E0C93002006EB8606B8
:106070000EEB46064B1C19934C78A4F13002092A0A
:1060800000F2E082964619990130002AF2D00128E8
:10609000D8BF05F1010C40F3878400EB050C0CF12F
:1060A000FF340A9703E07E00AC4200F07C84082DA8
:1060B00006EB860705F10105F5DD102DDCBF09EBC8
:1060C00089094FEA4909EFE7652C40F0D8824FF083
:1060D000000A0123CDF830A00A93099B034340F046
:1060E000BF82079B002600270BB1C3F80080304613
:1060F00039461FB0BDE8F08F7A7802F0DF02582AE7
:1061000000F01284013719973A78302AFAD0002A21
:1061100000F08182012309935BE70020AA460C90DE
:106120000A90652C34D0452C32D000231093002DDA
:106130007AD1099B034340F06E820A9B002BD0D199
:10614000692C00F0898400F35F84492C00F084847A
:106150004E2CC6D15E4919A805F0D4FB0028C0D04A
:10616000199B1B78282B00F0A5855A4805F036F8B6
:1061700006460F4651E201225449F8F7E3F8002899
:10618000CBD1199BAA465A1C19925C780C9074E7E3
:10619000002DA2D0DDF8648008F10103199398F86E
:1061A00001402B2C00F059822D2C00F04E824FF034
:1061B000000CA4F13001092900F23F82302C199B18
:1061C0000AD1013319931C78302CFAD0A4F1310292
:1061D000082AAAD8A4F130015A1C19925C782F2CF5
:1061E00040F3FE8396460B9308E0013219929EF825
:1061F0000140A3F130012F2C06DD964601EB81030F
:10620000392C04EB4303F0DD0B9BD21A082A40F330
:10621000E78344F61F631093BCF1000F87D0109BF7
:106220005B421093002D84D00C9A109BBAF1000FA2
:1062300008BFAA469B1A102D30460B932C46A8BFC8
:10624000102407F02DF902460B46092DCDE9042351
:1062500016DD214B03EBC40353E9122307F09AF92F
:10626000024648469046894607F01AF902460B4610
:106270004046494606F0D8FF0F2DCDE904012DDC3C
:106280000B9B002B00F020830B9B40F35282162BBC
:1062900040F3AD830B9AC5F1250393421EDBDDE984
:1062A00004230D4CC5F10F0504EBC501D1E9000134
:1062B00007F070F90B9B5D1B04EBC504D4E90023C8
:1062C00007F068F906460F46A7E100BF1443020035
:1062D00094440200A4440200204802000B9B2C1BA3
:1062E0001C44002C40F3D18114F00F000AD0DDE9EA
:1062F0000423354901EBC001D1E9000107F04AF957
:10630000CDE9040134F00F0340D0B3F59A7F00F3D8
:10631000B883102B4FEA231440F31E85DDE90401F6
:1063200000232A4A0997904699461746E20704D562
:10633000D8E9002307F02EF901236410012C09F19C
:10634000010908F10808F1D13A46099F0BB1CDE9DE
:106350000401059B02EBC901A3F154730593DDE928
:106360000423D1E9000107F015F9194B194A0B4034
:106370009342CDE9040100F28483174A934240F22C
:1063800041844FF0FF33154CCDE9043400230A93C8
:106390002B465246394658460096FEF737FF149072
:1063A000002800F06E83109A0C9B4FF0000A9B1A95
:1063B0000B9ACDF824A0002AA8BF0023109322EA4C
:1063C000E2731593E5E000BF20480200F8470200A1
:1063D0000000F07F0000A07C0000907CFFFFEF7FBA
:1063E000D21A1F2AA4EB020400F332820123934045
:1063F0001E4600250A9BA0444C44A14598444B46A8
:10640000A8BF23464345A8BF4346002B04DDE41A3A
:10641000A8EB0308A9EB0309109B002B00F3BE8136
:10642000002C00F3D4810B9B002B00F30782B8F102
:10643000000F00F3F781B9F1000F08DD51464A461D
:106440005846FFF7C5F88246002800F0F4813A4626
:1064500058461A99FFF752F90990002800F0EB818D
:106460000023099AD168D36011915146FFF726F9AC
:106470000028C0F2EA83DDF8149000F076835146DC
:106480000998FFF7D7FA00224FF0804304460D46E3
:1064900007F0FCFA002800F07181119B002B40F0FE
:1064A000E381049B002B40F06B82C9F31303002BA4
:1064B00040F00D82002220462946A94B07F0DCFA65
:1064C000002840F049832046A64B2946002207F0C9
:1064D00061F803460C46CDE9123401F100430E90F9
:1064E0000F93DFF88482A14B09EA08089845DDE99B
:1064F0000E4500F0C0810A9B1BB3B8F1D46F20D8C1
:1065000095A3D3E90023DDE9120107F0BFFAA0B19A
:10651000DDE9120107F016FB012838BF012006F063
:10652000BFFF119BCDE91201002B40F0BD8201F1AC
:10653000004316901793DDE9164505F1D663A3EBEA
:106540000805DDE90C01FFF795F902460B462046E8
:10655000294607F01FF8DDE90C2306F065FE0C461E
:10656000CDE904010A9B23B97F4B2340984500F0F5
:10657000B78158461A99FEF7EDFD39465846FEF7A1
:10658000E9FD51465846FEF7E5FD58460999FEF7E4
:10659000E1FD149C58466168FEF7B6FD07460028E9
:1065A00000F04981226904F10C01023292000C30A2
:1065B000F8F71CF91CAB01931BAB00935846DDE9BF
:1065C00004341A46CDE90C342346FFF7D5F91A9066
:1065D000002800F0058101215846FEF7BFFE8246E3
:1065E000002800F028811B9B002BC0F21581109A17
:1065F000DDF8548003EB02090A9A1C9C9B1A234481
:106600005B4A013B9342C4F13604FFF6E9AE012335
:1066100000251E46EEE600260027079A0AB1199BC0
:106620001360089B002B3FF462AD07F100431F4647
:10663000304639461FB0BDE8F08F0023CDF86480A6
:10664000109374E501230A936BE54FF0010C08F1F8
:106650000203199398F80240ABE54FF0000CF6E7FF
:10666000002597E500220892791C19917A78002A72
:106670003FF437AD0F46A7E401220892F4E7452C1A
:106680003FF425AD01230A9353E53FF47FAE644206
:1066900014F00F020AD0DDE90401364B03EBC2030C
:1066A000D3E9002307F0A0F8CDE9040124113FF459
:1066B0006DAE1F2C37DCDDE9040114F0100318BFA8
:1066C0006A230A930023DFF8B080E20704D5D8E9F3
:1066D000002306F05FFF0123641008F10808F4D1DD
:1066E0000BB1CDE904010A9BA3B1DDE90401C1F3BB
:1066F0000A52C2F16B03002B0ADD1F2B40F33983D2
:106700000020342B049040F37C834FF05C7305939E
:106710006A230A930022DDE90401002307F0A2F9AD
:1067200000283FF435AE222300260027CBF80030A6
:1067300073E71633FFF6D2ADDDE904010C9B109A26
:106740009A1A0C4B03EBC203D3E9002307F04CF871
:1067500006460F4661E700BF0000C0FFFFFFDF41B4
:106760000000F03F0000E03F0000F07F0000E07F0D
:1067700002FCFFFF2048020010490200AC4B2046FB
:106780002946002206F006FF119BCDE91201002BDD
:1067900065D101F100430E900F93A2E651461A46CF
:1067A0005846FEF7BBFE8246002844D001461A9A9E
:1067B0005846FEF701FE00283DD011901A99584620
:1067C000FEF7C8FC119B002C1A937FF72CAE2246D3
:1067D00058461A99FEF7FCFE1A9000287FF423AE63
:1067E000B946054622230026924FCBF800302946B1
:1067F0005846FEF7AFFC49465846FEF7ABFC5146FB
:106800005846FEF7A7FC58461499FEF7A3FC5846D5
:106810000999FEF79FFC00E7159ADDF84090A2EB7E
:106820000308E9E6394642465846FEF7D1FE0746D8
:1068300000287FF400AEB9461A9DD3E73946584682
:10684000159AFEF76BFE074600287FF4F0ADF2E7DD
:10685000012279491646CB1A02FA03F5CAE5DDE9A9
:106860001234CDE90E343CE60023744CCDE90E34ED
:10687000CDE9123435E6A9F154730593DDE90445F9
:1068800020462946FEF7F6FFDDE90E2306F082FEDC
:106890002B46224606F0C8FCDFF89891684B01EAC7
:1068A00009099945CDE9040179D9DDE90C0103F124
:1068B0005473994202D106460136BCD04FF0FF33E3
:1068C000604CCDE9043454E6DDE90467A5E6002315
:1068D0005D4CCDE90E340023584CCDE9123400E66E
:1068E000DDE912562846314607F040FA06F024FE4C
:1068F0000B4602463146284606F094FC119D049B47
:10690000C4F313041D432C438046894626D142A379
:10691000D3E9002307F0B0F800283FF42AAEB946C7
:10692000DDE904671A9D62E70293089B58460193CC
:106930001AAB0093454A1BAB19A904F00FFD10F0E8
:106940000F0504463FF467AE062D40F0B5800022E7
:106950007B1C00260027089219935EE630A3D3E93A
:10696000002307F089F80028D9D12FA3D3E9002309
:106970004046494607F09EF800283FF4FAADCEE7BE
:10698000049B012BA3D1B9F1000FA0D1B9461A9CE9
:106990002223254600260027CBF8003027E701F107
:1069A00054740594DEE50A9F0C9B082D03440C9358
:1069B0006DDC6546FFF759BB012238462449F7F7DD
:1069C000C1FC002800F0BB804FF000094E4648464D
:1069D0004D46CA46CDF83090CDF82890FFF7A3BBBE
:1069E00044F61F639942A8BF1946109114E40B980E
:1069F0001849DDE9042301EBC001D1E9000106F0EB
:106A0000C9FD06460F4608E66E2C3FF4A3ABFFF720
:106A100068BB00BFAFF300809535A094FFFFCF3F68
:106A20009535A094FFFFDF3F35E5AF350000E03F2F
:106A30000000E03F0000F07FE2FBFFFF0000F03FBE
:106A4000FFFF9F7CFFFFEF7F0000F0BFFC480200CC
:106A50001443020020480200A04919A804F052FF84
:106A600000283FF43EAB199B9D49013B19A819939F
:106A700004F048FF10B9199B013319930026994F70
:106A8000CBE522230026974FCBF80030C5E5BCF1BB
:106A9000100FD8BF09EB890965464FF00000D8BF39
:106AA00002EB4909FFF7E6BADDE91234CDE9163405
:106AB00041E50020FFF7CCBA1A9A3AB135211CA85B
:106AC000FFF702F858461A99FEF744FB013D1B9B5D
:106AD000042D00F2C481DFE805F0032C291E030019
:106AE0001C9A049203F233421D9B23F4801343EA61
:106AF00002530593E10502D543F000430593794A1B
:106B0000DDE904671A40002A7FF487ADF7F73AFD04
:106B10002223036081E54FF0FF326FF00043CDE99F
:106B20000423E3057FF5D0AE059BE5E76D4B0593A8
:106B3000F7E7DDE91C121D9BCDE90412DAE7199A8B
:106B4000064613460132199281465C78FFF773BA04
:106B5000AA460C90FFF791BA0023634CCDE90E349E
:106B60000023624CCDE91234BBE44B461198B44685
:106B7000B946DDE90C67AE465D49C3F31302002850
:106B800045D08A4200F0FD80ADBB049A1CEA020F9A
:106B900034D0304639460493FEF76CFE0A9B002B36
:106BA00000F03781049BC3F30A53C3F16B03002B3E
:106BB00040F352811C0504F17F53002203F540137A
:106BC00006F0E8FC02460B463046394606F02CFB40
:106BD00006460F4630463946464B002206F0DAFCA0
:106BE000404B06460B400F46002B7FF49BAE222302
:106BF000CBF8003096E61EEA030FCAD10A9B002BA1
:106C0000E8D18FE601F154730593FFF7BFBB002A6B
:106C100074D1DDE904452246002C40F0A2800A9A96
:106C2000002A40F0CB8025F00044240D2405A4F573
:106C300080146FEA14536FEA035305934FF0FF3348
:106C400004931A9DDDE90467D1E5119BDDE9040198
:106C50000343B946DDE90C67D0D1C1F31303002B20
:106C6000CCD121F00044240D2405B4F1D66F254683
:106C7000C4D9099A536913B91369012BBEDD0122E6
:106C800009995846FEF7A4FC51460990FEF716FDF7
:106C90000028B3DD0A9B002BC9D0A5F580136FEA4D
:106CA00013536FEA035305934FF0FF330493DDE969
:106CB00004678FE7104919A81CAA04F03DFE0528B7
:106CC0007FF453AA1D9B43F0FF4343F4E003059375
:106CD0001C9B0493DDE904679FE400BF8844020025
:106CE0008C4402000000F07F0000E0BF0000E03FA5
:106CF000FFFF0F0000005039E8480200A5BB049ACE
:106D00001CEA020F3FF47AAF304639460493FEF78F
:106D1000B1FD0A9B002B62D0049BC3F30A53C3F15D
:106D20006B03002B40F38C801C0504F17F53002281
:106D300003F5401306F02EFC02460B46304639465A
:106D400006F070FA0022002306460F4606F08AFE7F
:106D500000283FF43FAF1AE64FF00009414AFFF721
:106D6000F8BABEF1000FCBD01EEA030F3FF446AFD6
:106D7000CAE74FF0FF3202FA03F3049A1A40049272
:106D8000C6E40A9A0499B2B1374A1A40B2F1D46FF4
:106D900011D84FF0FF30120DC2F16B0200FA02F26F
:106DA000914240D0BEF1000F7FF425AF11EA0C0FE5
:106DB0003FF424AFEDE64FF0FF32F1E72A4D1D40DE
:106DC000B5F1D66F3FF669AFB5F15C7F3FF602AF24
:106DD0002223002600271A9DCBF8003007E5024643
:106DE0000B463046394606F01DFA1A9C0022002355
:106DF00006460F46254606F035FE00283FF4F7AC60
:106E0000C6E54FF0FF33C2F14B0293400B400593B0
:106E10007EE402460B463046394606F005FA1A9DD6
:106E200006460F46E3E4114A93420CD00E4A1A403C
:106E300002F58013059300230493DDE90467DDE682
:106E400002460B467AE70131F0D1222300261A9D33
:106E5000054FCBF80030CAE402460B46B4E60023E7
:106E600048E600BFF84702000000F07FFFFFEF7F19
:106E7000014BFFF735B800BFD80600208C4600B59F
:106E800086461346034A714610685DF804EB624675
:106E9000FFF726B89400002084460A460249034BB7
:106EA00008686146FFF71CB894000020D80600204F
:106EB0002DE9F04705460C46DFF888A01346294621
:106EC0002246DAF80000FFF70BF802460B460446AC
:106ED0000D4606F0F9FD48BB2946204606F052FE55
:106EE00020F0004706461849384606F011FFD0B991
:106EF0003846154906F0EEFEA8B925F000494FF0D6
:106F0000FF3220464946114B06F0DEFD38B92046D7
:106F100049464FF0FF320D4B06F0B8FD18B1222262
:106F2000DAF800301A603046BDE8F087002D0848D6
:106F300004DAFCF71DFE00F10046F4E7BDE8F04777
:106F4000FCF716BE94000020FFFF7F7FFFFFEF7F5E
:106F5000A44402002DE9F0470446DFF8A0A00A4649
:106F6000274B2146DAF80000FEF7BAFF02460B462F
:106F700004460D4606F0A8FD002833D129462046D8
:106F800006F000FE20F0004706461E49384606F08F
:106F9000BFFEE8B938461B4906F09CFEC0B925F093
:106FA00000494FF0FF3220464946174B06F08CFD52
:106FB00038B9204649464FF0FF32134B06F066FDC4
:106FC00030B12222DAF800301A603046BDE8F0878E
:106FD00016F0FF4FF9D10D4B2B40002BF1D130466D
:106FE000BDE8F087002D0A4804DAFCF7C1FD00F186
:106FF0000046EAE7BDE8F047FCF7BABD9400002080
:10700000D8060020FFFF7F7FFFFFEF7F0000F07FAB
:10701000A4440200242B2DE9F84F42D8012B40D084
:107020001F468E468046484875461EF801BB10F83C
:107030000B4014F00804F7D1BBF12D0F6FD06FF0A7
:107040000049BBF12B0F04BF9EF800B005F1020E02
:107050007BBBBBF1300F4CD00A273B460025B9FB68
:10706000F7F6284607FB169A05E03BD0012507FBFB
:1070700000C01EF801BBABF1300CBCF1090F06D902
:10708000ABF1410CBCF1190F1AD8ABF1370C6345C9
:107090001FDDB5F1FF3FECD08642E6D24FF0FF3561
:1070A000E7E7F7F76FFA1622034600201A60BDE8FB
:1070B000F88F102BD2D1BBF1300F23D01F46CDE774
:1070C000ABF1610CBCF1190F03D8ABF1570C634560
:1070D000DFDC6B1C2BD054B9002AE8D085BB1160D3
:1070E000BDE8F88FE245C1DA4FF0FF35C1E7404215
:1070F000F2E79EF8003003F0DF03582B08D0082792
:107100003B46ABE79EF8000000F0DF005828D5D1E1
:1071100010279EF801B03B460EF1020E9EE79EF846
:1071200000B04FF00049012405F1020E90E7222340
:10713000C8F8003032B10EF1FF3148461160CFE798
:107140008146F8E74846B2E7CD400200FFF762BF4C
:107150008C4600B586461346034A714610685DF8B2
:1071600004EB6246FFF756BF940000208C4600B542
:1071700086461346034A714610685DF804EB624682
:10718000FFF748BF940000202DE9F04707460E4660
:10719000484C304616F801EB14F80EC01CF0080CF1
:1071A000F7D1BEF12D0F5AD0BEF12B0F09BF6446A7
:1071B000644696F800E0861C4BB9BEF1300F5CD0F7
:1071C0000A234FF0050A9946DFF8EC800AE0102BFD
:1071D0004AD04FF0FF38B8FBF3F803FB08FA9946A2
:1071E0006FEA0A0A0025284605E02CD0012509FB94
:1071F00000C016F801EBAEF1300CBCF1090F06D956
:10720000AEF1410CBCF1190F0BD8AEF1370C634550
:1072100010DDB5F1FF3FECD04045E6D94FF0FF352A
:10722000E7E7AEF1610CBCF1190F03D8AEF1570CD2
:107230006345EEDC6B1C0BD004B140420AB165B96A
:107240001160BDE8F087D445D0DD4FF0FF35D0E7C1
:10725000222328463B60002AF3D0711EF0E796F8FF
:1072600000E00124861CA7E7BEF1300F11D04FF0DB
:107270000F0A6FF070489946B4E7337803F0DF03E4
:10728000582B0BD008234FF0070A6FF0604899463F
:10729000A8E7307800F0DF005828E8D14FF0100957
:1072A00096F801E04FF00F0A6FF070484B46023637
:1072B00098E700BFCD40020099999919FFF764BF84
:1072C0008C4600B586461346034A714610685DF841
:1072D00004EB6246FFF758BF940000208C4600B5CF
:1072E00086461346034A714610685DF804EB624611
:1072F000FFF74ABF9400002010B4034CD4F8E040DC
:10730000A44610BC604700BFD8060020034649B120
:10731000FF2A02D801200A7070478A224FF0FF30FE
:107320001A60704708467047B9B37F2A27D90346C9
:10733000A2F18000B0F5F06F24D3A2F50060B0F5A3
:10734000784F10B52BD3A2F58030B0F5801F36D220
:107350000023940CC2F3053E64F30703C2F3851CBB
:107360006EF30F2302F03F026CF3174362F31F63C7
:1073700043F0803343F0700304200B6010BD012004
:107380000A707047930902F03F0263F03F0362F016
:107390007F0202200B704A70704708467047140B3A
:1073A000C2F3851302F03F0264F01F0463F07F0311
:1073B00062F07F0203200C704B708A7010BD8A222D
:1073C0004FF0FF301A6010BD5FFA82FC0346C2F333
:1073D0000722D9B1B2B102F17F00C0B21E2804D990
:1073E00002F12000C0B20F2812D8ACF140003E28B4
:1073F00003D98CF080007C280AD802200A7081F81A
:1074000001C07047012081F800C0704708467047EE
:107410008A224FF0FF301A60704700BFD3B2844613
:10742000C2F3072229B3EAB102F17200C0B2012807
:1074300021D902F15F00C0B25D2821D803F15F00BD
:10744000C0B25D2811D943F0800303F15F00C0B2E0
:107450005D2815D84FF08F0C03204A708B7081F88F
:1074600000C0704701200B70704702200A704B70FB
:1074700070470846704703F15F00C0B25D28F4D939
:107480008A234FF0FF30CCF80030704770B55FFAB8
:1074900082FEC2F3072269B37AB18446A2F12100C9
:1074A0005D2829D8AEF121005D2825D81868A8B13B
:1074B00002200A7081F801E070BD186860B18C4646
:1074C00042F61B001A6042232CF8030B8B70042039
:1074D000614681F800E070BD0120FAE78C46012684
:1074E00042F21B4542241E602CF8035B05208C7081
:1074F0006146DEE7012070BD8A234FF0FF30CCF8F3
:10750000003070BD2DE9F04F894692461E460D466B
:1075100085B05A4F03902A4615F8014B3B5D13F096
:107520000803F8D12D2C7DD02B2C41D04FF0FF3209
:1075300002936FF00043CDE90023002E43D1302C9D
:1075400079D00A27B0463E46DDE900013A46434677
:1075500006F0F4FB002383468E4618461946A446DF
:1075600010E08E4508BF83454CD000FB08F307FBB5
:107570000133A0FB07010B44201843EBE471012306
:1075800015F801CBACF13004092C05D9ACF141045C
:10759000192C1ED8ACF13704A64222DDB3F1FF3F0F
:1075A000EED083457EEB0103DBD24FF0FF33E7E7FC
:1075B0004FF0FF3102936FF000432C78CDE90013B8
:1075C000951C002EBBD0102E3ED037464FEAE678F1
:1075D000BAE7ACF16104192C03D8ACF15704A64208
:1075E000DCDC5A1C13D0029A12B1404261EB41011B
:1075F000BAF1000F03D0002B3DD1CAF8009005B0BE
:10760000BDE8F08FA242B0DA4FF0FF33B8E7222393
:10761000039A1360BAF1000F28D0DDE9000105F1EB
:10762000FF39EAE74FF00040009301232C78CDE9C1
:107630000103951C81E72B7803F0DF03582B0ED054
:107640000827B0463E467FE7302C03D037464FF040
:10765000000879E72B7803F0DF03582BF6D11027C9
:107660006C784FF000083E4602356DE7DDE9000119
:1076700005B0BDE8F08FCDE90001CEE7CD400200B6
:10768000FFF740BF8C4600B586461346034A714655
:1076900010685DF804EB6246FFF734BF94000020E9
:1076A0008C4600B586461346034A714610685DF85D
:1076B00004EB6246FFF726BF940000202DE9F04F4F
:1076C0008B461E460D4685B05F4F039001922A46B9
:1076D00015F8014B3B5D13F00803F8D12D2C7ED03B
:1076E0002B2C03BF2C780293951C02936EB9302C7F
:1076F00000F086804FF00A09B2464FF0050C4FF0BB
:1077000099374E46DFF8448117E0102E6CD04FEACF
:10771000E67A324653464FF0FF304FF0FF3106F025
:107720000DFB32460746884653464FF0FF304FF078
:10773000FF3106F003FBB146944600221046114685
:1077400010E0414508BFB84239D000FB0AF209FBFE
:107750000121A0FB090211440122181841EBE37139
:1077600015F8014BA4F13003092B05D9A4F141030D
:10777000192B0CD8A4F137039E4210DD541CEFD016
:10778000874278EB0102DCD24FF0FF32E8E7A4F148
:107790006103192B03D8A4F157039E42EEDC531C5E
:1077A00012D0029B13B1404261EB4101019B1BB11E
:1077B00092B9019BC3F800B005B0BDE8F08F6345F6
:1077C000C3DD4FF0FF32CBE72223039910460B6055
:1077D000019B1146002BEFD005F1FF3BE9E70123A8
:1077E0002C780293951C81E7302C19D04FF00F0CA8
:1077F0004FF0FF376FF07048B1464FF0000A9CE73A
:107800002B7803F0DF03582B0FD04FF00809B24656
:107810004FF0070C4FF0FF376FF060484E468CE793
:107820002B7803F0DF03582BE0D14FF010096C7870
:107830004FF00F0C4FF0FF376FF070484FF0000A19
:107840004E46023579E700BFCD400200999999195B
:10785000FFF734BF8C4600B586461346034A71468F
:1078600010685DF804EB6246FFF728BF9400002023
:107870008C4600B586461346034A714610685DF88B
:1078800004EB6246FFF71ABF9400002070B582B087
:10789000069D044655B11048D0F8E4606AB1204610
:1078A0000095B047431C10D002B070BD00F1F40544
:1078B0000948D0F8E460002AF1D10123114620469E
:1078C000064A0095B047431CEED100228A232A6065
:1078D000236002B070BD00BFD8060020A44402009F
:1078E000F0B50D46134983B00E6801466BB11C46D6
:1078F000114BD3F8E4707DB1134630462A4600940C
:10790000B847431C10D003B0F0BD0B4B06F1F40494
:10791000D3F8E470002DEFD1012329463046074A01
:107920000094B847431CEED100228A2322603360C2
:1079300003B0F0BD94000020D8060020A44402004B
:1079400070B5054684B05BB11C460F4BD3F8E060C0
:10795000234669B12846B047431C0FD004B070BD20
:10796000094B00F58274D3F8E06023460029F1D179
:107970000A46284601A9B047431CEFD100228A23BA
:1079800022602B6004B070BDD806002070B5134B88
:1079900084B01D686AB1124B1446D3F8E06078B128
:1079A0000A46234601462846B047431C0FD004B080
:1079B00070BD0B4B05F58274D3F8E0600028EFD161
:1079C0002346024601A92846B047431CEFD10022B6
:1079D0008A2322602B6004B070BD00BF9400002099
:1079E000D806002010B51C4682B0049B0094019379
:1079F0004FF0FF3304F0FEF802B010BD30B58C46F6
:107A0000864615461C46064B83B0186871464FF0F3
:107A1000FF336246CDE9005404F0ECF803B030BD0A
:107A200094000020002100F001B800BF10B500F064
:107A3000A5F8044604F006F9A0F11A03DBB2022B04
:107A400006D9A4F1090004288CBF0020012010BD34
:107A5000012010BD0229C0F30722C3B224D003299C
:107A600003D082F0800283F0800302F15001C9B29A
:107A70001F290BD902F13001C9B2242932D84FF2A3
:107A8000A641884224D94FF0FF3070474CF6D3719D
:107A90008842F8D8B03A3149C2EBC212A13B03EB9D
:107AA000420331F8130070479E2B95BF7F21802140
:107AB0007E3B23339F2A94BF703A503201EB420140
:107AC000CAB202F15001C9B21F29DBB2D2D8DDE738
:107AD000D03A2349C2EBC212A13B03EB420331F877
:107AE00013007047A13A072ACDD8DFE802F0312809
:107AF0001E18130F0B04C02BC5D81A4AA13B32F82D
:107B000013007047F12BBED8174A19E0D82BBAD80A
:107B1000164A15E0F62BB6D803F540507047F32B04
:107B2000B1D803F53E5020307047114A1A4412F87C
:107B3000A12C002AA7D003F57E40603070470D4A83
:107B4000A13B32F81300002808BF4FF0FF30704708
:107B5000094AA13B32F81300704700BFB46302002A
:107B600038490200E07A0200207B0200C47B020058
:107B7000347C0200907C02004C7D020038B5054642
:107B8000B9B101F5957420461149F6F751FD28B9B0
:107B90002846BDE838400121FFF75CBF20460D496B
:107BA000F6F746FD38B92846BDE838400221FFF710
:107BB00051BF094CE7E720460849F6F739FD28B9D7
:107BC0002846BDE838400321FFF744BF284638BDAA
:107BD0007442020088420200020800208042020033
:107BE00010B5124904461248F6F722FD28B920467E
:107BF000BDE810400121FFF72DBF0E490C48F6F7F4
:107C000017FD28B92046BDE810400221FFF722BF2A
:107C100009490748F6F70CFD28B92046BDE8104091
:107C20000321FFF717BF204610BD00BF74420200BA
:107C300002080020884202008042020038B5054652
:107C4000A1B101F5957420460949F6F7F1FC08B990
:107C5000284638BD20460749F6F7EAFC0028F7D049
:107C600020460549F6F7E4FC284638BD034CEAE710
:107C70007442020088420200804202000208002092
:107C80004B1C70B51AD014469389526823F0200318
:107C9000A381236BCDB2A3B1636B934209DD23684B
:107CA0005A1E226003F8015C636801336360284652
:107CB00070BD214603F02CF90028F0D04FF0FF35BD
:107CC000F5E7236921682BB18B4203D211F8013CFF
:107CD000AB420ED023460320C4E90E12012204F168
:107CE00040066063266303F8425F2846C4E9003219
:107CF00070BD01390132C4E90012D8E710B50C4655
:107D0000096B69B104F14003994201D0F6F718FFFD
:107D10000020E36B2063636013B1A36B236010BD8D
:107D20000021A2894FF0FF3042F020022369A28196
:107D30006160F3E72DE9F04F85B0019302FB03F397
:107D40000E9C9BB38846D4E90015AB4244D98346C8
:107D50001E464FF00009CDE9023204F1400A4046C8
:107D60002A46F6F743FD2068216B28443746C4E9CC
:107D70000009A844761BE9B1514502D05846F6F7F0
:107D8000DFFEE16BC4F83090616099B10D46A16BE4
:107D9000B5422160E3D332464046F6F727FDD4E9E9
:107DA0000021891B3244C4E90021019B184605B01B
:107DB000BDE8F08FDDE902322B44DB1BB3FBF2F3AD
:107DC00000211846A28942F02002A2812269C4E95A
:107DD000002105B0BDE8F08F1E46DCE72DE9F04F2D
:107DE000E5B002AFC7E90C02B1F90C20BB61940405
:107DF00089464B6E05D442F4005223F400538A8125
:107E00004B669804C3F3403400F1BA87A2460822B7
:107E1000214607F14000F6F7DDF9C7E90A4409F108
:107E20004003FB603C62FC613C617D4BD3F8E44065
:107E3000FBF794FD07F14002009203467A6B386B22
:107E400007F13C01A04700284ADB7B6B0146034455
:107E50007B63FB6B002B00F0C08001284FD0252BEB
:107E600056D00028E1D07B6B01385E1AD9F8043077
:107E700034181A46002A06F1FF3517DDD9F800300C
:107E800018786A780133904205F1010140F0A5802D
:107E9000D9F80420A14202F1FF32C9F80030C9F834
:107EA000042000F0AB80002A0D46E7DCD9F8301042
:107EB000002900F04D87FB68994202D0386BF6F735
:107EC0003FFE0022D9F83C30C9F83020C9F8043010
:107ED000002B00F03D87D9F83830C9F80030CFE7E3
:107EE0004FF6FD730822002107F14000FB63F6F70F
:107EF00071F97B6B01337B63FB6B002B6DD0494ABF
:107F0000D25C110700F128840120252B0146AAD15B
:107F1000002422467E6B3578A5F1250306F1010B7E
:107F2000552B5AD8DFE813F0A20659005900590022
:107F300059000406590059005900590059005B05C1
:107F40005B055B055B055B055B055B055B055B0531
:107F50005B05590059005900590059005900590052
:107F60005900590080002501590059005900590055
:107F70005900590059006F00590059004F0159002C
:107F800059005900910159005900590059009905AB
:107F900059005900C00559005900590059005900AD
:107FA0005900590082002701590059005900E00585
:107FB00099066F005900B405EC05CD055101FA058D
:107FC0005900590093017600FD05590059009905A3
:107FD000590076004FF0FF33BB623B6A43B13B6A06
:107FE0001868BB6A013300F03B8108B1FCF732FE30
:107FF000B86A07F5C677BD46BDE8F08F023555442F
:10800000A5EB060A11E72307E7D1757844F00204CF
:108010005E4681E72507E0D175785E467CE700BFC4
:10802000D8060020CD40020044F001040026C7F825
:1080300034B044F04004D9F80430002B41F39C8163
:10804000600641F19D81022E00F0CA82032E00F0ED
:10805000ED81012E00F01C81012A38BF012214F0AD
:108060000103164604F010027A6200F0A983002A88
:1080700040F0EB85BA69200652F8043BC7E90532A7
:1080800040F1F787002BA8D08020FCF7DBFD83466A
:1080900000289FD07B6918603B6ADC889D88AC42D1
:1080A00080F0EF8618687B693A6A40F82430631CD8
:1080B000D3802023C7F808B07B600024FB6A07F157
:1080C0006008FB62FBF74AFCA04200F04E86D9E94B
:1080D0000021FB6A12F8010B0139032B08F8040098
:1080E000C9F80410C9F8002004F1010407F158058B
:1080F00002D12B68042B04D0082200212846F6F771
:1081000069F80095234659464246386BFFF7BEFB97
:10811000411C034600F02986002840F0BF857A6A9A
:10812000A244013E6AB9CBF800207A693AB1BA6834
:10813000ABEB02047A68B2EBA40F40F23A860BF183
:10814000040BD9F804200024002A40F36584002E93
:10815000B7D1FB627B693BB1BB68ABEB03017B68CA
:10816000B3EBA10F00F24D877B6A002B7FF45DAE6D
:10817000C5E344F001040A230326FB61A74B3B61DE
:10818000D9F80430002B29DCD9F83010002900F090
:10819000DF8509F14003994204D0386B7A63F6F722
:1081A000CFFC7A6B0023C9F83030D9F83C30C9F8DD
:1081B0000430002B00F0CC85D9F83830C7F834B043
:1081C000C9F800303CE744F001040823FB61944BFC
:1081D00003263B61D9F80430002BD5DDD9F8000027
:1081E000904D0378EB5C190741F1148009F14008C8
:1081F0007C6300234446904607E00130C9F8000044
:108200000178695C0A0740F1A282D9F804100AF1EA
:10821000010A01390029C9F80410EEDCD9F8301040
:10822000002900F09585A14203D0386BF6F788FC51
:108230000023D9F83C10C9F83030C9F804100029DF
:1082400000F08685D9F83800D8E744F0010402260A
:1082500096E7BB6A23B1B9F80C305B067FF5BFAE79
:108260003B6ADE8818687EB100248146A046051F5F
:1082700055F8043F01341868FCF7ECFC2B68A64263
:10828000C3F80080F4D148464FF0FF33BB62ACE640
:10829000002A08BF4FF0FF3204F0100314F001056C
:1082A0007B6100F03183002B40F0ED84B96920063A
:1082B00051F8043BBB60B96140F1D4867A62002B6F
:1082C0003FF48BAE8020FCF7BDFC7A6A064600289E
:1082D0003FF480AEBB6818603B6ADC889D88AC4286
:1082E00080F0FB851868BB683E6040F824303B6A2C
:1082F0000134DC8020237B604FF0000BFC6A07F127
:108300006008C7F824A0FA62FBF728FB584500F084
:108310002C85D9E9003213F8011B013A032C08F827
:108320000B10C9F80420C9F800300BF1010B07F15C
:10833000480A03D1DAF80030042B04D008220021C7
:108340005046F5F747FFCDF800A031465B46424660
:10835000386BFFF79BFA411C044600F006850028A5
:1083600040F0AC84054630600822002107F150003F
:10837000F5F730FFDFF8B0C02A4607F15805294667
:10838000386BDCF8E0C007F15003E047012814BF68
:10839000002597F8585007F188035B5D002B00F02B
:1083A0007D867B6A032C5B447B6200F08F84FB6AD2
:1083B000013BFB627B694BB9BB68043633B13B6858
:1083C000F51A7B68B3EBA50F40F2E384D9F80430CB
:1083D0004FF0000B002B40F38584FB6A002B93D1F8
:1083E000D7F824A0FC627B69002B7FF41EAD3360BC
:1083F000BB68002B00F083823B687A68F11A8B100F
:1084000001339A4240F27B82BC6804312068FDF758
:10841000B7FB002800F07382206070E24D7101000C
:10842000BD720100CD400200D80600200026531E78
:10843000262B8ABFA2F127084FF00008272209F156
:1084400040037B62334607F1600B5D46C7F814803A
:1084500090465A46D346D7F81CA044F45864D9F83D
:10846000001091F800C0ACF12B004D283CD8DFE89B
:1084700000F0753B753B3B81636363636363637AC1
:108480007A3B3B3B3B3B3B3B2727272727273B3B75
:108490003B3B3B3B3B3B3B3B3B3B3B3B3B3B3B69FE
:1084A0003B3B3B3B3B3B3B3B2727272727273B3B94
:1084B0003B3B3B3B3B3B3B3B3B3B3B3B3B3B3B69DE
:1084C000BAF10A0F10DD24F4386405F801CBD9F8AD
:1084D000040001380028C9F8040067DD0131B8F153
:1084E0000108C9F80010BAD1C7F81CA0DA469346B3
:1084F000E00505D55D4500F2C3825D453FF46DADF5
:1085000014F0100213D15946FB69386BD7F810C02C
:108510002A70E047BB69A10603F1040840F1A98273
:108520001B681860BB6AC7F818800133BB62A5EBF3
:108530000B053544AA4478E49F4824F4386430F9A4
:108540001AA0C2E704F4C060B0F5007FCCD124F4D7
:1085500000744FF0100A44F4A064B6E72006C3D5B7
:1085600024F08004B1E7944830F91AA0BAF1080F5A
:10857000A9DCB9E72005A8D5BAF1000F03D14FF067
:10858000080A44F40074600500F17082786924F4EC
:10859000607418B10138786108F10108D9F8040055
:1085A000013601380028C9F8040097DCD9F83010EA
:1085B000002900F04886786A814205D0386BFA615C
:1085C000F6F7BEFA0023FA69D9F83C10C9F8303042
:1085D000C9F80410002900F03686D9F838107EE773
:1085E000002A08BF4FF0FF32E00704F0100340F10B
:1085F0002481002B40F03E83B96951F8040BB96126
:108600002106786240F13D85BB607A6100283FF425
:10861000E4AC8020FCF716FB7A698046BB68002832
:108620003FF4D8AC796A0860396ACC888D88AC424E
:1086300080F03D840868C6464FF0200C796A40F807
:108640002410396A0134CC80D9F800105B4D0978C8
:108650006E5C16F0080661D1C7E9015E93461D46BF
:10866000C7F814C0FBF77AF9B04200F07E83D9E96D
:10867000003213F8011B013AC9E9003207F1600327
:1086800099553B60FB6A0136032B07F1580402D170
:108690002368042B04D0082200212046F5F79AFD18
:1086A00000943A6833464146386BFFF7EFF8421CB6
:1086B000F86200F05A83002840F06284C8F8000095
:1086C000FFF7B0F9002840F0A684B2440BF1FF3B5D
:1086D000002D40F0C0847B6A08F10408002B00F0F4
:1086E000BA84BB68A8EB03047B69B3EBA40F40F228
:1086F000FF852E46D9F80430002B40F3CC85D9F8FD
:1087000000301B787A68D35C1C0702D4BBF1000FE1
:10871000A8D12B46D7F814C0D7F808E0002B7FF477
:1087200084ABC8F800307B6A002B00F0E880A8EB2F
:108730000E018A100132944540F2E180186804313C
:108740001C46FDF71DFA00287FF466AED7E07C6B6F
:108750004246C7F834B076E40025D9F8042009F180
:1087600040040FE0D9F800301A78144901338A5CCC
:1087700012077FF55AABD9F804200AF1010A013A31
:10878000C9E90032002AEDDCD9F83010002900F0E8
:10879000D783A14202D0386BF6F7D2F9D9F83C3032
:1087A000C9F83050C9F80430002B00F0C983D9F85B
:1087B0003830C9F80030D7E7087E0200CD4002000B
:1087C0007A6A002A40F00882BB69240653F8045BE9
:1087D000BB6140F10783002D3FF4FFAB3046FCF74F
:1087E00031FA0446002800F0C7823B6A2860B3F8DB
:1087F0000680B3F804B0D84580F0E98318683A6A77
:1088000008F10103D38040F82850CDF800902146AC
:1088100033460122386BFFF78DFA044600283FF4F7
:1088200018AD864240F2D58001462868FDF7A8F9C8
:10883000002800F0CE802860CBE0002B40F06D8453
:10884000BB6914F0800453F804BBBB6100F02382C1
:108850007A62BBF1000F3FF4C0AB2020FCF7F2F9C5
:108860000646002800F088823B6A7A6ADC889D8888
:10887000CBF80000AC4280F0C28218683B6A40F836
:1088800024B00134DC802024D9F80000B94D0378ED
:10889000EB5C190700F1CA825346B046AA4615465A
:1088A000D9F80420013AC9F80420421CC9F8002074
:1088B000027808F8012BBBF1000F04D0A8EB0602E8
:1088C000A24280F07283013D0BD0D9F80420002A27
:1088D00040F30584D9F8000002781AF80220120744
:1088E000DED59A464346991B46468A440131002309
:1088F0003370BBF1000F02D08C4200F2E683BB6AFA
:108900000133BB62FFF791BA7B69002B40F01881FD
:10891000BB6914F0800453F8046BBB6100F09E83C4
:108920007A62002E3FF459AB2020FCF78BF9054604
:10893000002800F021823B6A7A6ADC8899883060DE
:108940008C4280F0858218684FF0200B3B6A40F81B
:1089500024600134DC80D9F8001007F188080B7816
:1089600018F80330002B3FF438ABC7F814A02C469E
:10897000C246904609F140037B622846D9F804506C
:10898000013DC9F804504D1CC9F80050097800F8A1
:10899000011B16B1051B5D452CD20546B8F1010837
:1089A0000BD0D9F80410002940F3B881D9F8001091
:1089B00008781AF800000028DFD12C1BD7F814A083
:1089C0003FF40BAB00232B701EB1611C8B4500F2F2
:1089D0000384BB6AA2440133BB62FFF726BA14F0DA
:1089E0008F0F7FF4FAAA02EB820205EB4202303AC3
:1089F000FFF712BB4FEA4B0B20465946FDF7C0F874
:108A00000446002800F0B88105443060C6E7D9F874
:108A10000420002A3FF755ABD9F83010002900F0A8
:108A2000C98309F14002914204D0386BFB62F6F72A
:108A300087F8FB6A0022C9F83020D9F83C20C9F831
:108A40000420002A00F0B683D9F83820C9F80020A5
:108A5000002E7FF436ABFFF77CBB44F40074102388
:108A6000FB61454B03263B61FFF78ABB24F4B064EE
:108A70002BE5220740F14982BB691B68187051E55C
:108A800015F8011C4A46386B013DFFF7F9F834E54B
:108A900023077FF4A2AA75786C2D00F066825E46EB
:108AA00044F00104FFF738BA594607F188007A62AA
:108AB000FAF70EF901267A6A44F040047863FFF76A
:108AC000BABAE10600F18A81BA6952F8043BBA6188
:108AD000220700F18181660740F1FA83A3F800A024
:108AE000C7F834B0FFF7A1B925077FF476AA7578E7
:108AF000682D00F034825E4644F00404FFF70CBA9F
:108B000014F08F037FF469AA3D6A002D00F0C08243
:108B1000757844F080045E46FFF7FEB944F40874AB
:108B20009DE70A23FB61144B03263B61FFF728BB3B
:108B300022437FF452AA757810245E46FFF7ECB901
:108B4000D9F8003007F18808197818F801100029C1
:108B50003FF443AA0133C9F80030D9F80430012AA0
:108B600003F1FF33C9F8043000F06F81934609F137
:108B7000400417E0CD400200BD720100D9F800307A
:108B80001A78013318F80220002A00F05E81C9F833
:108B90000030D9F804300136013B5E45C9F8043095
:108BA00000F05381002BE9DCD9F83010002900F0E7
:108BB0003F81A14202D0386BF5F7C2FFD9F83C30B3
:108BC000C9F83050C9F80430002B00F03181D9F8D1
:108BD0003830C9F80030D3E7D9E90002B24280F258
:108BE00099831C4609F14003C7F824A025469A46FC
:108BF000D9F830101044A346B046C9F80000144418
:108C0000B61A002900F03283514502D0386BF5F7CF
:108C100097FFD9F83C20C9F83050C9F80420002A41
:108C200000F02483D9F8380096424FF00001C9F8CB
:108C30000000DFDCD7F824A008EB0B04921B3044C3
:108C4000C9E90002A244FFF7F0B84FF0000BC7E9F2
:108C500001BBC7F814B0FFF730BA0023FB61C64B65
:108C60000326C7F834B03B61FFF7E5B9C7F834B065
:108C7000FFF7F7B84FF0000C07F13C018846E646D5
:108C8000C7F824C0E0E4002307F13C067B603B60AA
:108C9000BB60FFF731BB5E46A346F5E5821C3FF49F
:108CA000B6AE0328A24402D12A68042A00D0013EAD
:108CB0007A6A002A3FF439AAFFF743BA821C0CD023
:108CC00035686B1C7FF450ABFFF765BBDAF80030FA
:108CD000042B7FF46CABFFF76DBBD9F80430002B8D
:108CE0003FF712ABD9F83010002900F07E8209F16D
:108CF0004003994202D0386BF5F722FF0023C9F8F0
:108D00003030D9F83C30C9F80430002B00F06D82C7
:108D1000D9F83830C9F80030FFF75FBBD9F8301008
:108D2000002900F07B827B6A994202D0386BF5F70C
:108D300007FF0023D9F83C10C9F83030C9F80410F7
:108D4000002900F06B82D9F83810C9F800102FE61E
:108D50000022B9F80C30D9F8101043F02003C9F8FC
:108D60000010A9F80C30C9F80420BB6A23B1B9F887
:108D70000C305A067FF531A93B6A002B7FF470AAAC
:108D80004FF0FF33BB62B86A07F5C677BD46BDE852
:108D9000F08F3868D900FCF7F3FE386000283FF404
:108DA00019A97B68BA685B00461910607B60FFF701
:108DB0000DBBB868D1001546FB62FCF7E1FEB86058
:108DC00000283FF407A97A696B007B6000EB040B75
:108DD000FB6A1060FFF7B3B983F800A0C7F834B09E
:108DE000FFF723B8CDF80090334629460122386BAF
:108DF000FEF7A0FF044600287FF4EBADB5E74FF681
:108E0000F6739D427A623FF62BAAD7F82080083588
:108E1000D8F80000A900FCF7B3FE00283FF420AA10
:108E20007A6AA8F80450C8F8000027E501215EE539
:108E30000023C9F80430B9F80C3043F02003A9F836
:108E40000C30D9F81030C9F80030B244FEF7EDBF4D
:108E50004FF6F67399427A623FF602AAD7F820B02D
:108E600001F10808DBF800004FEA8801FCF788FEF2
:108E700000283FF4F5A97A6AABF80480CBF800002B
:108E800062E54FF6F6739D423FF6A4A8D7F820801E
:108E90000835D8F80000A900FCF772FE00283FF45E
:108EA00099A8A8F80450C8F80000FFF7FCB84FF6DE
:108EB000F6718D42BB607A613FF68CA83E6A083538
:108EC0003068A900FCF75CFE00283FF483A8BB686B
:108ED0007A69B5803060FFF7AEBB4FF6F6739D42FE
:108EE0007A623FF677A8D7F820800835D8F80000D6
:108EF000A900FCF745FE00283FF46CA87A6AA8F8A0
:108F00000450C8F80000FFF7EEB9630774D414F0FA
:108F1000010240F0DA81A10740F1D781174B39698E
:108F2000386B99425946FB6900F0F681FEF7A8FBC1
:108F30000B46BA691168C1E90003FFF7F3BAA2440E
:108F40000023C9F80430B9F80C3043F02003A9F825
:108F50000C30D9F81030C9F80030FEF766BFB5788C
:108F600044F008040236FEF7D7BFB57844F0020497
:108F70000236FEF7D1BF00BF4D710100BD72010086
:108F8000FB6A02333FF4B6ABD8F80000FEF74AFDA7
:108F9000002840D1FB6AB244032B7FF497AB2368CF
:108FA000042B7FF493ABFFF793BB6400304621465C
:108FB0007B617A62FCF7E4FD064600283FF4DCAEF4
:108FC0007A6A7B6900EB0208CBF800007BE44FF67D
:108FD000F6739B453FF644A93B6A0BF1080B1868F2
:108FE0004FEA8B01FCF7CCFD00283FF439A93B6A1E
:108FF000A3F804B0186002E4BB691B681880FFF78F
:1090000091BA7C692068FCF7BBFD00283FF4ACA84E
:109010002060FFF7A9B82B46D7F814C0D7F808E0AE
:10902000D7F800B0002E3FF479ABB3445D46F34669
:109030003C6BC7F814C0BB60013E4A46204615F899
:10904000011DFEF71DFE002EF6D1DE46D7F814C036
:10905000BB68FFF763BB0026FFF74CBB3546A34652
:10906000264678E47B69BE68C7E90033BB60FFF73A
:1090700043B97B6AD7F814B0C7E901337B61FFF7C6
:109080001CB8D7F824809C469E467B62FFF7DCBA6A
:1090900082B0CDE9023302AB3B6239E5D7F824A0B8
:1090A000FC62BBF1000F3FF49EA95D4608EB0B0488
:1090B000D7F83080013D4A46404614F8011DFEF7BE
:1090C000DFFD002DF6D1FFF78EB9DBF80000FCF7CD
:1090D00057FD00283FF413ACCBF800000FE4D9F89B
:1090E0003010002900F01C8109F14002914204D0A7
:1090F000386B7B62F5F724FD7B6A0022C9F83020CB
:10910000D9F83C20C9F80420002A00F00981D9F8D8
:109110003800C9F80000FFF7DFBBD9F800309A4DDE
:109120001978695C11F008087EF47FAE0133C9F844
:109130000030D9F80430012A03F1FF33C9F80430B4
:1091400008BF0AF1010A3EF470AE09F140069346E9
:10915000324601244646904612E0D9F800301A788B
:109160000133AA5C10073FF56DADC9F80030D9F89E
:1091700004300134013BA345C9F8043000F0B2804B
:10918000002BEADCD9F8301000293FF4D8AE414575
:1091900002D0386BF5F7D4FCD9F83C30C9F8306010
:1091A000C9F80430002B3FF4CAAED9F83830C9F8FA
:1091B0000030D4E7FB620023C9F80430B9F80C3062
:1091C00043F02003A9F80C30D9F81030C9F800306A
:1091D000002C3EF4BFAFC8E53068FCF7D1FC002896
:1091E0003FF4F7AB3060FFF7F4BB0023C9F804305D
:1091F000B9F80C30D7F824A043F02003A9F80C30BC
:10920000D9F81030FC62C9F80030BBF1000F3FF410
:10921000EAA8AAE5C7F834B0FEF715BF0023C9F8DD
:109220000430B9F80C30A54243F02003A9F80C3003
:10923000D9F81030D7F814A0C9F800303FF495AD34
:109240002C1BFFF7BFBB0023C9F80430B9F80C3062
:10925000C7F81CA043F02003A9F80C30D9F810304F
:10926000DA46C9F800309346FFF742B90023C9F83F
:109270000430B9F80C30D7F824A043F02003A9F843
:109280000C30D9F81030C9F80030002C3FF46DAD27
:10929000A244FEF7CABDD9F83010002955D009F113
:1092A0004003994202D0386BF5F74AFC0023C9F815
:1092B0003030D9F83C30C9F80430002B45D0D9F80B
:1092C0003830C9F80030FFF71CBABB69FFF728B97E
:1092D000E5070AD4A40708D54FEAEA72C3F800A04C
:1092E0005A607BE5DA44FEF7A0BDC3F800A075E53F
:1092F000B868D9001E46FCF743FCB86000283EF46D
:1093000069AE7A6A730000EB04082E4610607B6138
:10931000FFF7F0B9344691E4FEF79AFA0B4608E6F7
:109320009A464346991B0023C9F80430B9F80C301B
:109330008A4443F02003A9F80C30D9F8103046468F
:109340000131C9F80030FFF7D2BA0022C9F8042071
:10935000B9F80C202B4642F02002A9F80C20D9F8CD
:109360001020D7F814C0D7F808E0C9F80020002E64
:109370007FF4FBACFFF7D2B9D7F834B0FEF704BFE7
:10938000D7F834B0FEF72ABFCD4002002DE9F04FE8
:10939000DDB00C4691460D910F938346FAF7F0FA33
:1093A000036818461A93F5F797FA082218900021D7
:1093B0002CA8F4F70FFFA389180603D52369002B07
:1093C00000F01587002300249E46CDE931330023A9
:1093D00033AACDE91634DA4614464D46CDE91BEEE4
:1093E0003092CDF864E0CDF880E0CDF874E0CDF8AF
:1093F00028E0CDF848E02F466E4BD3F8E460FAF74A
:10940000ADFA0DF1B00C03463A46504628A9CDF806
:1094100000C0B047002800F09F80C0F29580289BD4
:10942000252B01D00744E7E7B7EB0508064640F0D7
:10943000978000224FF0FF33934609937B787E1C80
:109440008DF897200B9299460136A9F120035A2BEB
:1094500000F2B280DFE813F0F302B000B000EF02D8
:10946000B000B000B000FD02B000B0006A003502EC
:10947000B0002702D202B000CE025B005B005B00AE
:109480005B005B005B005B005B005B00B000B0005A
:10949000B000B000B000B000B0002801B000AA01D8
:1094A0003E02280128012801B000B000B000B00041
:1094B0003A02B000B000A802B000B000B000D00185
:1094C000B000BC02B000B0008A06B000B000B0002E
:1094D000B000B000B000B000B0002801B000AA0198
:1094E00001022801280128012B0201027400B000AA
:1094F0006402B0005502AF066E027400B000D001E5
:109500007200AC06B000B000B206B00072000022DB
:10951000A9F1300316F8019B02EB820203EB420231
:10952000A9F13003092BF5D90B928EE70F9B53F865
:10953000042B002A0B920F93C0F2B281337882E79A
:1095400033784BF0200B7EE7082200212CA8F4F79B
:1095500041FE012007444FE7B7EB0508064610D04F
:10956000329BC4E9005843443293319B0133072BAB
:10957000319315DC08340A9B43440A93002E7FF490
:1095800058AF329B002B41F05E810D9B9B8903F00D
:109590004003002B41F080830A985DB0BDE8F08F56
:1095A00050460D9930AA01F087FC0028EDD133AC6C
:1095B000E1E700BFD80600201096B9F1000FE0D017
:1095C000012300228DF80C91069343AD8DF897206E
:1095D0000C93CDE913220E92099211921BF0020313
:1095E00002D00699023106911BF08408329E05D103
:1095F0000B9906980F1A002F00F39B806AB1012285
:109600006260319A013601320DF19701072A3296D4
:109610003192216000F3D883083463B10223636080
:10962000319B0236013326AA072B329631932260F2
:1096300000F3BF830834B8F1800F00F0BF82099BAC
:109640000C9A9F1A002F00F3F9821BF4807F40F0E0
:109650001E820C9B25601E446360319B3296013351
:10966000072B319300F33F8308341BF0040F05D020
:109670000B9B069A9D1A002D00F3B383DDE90A3295
:1096800006998A42ACBF9B185B180A93002E40F0E3
:109690000883002331930E9B1BB150460E99F5F7BA
:1096A0004FFA33AC109DA6E60F9B1096073323F0BC
:1096B0000703F3E802670F9327F000431F931E96FA
:1096C0004FF0FF32DDE91E01B24BCDE9166704F021
:1096D000FBF9002840F0F484DDE91E014FF0FF3271
:1096E000AC4B04F0D3F9002840F0EA8400220023B8
:1096F0003046394604F0C0F9002840F0B2879DF8A2
:10970000972000210320A44DA44B2BF0800B0E9139
:109710000690B9F1470FD8BF1D46CDE91311099145
:109720000C901191002A3FF459AF069B0133069328
:1097300054E7102F319A41F30D82DFF864C22146BD
:1097400030460D9C2E46CDF854C06546219304E06A
:10975000103F102F01F1080116DD102301321030E7
:10976000072ACDE931200D604B60F1DD21465046DE
:1097700030AA01F0A1FB002840F09B82DDE93120F6
:10978000103F102F33A9E8DC35460C460646219BD6
:10979000013215993E44072ACDE9312621606760E0
:1097A00000F381869DF89720083427E70F9BB9F1D5
:1097B000430F109603F1040603D01BF0100F00F0C6
:1097C0000185082200212EA8F4F704FD0F9A43AD6D
:1097D0002EAB294650461268FEF7B2F80346013315
:1097E0000C9001F054820C9B23EAE3730693002251
:1097F0000F968DF89720ECE600230F9F109657F8F0
:10980000045B8DF89730002D00F00085B9F1530FFF
:1098100000F094861BF01003119340F08F86099B93
:10982000002BC1F21B801A4628461199FAF754F909
:109830000E90002801F081820E9B11995B1B0C9306
:1098400023EAE3734FF07309CDE913119DF89720D4
:109850000F97099106930E9164E71BF0200F109665
:109860003ED00F9B073323F007031846596850F882
:10987000083B0A460F900029C0F2CA8309990029C3
:10988000C0F2888253EA02012BF0800740F0838205
:10989000099A002A40F08482BB460C925CAD64E1D8
:1098A0000B9B5B420B9333784BF0040BCBE5337887
:1098B000682B03BF73784BF4007B01364BF0400BF1
:1098C000C1E52B238DF897303378BCE533784BF026
:1098D000080BB8E54BF0100B1BF0200F1096C0D111
:1098E0000F9A1BF0100F52F8043B0F9240F0C28306
:1098F0001BF0400F00F0BA8343F3C03211461BB295
:10990000B9E71BF0200F109600F0C5830F9B0A9A51
:109910001B681A60D2175A600F9B04330F93C1E67D
:1099200033786C2B03BF73784BF0200B01364BF070
:10993000100B88E547F630030F9AADF8983052F8CF
:10994000043B02210F924FF078090022154810962F
:109950004BF0020719900020099D8DF89700002D0B
:10996000C0F2EC8053EA020027F0800B40F0E58063
:10997000002D40F0D285002940F0538317F00103F9
:109980000C9300F0718330230DF26F158DF86F3159
:10999000EBE000BFFFFFEF7FE0410200DC4102008F
:1099A0003C7E0200EC41020010964BF0100B1BF0C5
:1099B000200200F012830F9B073323F007031946A0
:1099C0005A6851F8083B0F9100212BF48067C2E7D9
:1099D00010964BF0100717F0200200F00B830F9B3E
:1099E0000121073323F0070318465A6850F8083B53
:1099F0000F90B0E733784BF0800B24E5314611F837
:109A0000019BB9F12A0F01F02882A9F13003092B3B
:109A100098BF002201F2A28011F8019B02EB8202A2
:109A200003EB4202A9F13003092BF5D942EAE273B4
:109A30000E46099309E533784BF0010B03E59DF8D9
:109A400097203378002A7FF4FEAC20228DF89720EF
:109A5000F9E45046F9F794FF436818461D93F4F76C
:109A60003BFF209007465046F9F78AFF83681B9317
:109A7000002F3FF463AD1B9A3378002A3FF4E3AC28
:109A80001278002A3FF4DFAC4BF4806BDBE4B9F1D1
:109A9000650F40F33781DDE916010022002303F052
:109AA000E1FF002800F0D88101236360319B934AD5
:109AB00001330136072B32963193226000F3328551
:109AC0000834279B129A934280F2C982189B1A9AF3
:109AD0001E44C4E90023319B32960133072B319396
:109AE00000F37A830834129B5D1E002D7FF7BDAD15
:109AF000102D319B40F3EB80DFF804921027DDF846
:109B00003480CDF8549004E00834103D102D40F31B
:109B1000E08001331036072BC4E90097CDE93136D8
:109B2000F2DD4146504630AA01F0C6F9002840F067
:109B3000C080DDE9313633ACE7E75F46012900F04C
:109B40002A8102295CAD1ED1199803F00F01415CF6
:109B50001B0943EA0273120905F8011D53EA0201C9
:109B6000F3D1BB465CAB5B1B0C93099A0C990023A9
:109B70008A42B8BF0A46CDE9133306920E939DF888
:109B800097201193CEE503F00701DB0843EA427307
:109B9000D208303153EA0206284605F8011DF2D1F9
:109BA000FB07DED53029DCD03023023805F8013C34
:109BB0005CAB1B1ABB4605460C93D6E70B9B069A7B
:109BC0009F1A002F7FF73BAD102F319B41F35B8035
:109BD0004B48224631464FF0100806460D9C159022
:109BE00004E0103F102F02F1080214DD01331031A0
:109BF000072BC2E90068CDE93131F2DD214650463C
:109C000030AA01F059F9002853D1DDE93131103F74
:109C1000102F33AAEADC14460E460133159A3E444F
:109C2000072BCDE931362260676000F3C084099BC1
:109C30000C9A08349F1A002F7FF707AD304A102F77
:109C4000319B159221DD32464FF010082E460D9DB6
:109C500004E0103F102F04F1080414DD01332849FB
:109C60001032072BC4E90018CDE93132F1DD294665
:109C7000504630AA01F020F9D8B9DDE93132103F61
:109C8000102F33ACEADC354616460133159A3E44B4
:109C9000072BCDE931362260676000F392810834EA
:109CA000D3E450460D9930AA01F006F900283FF49C
:109CB000F0ACD3460E9B002B3FF467AC58460E9990
:109CC000F4F73EFF0D9B9B8903F0400361E40C4ACF
:109CD0001592159A01332E44072B22606560CDE959
:109CE00031367FF7C1AC50460D9930AA01F0E4F847
:109CF0000028DED1329E33ACB7E400BF1C42020024
:109D00002C7E0200129B319F012B06F1010607F108
:109D1000010704F1080940F310810123072FCDE961
:109D200031762560636000F38081189B01371A9AB1
:109D30001E44072FC9E90023CDE9317600F3828163
:109D400009F10809129B0022DDE916015C1E0023BF
:109D500003F088FE002840F00981013701352644D0
:109D6000072FCDE93176C9F80050C9F8044000F357
:109D7000F08009F108091C9B01371E44C9F8043022
:109D8000072F2AABCDE93176C9F80030ABDC09F1F9
:109D900008046AE45F460A2B72F1000180F0258313
:109DA00030338DF86F310123BB460C930DF26F15E4
:109DB000DBE650460D9930AA01F07EF800287FF4CA
:109DC00078AF329E33AC36E450460D9930AA1593E5
:109DD00001F072F800287FF46CAF329E159B33AC13
:109DE0001BE4102D319B40F33187DFF8CC82102724
:109DF000DDF83490CDF8548004E0103D102D04F1CE
:109E0000080415DD01331036072BC4E90087CDE9BE
:109E10003136F2DD4946504630AA01F04DF80028AF
:109E20007FF447AFDDE93136103D102D33ACE9DC6E
:109E30000133159A2E44072BC4E90025CDE93136AC
:109E40007FF71CAC50460D9930AA01F035F8002878
:109E50007FF42FAF329E11E42799002940F333831A
:109E6000DDE911839845A8BF9846B8F1000F0ADDD7
:109E7000319B46440133072BC4E900583296319395
:109E800000F33E860834119FB8F1000FA8BFA7EB7E
:109E90000807002F00F3CB81DDF844901BF4806F9E
:109EA000A94440F0EA81279B129A9342C0F2718242
:109EB0001BF0010F40F06D82129AAF18A7EB090753
:109EC000D51AAF42A8BF2F46002F0BDD319B3E4471
:109ED0000133072BC4F8009067603296319300F38A
:109EE00085860834002FA8BFED1B002D7FF7BDAB82
:109EF000102D319B7FF7EBAEDFF8C0911027DDF816
:109F00003480CDF8549004E00834103D102D7FF7D4
:109F1000E0AE01331036072BC4E90097CDE93136A6
:109F2000F2DD4146504630AA00F0C6FF00287FF41B
:109F3000C0AEDDE9313633ACE7E71BF0010F7FF44B
:109F4000ECAE0123072FCDE93176256063607FF702
:109F500012AF50460D9930AA00F0AEFF00287FF4F2
:109F6000A8AEDDE931760DF1CC0904E7129B012B97
:109F70007FF701AF112B40F37F87504BCDF824B012
:109F800010259B46DDF83480159305E009F108099A
:109F9000103C102C40F33C8301371036072FC9E9E1
:109FA00000B5CDE93176F1DD4146504630AA00F0EA
:109FB00083FF00287FF47DAEDDE931760DF1CC0919
:109FC000E6E750460D9930AA00F076FF00287FF4AE
:109FD00070AE329E33ACFFF738BB0F991BF0100008
:109FE00051F8043B55D11BF040054ED002460F916D
:109FF0009BB2E9E40F9917F0100051F8043B41D1EE
:10A0000017F040053AD00F91024601219BB2A2E41D
:10A010005B425F464FF02D004FF0010162EB4202C0
:10A020009AE4099B5CAD0C939FE550460D9930AACC
:10A0300000F042FF00287FF43CAEDDE931760DF1FF
:10A04000CC0972E650460D9930AA00F035FF002881
:10A050007FF42FAEDDE931760DF1CC0972E61BF00D
:10A06000010F3FF402AB31E55CAD7EE51BF4007FF0
:10A0700040F04F83DA171146FFF7FDBB17F400726B
:10A0800040F052830F91012165E41BF4007240F00F
:10A0900046830F9198E41BF0100F40F094821BF060
:10A0A000400F40F0CA831BF4007F00F08C820F9BAE
:10A0B0000A9A1B681A702FE43C7E02002C7E020074
:10A0C000DDE9160102460B4603F0FEFC002840F0D5
:10A0D0001C86B9F1610F00F01F85B9F1410F00F046
:10A0E0004A85099B013300F0EF8329F02003472BB9
:10A0F00000F0E1850E90DDE91612002A13464BF4BC
:10A100008078C0F2E68400231593DDE91623CDE9BB
:10A110002223A9F14103252B00F20E83DFE813F07F
:10A1200018040C030C030C03D803A5040C030C0344
:10A130000C030C030C030C030C030C030C030C03A7
:10A140000C030C030C030C030C030C030C030C0397
:10A150000C030C030C030C030C030C030C030C0387
:10A1600018040C030C030C03D803A504A64B10968B
:10A1700019931BF0200200F01A810F9B073323F084
:10A18000070319465A6851F8083B0F911BF0010F5D
:10A1900009D053EA020106D030218DF899904BF096
:10A1A000020B8DF8981002212BF48067FFF7D3BBC8
:10A1B0005F4610960FE41096FFF7F9BB934B10968D
:10A1C0001993D6E70F9B43AD1B688DF80C31012323
:10A1D00006930C93FFF70BBB50460D9930AA00F085
:10A1E0006BFE00287FF465AD329E33AC7BE44021EA
:10A1F0005846F4F7A1FD0D9B18601861002800F087
:10A200003F8640230D9A5361FFF7DCB8099B29462E
:10A21000062B28BF06232A4609950E95CDE9131172
:10A220007B4D06930F970C931191FFF77BBA102F7C
:10A23000319B40F31D86774932464FF010090E4698
:10A24000DDF83480159104E00834103F102F40F3FE
:10A25000EE8101331032072BC4E90069CDE93132B8
:10A26000F2DD4146504630AA00F026FE00287FF479
:10A2700020ADDDE9313233ACE7E7129B2246EB1823
:10A280000993139B4C46002B3146DDF85080CDF8E6
:10A2900044B0DDF86C90209EDDF834B0149531DDCB
:10A2A000B8F1000F40F3338108F1FF3831981D9B5E
:10A2B000013031440728C2E900363291319000F371
:10A2C00089800832099B99F800001F1B8742A8BFAC
:10A2D0000746002F0CDD3198394401300728C2E9C8
:10A2E00000473291319000F3558199F8000008320F
:10A2F000002FB4BF0546C51B002D14DC0444139B7E
:10A30000002BCDDCB8F1000FCEDCCDF86C90A1466F
:10A31000149D129B1446EB1899450E4628BF99468A
:10A32000DDF844B0BFE5102D31983A4B23DD0C9495
:10A3300010272C461D4604E0103C102C02F10802A8
:10A3400016DD0130334B10310728C2E90037CDE963
:10A350003101F1DD5946504630AA00F0ADFD00282C
:10A360007FF4A7ACDDE93101103C102C33AAE8DC06
:10A370002B4625460C9C013029440728CDE93101A4
:10A380001360556000F3AD8399F80000083204446F
:10A39000B5E7189A1A991644C4E90012319A329610
:10A3A0000132072A319200F3C883083484E50F99FB
:10A3B0001BF0100051F8043B0AD11BF0400503D0FC
:10A3C00002460F919BB2E1E61BF4007240F09D81C2
:10A3D0000F91DBE65946504630AA00F06DFD00288B
:10A3E0007FF467AC329933AA6CE707F480610C976D
:10A3F0000E944FF0000E0F46DFF81CB01B9C0DF5BD
:10A40000B87CCDF8189010E000420200EC41020048
:10A41000144202002C7E0200CDCCCCCC0A2B72F16F
:10A42000000237D343463246AC46991841F1000149
:10A43000ABFB010626F0030000EB96004FF0CC3694
:10A44000091A581A06FB00F662F10009A0FB0B80FE
:10A450000BFB09660644052008F00109A9FB000969
:10A4600040184FEA5808303048EAC6780EF1010E1D
:10A470000CF1FF350CF8010C7608002FCED02178B6
:10A480008E45CBD1BEF1FF0FC8D00A2B72F100026E
:10A4900080F0DA801B94DDF818900C9F0E9CCDF8AC
:10A4A00048E0FFF75EBB50460D9930AA159300F0C7
:10A4B00003FD00287FF4FDAB9DF89720329E159B8D
:10A4C00033ACFFF79BB801236360319B994A01339A
:10A4D0000136072B32963193226000F3FE80083458
:10A4E000002976D1129A0BF0010313433FF4BDA863
:10A4F000189B1A9A1E44C4E90023319B32960133FB
:10A50000072B319300F3D38104F1080272E0139B0F
:10A5100009F1FF39013B1393C8E601295F467FF437
:10A5200010AB3DE450460D9930AA00F0C5FC002860
:10A530007FF4BFAB329E33ACFFF7C3BA0DF1B8085E
:10A540000822002140462995F3F744FE099B002B81
:10A55000C0F28C8000260697CDF830903746994699
:10A560000FE04346504643A9FDF7EAF9421C06F1C5
:10A570000406384400F0BD83484506DC00F0FE8345
:10A580000746299B9A59002AEBD1DDF830900C97A9
:10A59000069F79E05946504630AA00F08DFC00280D
:10A5A0007FF487AB99F80000329933AAA0E65046B1
:10A5B0000D9930AA00F080FC00287FF47AAB329E1F
:10A5C00033ACFFF73CB80F9B0A9A1B681A60FFF781
:10A5D000A3B9189B1A9A1E44C4E90023319B3296F2
:10A5E0000133072B319300F3628104F10802002943
:10A5F000C0F20B83129901330E44072BCDE931369B
:10A60000156051603FF76FAB02F10804FFF72DB8FA
:10A61000DDF824B00137159B2644072FCDE93176AC
:10A62000C9F80030C9F804407FF7A3AB91E416469F
:10A630000133159A3E44072BCDE93136226067601D
:10A6400000F32981083427E4209B1D99ED1A1A464E
:10A650002846F8F749FC637803B101344FF0000E47
:10A66000E0E62D228DF89720FFF74BB800235046E7
:10A670001946CDF8008029AAFDF7B4F90346013345
:10A680000C9000F0368329950C9B002B31D0632B66
:10A6900000F3F780002343AD0E93082200214046CB
:10A6A000F3F798FD0C9E294633465046CDF80080BE
:10A6B00029AAFDF797F9864240F0F28300230C9A0D
:10A6C000CDE9133322EAE271AB549DF897200F973E
:10A6D000069109931193FFF725B850460D9930AABA
:10A6E00000F0EAFB00287FF4E4AA2799329E33ACFD
:10A6F000F6E60C9B9DF89720CDE913330F97069350
:10A70000099311930E93FFF70DB82A460F91DBB210
:10A710003CE543F3C01211465BB2FFF7ACB82A46E2
:10A720000F91DBB2FFF750B90F912A460121DBB23E
:10A73000FFF711B91C420200099B50460193022306
:10A7400000932EAB049329AB039327AB0293DDE96F
:10A750002223F9F7E5FA1BF0010F054640F00782C6
:10A760002E9B1B1A1293279B1193119BD91C03DB61
:10A77000099A9A4280F28E81119BA9F10209013B4C
:10A78000002127935FFA89F2002B8DF8A820B6BF2D
:10A790002D222B22119B8DF8A920B8BFC3F10103F4
:10A7A000092B40F392820DF1BF073A46DFF8D0C281
:10A7B0001E461046ACFB0321C90801EB8102A3EB46
:10A7C00042023032632E00F8012C0B4600F1FF32BA
:10A7D000EEDC303302F8013C831EBB4280F03A834A
:10A7E0000DF1A90213F8011BBB4202F8011FF9D1B8
:10A7F0005CAB181AA0F1AD031C93129B1C9A012BA1
:10A800001A440C9240F370820C9B189A13440C93D8
:10A810002BF4806343F4807B00230C9A149322EA88
:10A82000E272069213931193159B002B40F0218145
:10A830009DF897200993FEF775BF0F9B0A9A1B6836
:10A840001A80FFF769B80D9C5046214630AA00F0E7
:10A8500033FBA38903F04003FEF79BBE2846F4F7C1
:10A860003BF8119B20EAE0714FF07309CDE91333F7
:10A870009DF897200F970C90099306910E93FEF781
:10A8800051BF5046591CF4F757FA0546002800F00E
:10A89000FF820E9001E750460D9930AA00F00CFBA4
:10A8A00000287FF406AA329E33ACFFF7F5BA504673
:10A8B0000D9930AA00F000FB00287FF4FAA9DDE929
:10A8C0003136279933AA92E606230E90099312E4B3
:10A8D0000223099A0132069200932EAB069E04933E
:10A8E00029AB039327AB019602935046DDE922235F
:10A8F000F9F716FA29F02007462F054618BF452715
:10A90000064405D12B78302B00F03781279B1E445D
:10A910000022DDE92201002303F0A4F8002840F022
:10A9200022812E9BB34206D230215A1C2E921970DE
:10A930002E9B9E42F9D8279A11925B1B472F1293A8
:10A940003FF413AF462F00F02681119B013B17E720
:10A9500027AADDE92201F9F70FF900224FF07F5312
:10A9600002F018FE02460B46CDE906230022002322
:10A9700003F078F808B101232793099B414A591E37
:10A98000414BCDE911B4B9F1610F08BF1A462E460B
:10A99000D346CDF8309013958946DDE906459246B9
:10A9A000099207E00022002303F05CF8002840F041
:10A9B000D181B9460022354B2046294602F0EAFDF6
:10A9C0000D46044603F096F8804602F079FD0246F3
:10A9D0000B462046294602F025FC1AF80830B9F14A
:10A9E000FF3F324604460D4609F1FF3706F8013BAA
:10A9F000D8D11746264B0022CDE90645DA46DDF8C8
:10AA00003090129CDDF844B0139D03F053F80028F9
:10AA100000F0128209992E9716F8012CC97B334653
:10AA2000914209D1302003F8010C2E9B5A1E2E9220
:10AA300013F8012C9142F6D0392A0BBF099A013242
:10AA4000927AD2B203F8012C33465B1B1293279BF8
:10AA5000B9F1610F119303F1FF33279300F0C28125
:10AA600050224FF0410901218EE6099B06930323F2
:10AA700032E72D2200238DF897200993FEF755BE6B
:10AA8000CDCCCCCC00420200EC41020000003040B2
:10AA90000000E03FDDE91123934200F3DB801BF06F
:10AAA000010F119B00F04781189A13440C931BF47B
:10AAB000806F00F07A81119B4FF06709002B7DDCDD
:10AAC0000C9B23EAE37306930023C346CDE91333BB
:10AAD000AAE622912D2103F1004315912393FFF75C
:10AAE00018BB5946504630AA00F0E6F900287FF41A
:10AAF000E0A899F80000329933AA0444FFF7FFBB9D
:10AB000050460D9930AA00F0D7F900287FF4D1A85B
:10AB1000329E33ACFFF7B7B978238DF899303023E4
:10AB20008DF89830099B4BF0020B632B00F3B98032
:10AB3000002343AD0E93FFF7DEBA50460D9930AABD
:10AB400000F0BAF900287FF4B4A8279B329E33ACFA
:10AB5000FFF7B2B9AE491591FEF71ABE00230E46B3
:10AB60000993FEF772BC279A33461192E5E6099BDA
:10AB70004727C618CCE65823CFE70022DDE922019B
:10AB8000002302F06FFF002800F02781279B1E445E
:10AB90001193731B12931199099A0BF00103002969
:10ABA00043EA020340F32D81002B40F001814FF076
:10ABB0006609119B0C931BF4806F81D01B990B7855
:10ABC000FF2B00F061810026119A304604E001302D
:10ABD0000131FF2B00F0D880934280F2D580D21A49
:10ABE0004B78002BF3D10B780136F2E750460D99E4
:10ABF00030AA00F061F900287FF45BA8279D129B22
:10AC0000329E33AC5D1BFFF76DB94F4210312CDA29
:10AC1000DFF800821024CDF8548003E00832103FA2
:10AC2000102F24DD01331036072BC2E90084CDE953
:10AC30003136F3DD50460D9930AA00F03DF9002879
:10AC40007FF437A8DDE9313633AAE8E7704A159278
:10AC5000FFF7EEB8129B189A9A18119B0C92002BD2
:10AC600040F3AE804FF06709A5E76A4915910133BB
:10AC700015993E44072BCDE931361160576000F33A
:10AC8000B3800832B6E4634A1592FEF7C6BF0D9A48
:10AC9000938943F0400393814FF0FF330A93FEF70B
:10ACA0007BBC5046591CF4F747F805460028EED007
:10ACB0000E90FFF720BA099B002B7FF41BAA099B7B
:10ACC0000E9301230993FFF716BA002940F0828002
:10ACD00030228DF8AA200DF1AB02303302F8013B8F
:10ACE0002AABD31A1C9388E51BF0010F3FF490ADFB
:10ACF0008AE50022D3460D9B0E92B3F90C3043F047
:10AD000040030D9A9381FEF7D5BF179B0320002BBC
:10AD1000B8BF2D224FF00003A8BF9DF89720194619
:10AD20000E933D4D3D4BB8BF8DF897202BF0800B17
:10AD30000690FEF7EEBC0C93B9E6099B4FF0730941
:10AD4000CDE913009DF897200F9706930C93099077
:10AD5000FEF7E8BC49460029DA46DDF83090129C3F
:10AD6000DDF844B0139DFFF66FAE4B1C3022314628
:10AD7000334401F8012B9942FBD166E6099BDDF8CB
:10AD80003090069F0C937FE4CDE913061B9111923E
:10AD9000DDE91332209913440C9AC34601FB0323C7
:10ADA0000C9323EAE37306933EE54FF0670987E6C9
:10ADB0001346189A4FF0660913440B440C93FAE6B5
:10ADC000C3F101031A4422EAE2734FF067090C92BF
:10ADD000069379E60DF1AA027FE7069BC3F1010312
:10ADE000279394E570223EE650460D9930AA00F074
:10ADF00063F800287EF45DAFDDE9313633AAFFF752
:10AE0000F9BB6BB901234FF0660906930C935BE61F
:10AE10003C7E02002C7E0200E8410200E441020078
:10AE2000189B4FF0660903F1010B099B5B440C93DF
:10AE300023EAE373069347E60022DDE906011C4B93
:10AE400002F010FE00283FF4FFAD18F0010F3FF4B0
:10AE5000FBADDFE502231C93CFE40F9A73780E4617
:10AE600052F8041B0F9241EAE1720992FEF7EBBA25
:10AE7000104A1592FFF7DCBB0E4B1593FFF7CABBC8
:10AE80000C23CBF8003007E70023CDE913337FE72D
:10AE90000D9BD346B3F90C300E9043F0400330E7DE
:10AEA0000D9BD346B3F90C3043F0400329E700BFB4
:10AEB0000000E03F2C7E02002DE9F041154692682B
:10AEC0002C68FAB107468846083402E01346083475
:10AED000C3B16B685E1E002B6E6013DD54F8046C0A
:10AEE000002EF3D033464146384654F8082C01F082
:10AEF000ABFE431C07D0AA680834921B1346AA6015
:10AF0000002BE6D100200023C5E90133BDE8F08124
:10AF10002DE9F0410C46096B04F14003994214D02D
:10AF2000666B77003A46FAF735FE054630B300EB1C
:10AF30000608014632464046F3F758FCC4E90C5770
:10AF4000C4F800800020BDE8F0814FF48061F3F781
:10AF5000F3FE98B14FF4806194F84220206361635E
:10AF600080F8FF2394F8412000F2FD3380F8FE239F
:10AF700094F8402080F8FD232360E3E74FF0FF3092
:10AF8000E1E700BF70B54C1C39D00E4605461446AB
:10AF900010B1436B002B71D0626EB4F90C30D10745
:10AFA00001D49A054DD523F020025807A28106D47A
:10AFB000D9066DD51B0754D442F00402A281226B3E
:10AFC0006368F6B2F2B1626B9A420FDD23685A1ED3
:10AFD000226003F8016C6368626E0133D20763601C
:10AFE00002D4A3899B0537D5304670BD214628463B
:10AFF000FFF78EFF0028E9D0636ED80751D54FF0D8
:10B00000FF36F1E7626E2069216802F0010228B183
:10B01000884203D211F8010CB04232D00320E3631E
:10B020002346C4E90D01012104F14005256303F81D
:10B03000426FC4E90031002AD6D1A3899B05D3D43D
:10B040000AE0A06DF3F7EAFAB4F90C3023F020021D
:10B050005807A281B3D4ABE7A06DF3F7E7FA304607
:10B0600070BD21462846F2F757FC0028C4D1B4F938
:10B070000C20A06022F00802A0619DE7F2F7D0FD4D
:10B080008AE701390133C4E90013002AACD1A8E7EB
:10B09000626ED207B3D49905B1D4A06DF3F7C6FAA6
:10B0A000ADE7A389F7E700BF03460A4602490868EF
:10B0B0001946FFF767BF00BF94000020844610B414
:10B0C0000E4C1CF8013B11F8010BE25C02F003028C
:10B0D000012A225C08BF203302F00302012A05D0B6
:10B0E0001B1A08D10028ECD110BC70472030181A68
:10B0F000E7D010BC7047184610BC7047CD40020026
:10B10000830710B5044610D10268A2F1013323EA87
:10B11000020313F0803F08D150F8042FA2F101334D
:10B1200023EA020313F0803FF6D003781BB110F836
:10B13000013F002BFBD1F8F771FC204610BD00BF8A
:10B140000B4632B913F8012B002AFBD1581A0138EB
:10B150007047013A16D010B401E0013A09D013F853
:10B16000014B00F8014B002CF7D1581A013810BCE4
:10B170007047027013F8012B002AFBD1581A0138CE
:10B1800010BC70470270DDE722B310B5024486465A
:10B19000114C04E01B1A1BD1B8B1964516D01EF80D
:10B1A000013B11F8010B14F803C00CF0030CBCF1C7
:10B1B000010F14F800C008BF20330CF0030CBCF1E1
:10B1C000010FE7D12030181AE7D010BD002010BDC4
:10B1D000184610BD10467047CD40020000200149BE
:10B1E000704700BF0000F87F144600B51A460A4BAE
:10B1F0000D461B6885B0DE6803464CB107490191D6
:10B20000304607490294009500F060FD01F07CFD96
:10B2100004490C46F3E700BF940000209844020064
:10B22000A8440200A444020008B513460022FFF718
:10B23000DBFF00BF38B5A1FB021454BBF3F77CFD64
:10B24000054650B350F8042C22F00302043A242A95
:10B2500010D8132A13D91B2AC0E9004416D9242A6E
:10B26000C0E902440ABFC0E9044400F1100200F141
:10B27000180205E02146F2F7ADFF284638BD024628
:10B2800000232846C2E90033936038BD00F108026C
:10B29000F6E7F3F777F90C2303600025284638BD5D
:10B2A0000148F3F7BBB900BFD06100200148F3F7B4
:10B2B000BDB900BFD06100202DE9F0410469B4EBB5
:10B2C000611F05DC0023036100234361BDE8F081B9
:10B2D00000F114054E1111F01F0C05EB840E05EB67
:10B2E000860321D055F8261004339E4521FA0CF12F
:10B2F000CCF120082DD92F461A6802FA08F20A4329
:10B3000047F8042B53F8041B9E4521FA0CF1F3D89F
:10B31000A31B9B00053B9B08013305EB830445F809
:10B32000231079B104340DE09E4588BF00F110026E
:10B33000C8D953F8041B9E4542F8041FF9D8A41B32
:10B3400005EB8404631B9B10AC420361BCD0BDE8D9
:10B35000F08141610029B5D02C46E3E72DE9F04F9B
:10B360001C4685B000900868934682780B46302AC8
:10B37000029440F0F381C11C0A780C46302A01F196
:10B380000101F9D0A4EB0009A9F10209DFF8C0829C
:10B3900018F80220002A00F0EF80002722783D46AE
:10B3A00018F80220002A00F07781264616F8012FAF
:10B3B00018F80220002AF9D101223046A54901934C
:10B3C000F2F7C0FF019B824600284DD03278002D55
:10B3D00000F0A581A5EB060A4FEA8A0A02F0DF0217
:10B3E000502A35464DD01E60002F74D12B1B013BD7
:10B3F000072B394604DD5B10072B01F10101FADC54
:10B400000098F9F781FE0346002800F06A8200F1F7
:10B410001406A542019640F2CA8100270390B9465E
:10B420000DE0202F1AD0394604372A7818F8022068
:10B4300002F00F028A4049EA0209A54254D015F8E9
:10B44000012D2E2AEDD1A542EBD3012228468149B8
:10B45000F2F778FF0028F0D0202FE4D1002146F841
:10B46000049B04278946E0E7002D00F068813278CC
:10B47000A5EB060A02F0DF02502A35464FEA8A0A97
:10B48000B1D16A782B2A00F048812D2A40F0D5806E
:10B490000120AA78AE1C18F802104A1E182A00F2E1
:10B4A000D5807278103918F8022001365AB90CE0AC
:10B4B00001EB810102EB4102A2F1100116F8012F0C
:10B4C00018F802200AB1192AF2DD00B149428A4473
:10B4D0001E60002F8AD0B9F1000F0CBF0625002591
:10B4E000284605B0BDE8F08F039B019A46F8049BFF
:10B4F000B61AB6101E6148460393F9F7DFFE7601CF
:10B50000DBF80040361AA642039B76DCC0F20981C4
:10B510000027DBF808205245C0F23E81DBF804200A
:10B5200052454EDDA2EB0A0A544500F39580DBF844
:10B530000C10022900F0E180032900F05381012959
:10B5400040F0DF80544540F0DC80012C0AD01846E2
:10B55000611E0393FAF7E8FA039B002800F0D180FC
:10B56000DBF804200121029862250260019A19612A
:10B5700011600E9A1360B3E701222046354901930A
:10B58000F2F7E0FE019B0746002840F087806278D2
:10B59000651C18F80210002900F08280302A2C4621
:10B5A00040F02B8114F8012F302AFBD018F802202C
:10B5B0004FF00109B2FA82F77F09002A7FF4F5AE55
:10B5C0006AE0012587B1DBF80C20022A6FD0032A3C
:10B5D00071D0012A06D1B90704D5019A1268174320
:10B5E000FA076BD445F0100528460E9A1360029BAB
:10B5F000C3F800A005B0BDE8F08F361B18463146F1
:10B60000FAF792FA039B074678B10127711E019859
:10B610004A1150F8220001F01F0207FA02F202421A
:10B6200003D0B94200F3CF80022718463146039376
:10B63000B244FFF741FE039B6BE718F802100020AD
:10B640004A1E182A05F101067FF62BAF2E46CAE6E0
:10B650004C7E0200144302000AF1FF35002F40F037
:10B66000A480002D40F0A78001220198691150F8B4
:10B67000211005F01F05AA400A42184651460393BF
:10B6800018BF47F00207A4EB0A04FFF715FE0225D6
:10B69000DBF804A0039B95E726468DE62546227835
:10B6A00002F0DF02502A00F099801D6013E70F9A24
:10B6B000C2F101020F920F9A002A93D001991E69DC
:10B6C00088460A4600274FEA860901EB860003E018
:10B6D000904242F8047C45D9944652F8041BB1F1DB
:10B6E000FF3FF5D00131022DCCF800107ED014F0D0
:10B6F0001F0440F0AE80212576E70F9900293FF422
:10B7000031AF502519460098F9F724FD002328464B
:10B710000E9A136005B0BDE8F08F0020B9E6AA4686
:10B720005CE6A61B194632460098F9F751FF00F176
:10B73000140203460027AAEB060A0192E9E6727892
:10B74000751C18F802102E4600293FF447AE16F873
:10B75000012F18F802100029F9D13BE64FF000093B
:10B76000841C13E69A6896424ADA0121022D06EB00
:10B77000010003EB86061861DDF80480716135D0A5
:10B78000002874DC00221A6100225A61DBF80820CC
:10B790000AF1010A5245AEDA19460098F9F7DAFCC7
:10B7A00000230E9AA32513609AE601275CE74FF069
:10B7B0000009019E99E6184629460393FAF7B4F961
:10B7C000039B074650E71846B11E0393FAF7ACF9FE
:10B7D000039B00283FF428AF032726E74FF0000A19
:10B7E00001274EE60F9900298BD0BBE6DBF800203D
:10B7F000013AA24262D02225F6E64FF00109D4E5D3
:10B800005968009801310193F9F77EFC019B0746C6
:10B8100000286CD01A6903F10C01023292000C303E
:10B820000193F2F7E3FF019B00981946F9F792FCA8
:10B8300001213B69022D03EB010007EB8303386113
:10B8400007F1140859613B46D0D08642BFF64FAF8E
:10B8500096E7C14459F8040C0193F9F72FFDC4F1A0
:10B860002004A042019BBFF646AF186988E75A69D9
:10B8700008EB800003F11804A0424FEA520229D9D4
:10B880004546216842EAC17245F8042B54F8042B5E
:10B89000A0424FEA5202F4D8C11A1939890801317D
:10B8A00048F8212008EB810102B10431A1EB080224
:10B8B000921041451A617FF469AF65E70122611179
:10B8C00058F8211004F01F04A2400A4214BF212599
:10B8D000222589E6C8F800200AB14146E5E71A6149
:10B8E00052E70246E421054B0548FFF77DFC02467E
:10B8F0008421024B0248FFF777FC00BF6C43020033
:10B90000D844020010B504688646013409E014F8F2
:10B91000013BA3F1410CBCF1190F98BF20339342B6
:10B9200007D111F8012B002AF1D10120CEF80040F7
:10B9300010BD002010BD00BF0B682DE9F04F59115C
:10B9400002EB810113F01F0306464FF000050DBF07
:10B950000846081D8E46A1F1040E316885B040F8F6
:10B96000045C4C1C4978002900F0AF807746F4460F
:10B970000093AA460B46A9467146AB469646DFF8A9
:10B9800084810246019610E0202B00F296804D45FE
:10B9900008DD674502D9BAF1070F67DDE6455CD3DC
:10B9A0004FF0080A14F8013FB3B118F80360002EF5
:10B9B000EAD00AF1010ABAF1080F05F1010542DCEB
:10B9C000DCF800301B0106F00F061E43CCF80060C7
:10B9D00014F8013F002BE8D1104672468E46009BBA
:10B9E000002D72D0BC4502D2BAF1070F74DD62455A
:10B9F00055D26346111F53F8044B734541F8044F69
:10BA0000F9D9AEEB0C0323F003030EF1010104336B
:10BA10000CF1010C8C4588BF04230021134443F82A
:10BA2000041B7345FBD950F8041C19B107E05EF8FC
:10BA3000043D23B97245FAD10123CEF80030052028
:10BA400005B0BDE8F08FE645ACD24CF804BC00234D
:10BA50004FF0010AACF1040CB5E7ACF104074CF867
:10BA600004BCA946BC464FF0000A9BE7CAF1080097
:10BA700080006646CDE902C2DCF800308446C0F1A1
:10BA8000200A706800FA0AF21A4320FA0CF33260B6
:10BA900046F8043FB742F4D8DDE902C27EE750F829
:10BAA000041C002BC1D04FF0FF34C3F1200324FA53
:10BAB00003F3194040F8041CB7E7104672468E465F
:10BAC00019462929019E009B03D0042005B0BDE83A
:10BAD000F08F0134346083E7DCF80040CAF10801DC
:10BAE0008900664688462546C1F12009716801FA39
:10BAF00009F42C4321FA08F5346046F8045FB74294
:10BB0000F4D874E74C7E02002DE9F04F89B08646E8
:10BB1000DDE9137A1E46002F53D01568002955D051
:10BB2000129B002B62D0741E2EB30026CDE900E1DB
:10BB3000DDF848B0043D029103920AE0019BF3B99D
:10BB40002868002831D0DC4552D2013C631C66468F
:10BB500011D0D7E9009855F8042F3B460098DAF841
:10BB6000E0C005A9E047421C34D000EB060CDC45E0
:10BB7000E4D9C7E90098304609B0BDE8F08F002845
:10BB80000CDD029B05A918445A1E00F1FF3E11F876
:10BB9000013B02F8013F7245F9D10290039B2868EE
:10BBA0001A6804321A600028CDD10199039A01B1B4
:10BBB00010600CF1FF36002230463A6009B0BDE853
:10BBC000F08F156800F586770029A9D14FF0FF3373
:10BBD0001293A8E706468A2100223046DDF800E0ED
:10BBE000CEF800103A6009B0BDE8F08F129EC2E7AF
:10BBF0006646C0E710B584B00698054C00900798DB
:10BC00000190044800680294FFF77EFF04B010BD65
:10BC1000D80600209400002010B5044684B0069891
:10BC2000019006480068009313460A462146044CDA
:10BC30000294FFF769FF04B010BD00BF940000201C
:10BC4000D8060020184B98422AD870B54FF0000E45
:10BC500040F6F904154D03E003F1010E74451DDBB8
:10BC600004EB0E0303EBD37323F0010202EB630238
:10BC700005EB420C9CF80110BCF80260BCF804C053
:10BC800041EA06218C4460454FEA63034FEA4202D1
:10BC9000E2D8884206D25C1E7445E1DAFF2070BD0E
:10BCA000FF207047A85C70BDEF010E004C7F0200C2
:10BCB0000CB400B583B004AB53F8042B019300F02F
:10BCC00019F803B05DF804EB02B070470EB400B58C
:10BCD000074A82B003AB0146106853F8042B019366
:10BCE00000F008F802B05DF804EB03B0704700BF45
:10BCF0009400002084462DE9F04F0E461546E1469B
:10BD0000C9B018AF0822002138461C460596079591
:10BD10000D93F2F75FFAB9F1000F04D0D9F834307F
:10BD2000002B00F03786059B5A6EB3F90C30D00714
:10BD300002D4990540F12C859E0406D4059943F45C
:10BD4000005322F400528B814A66950400F1E48688
:10BD5000059AB2F90C30190740F1BF801269002A28
:10BD600000F0BB8003F01A020A2A00F0C58000230D
:10BD70001FAA9246CDE91D33CDE91133DFF83CB25D
:10BD80001C920E9309930F93CDF82090DDE9075490
:10BD9000DBF8E460F7F7E2FD2A46034616A92046E1
:10BDA0000097B047002800F0C680C0F2BC80169B08
:10BDB000252B01D00544EBE7079B0446EE1A40F023
:10BDC000BE804FF0FF32002306926A786C1C8DF81B
:10BDD00053300A9303930134A2F120035A2B00F24B
:10BDE000EF80DFE813F05402ED00ED004E02ED00AD
:10BDF000ED00ED005E02ED00ED006A00EB01ED00EC
:10BE0000E501F601ED00F0015B005B005B005B000B
:10BE10005B005B005B005B005B00ED00ED00ED0094
:10BE2000ED00ED00ED00ED00ED00ED0097017F026B
:10BE3000ED00ED00ED00ED00ED00ED00ED00ED009A
:10BE4000ED00ED001202ED00ED00ED007001ED00DF
:10BE5000A202ED00ED00FC04ED00ED00ED00ED00B0
:10BE6000ED00ED00ED00ED00ED00ED009701BC01EF
:10BE7000ED00ED00ED009902BC017400ED0020031F
:10BE8000ED001103F904F0027400ED00700172007E
:10BE9000F604ED00ED001F05ED0072000021A2F197
:10BEA000300314F8012B01EB810103EB4101A2F1F6
:10BEB0003003092BF5D90A918EE70D9B53F8042B1B
:10BEC000002A0A920D93C0F27081227883E7039BC7
:10BED000227843F0200303937DE7059D48462946D9
:10BEE000F2F716F9002840F03D86B5F90C3003F062
:10BEF0001A020A2A7FF43BAF0599B1F90E20002AF5
:10BF0000FFF635AF4A6ED60702D49D0540F1EB85AA
:10BF100023464846079A059900F056FE099009986D
:10BF200049B0BDE8F08F082200213846F2F752F9F7
:10BF3000012005442CE7079B0446EE1A12D0079B0C
:10BF4000CAE900361E9B33441E931D9B0133072B09
:10BF50001D9313DC0AF1080A099B33440993002C52
:10BF60007FF42FAF1E9BDDF82090002B40F0CA8598
:10BF70000022059B1D92B3F90C3012E00599089838
:10BF80001CAAF6F719FC48B90DF17C0AE4E7B146A2
:10BF90000C9B1BB148460C99F2F7D2FD059BB3F9F7
:10BFA0000C30059A526ED10740F183805B0600F198
:10BFB000BD85099849B0BDE8F08F00BFD8060020C4
:10BFC0000794002ACED000238DF8533001238DF83A
:10BFD000BC2004932FAC0B934FF00009CDF83090A8
:10BFE000CDF81890039BDDE91D2113F0840605D1DF
:10BFF0000A9B04981D1A002D00F302839DF853003C
:10C0000078B10123013201310DF15300072ACDE946
:10C010001D21CAF80430CAF8000000F32B830AF18E
:10C02000080AB9F1000F0ED0022001320231CAF81D
:10C030000400072A15A8CDE91D21CAF8000000F365
:10C0400025830AF1080A802E00F02A82069B0B98AD
:10C050001D1A002D00F36B820B9B01321944072A35
:10C06000CDE91D21CAF80040CAF8043000F39C82D3
:10C070000AF1080A039B580705D50A9B049A9C1AE3
:10C08000002C00F30F83DDE9093204988242ACBF33
:10C090009B181B180993002940F0908200231D93E0
:10C0A0000C9B1BB10C990898F2F74AFD0DF17C0A24
:10C0B0006CE69A053FF57AAF059CA06DF2F7B6FAEB
:10C0C000B4F90C3072E700230D9E079456F8044B28
:10C0D0008DF85330002C00F07584532A00F0BD8396
:10C0E000039B13F0100540F0B883069B002BC0F2B1
:10C0F000E8841A4629462046F7F7EEFC0C90002803
:10C1000000F02C85031BCDE90B3523EAE373049380
:10C1100000F0B8BC0D9B432A079403F1040503D03B
:10C12000039BD80640F18283082200211AA8F2F767
:10C1300051F80D9A2FAC1AAB214612680898FBF7FC
:10C14000FFFB034601330B9000F0FB840B9B23EABB
:10C15000E373049300230D958DF853303CE7039B64
:10C160000794990640F1C7800D9B073323F007031E
:10C1700018465A6850F8083B11460D90002AC0F244
:10C180005B81069A002AC0F26481039A22F0800241
:10C19000039253EA010240F05C81069B002B40F0C1
:10C1A000A78404930B9348AC65E10A9B5B420A9316
:10C1B000039B227843F0040303930CE62B2322789D
:10C1C0008DF8533007E6039B227843F080030393F6
:10C1D00001E6204610F8012B2A2A00F0CE84A2F1B5
:10C1E0003003092B98BF002100F2848410F8012B42
:10C1F00001EB810103EB4101A2F13003092BF5D9D9
:10C2000041EAE17304460693E6E5039B079443F095
:10C21000100212F0200100F087820D9B073323F0FB
:10C2200007031846596850F8083B0D90002022F487
:10C2300080640394069C8DF853008442C0F2A08071
:10C2400053EA010422F4906240F0A083039C03921D
:10C25000069B002B40F08C80002840F0908214F068
:10C2600001020B9200F0908230238DF81F319DF86F
:10C27000533004920DF21F14002B40F001810C93F7
:10C2800003E1039B227843F001030393A3E59DF8A8
:10C2900053302278002B7FF49EAD20238DF853304D
:10C2A00099E5089E3046F7F76BFB436818461193F3
:10C2B000F2F712FB129005463046F7F761FB8368F0
:10C2C0000E93002D3FF401AE0E9B2278002B3FF41D
:10C2D00082AD1B78002B3FF47EAD039B43F480635B
:10C2E000039378E5039B079443F010030393039BA8
:10C2F00099063FF539AF0D9A52F8043B0D92039A17
:10C30000D20600F15282039A560640F14A8243F364
:10C31000C0310A461BB231E72278039B682A00F03D
:10C32000958243F04003039355E5039B079443F044
:10C33000100414F0200100F006820D9B073323F057
:10C3400007031A46596852F8083B0D9200228DF8EF
:10C350005320069A002AC0F21B8324F08002039225
:10C3600053EA010275D1069B0120002B3FF474AF04
:10C37000012800F0BD8300230228194600F029811E
:10C3800048AC03F00702DB0843EA4173C9083032C6
:10C3900053EA0105204604F8012DF2D1039BDD0785
:10C3A00040F12581302A00F022813023069A02389C
:10C3B00004F8013C48AB1B1A9A42B8BF1A4604461F
:10C3C0000B93049257E0039B002143F00203039375
:10C3D00047F630030D9AADF8543052F8043B0794F9
:10C3E0000D92B64A0F9200228DF85320069A002A29
:10C3F000C0F2EF80039C53EA010024F08002039214
:10C4000040F0E780022023E7039B07949C0640F15D
:10C41000CF810D9B099A1B681A60D2175A600D9B39
:10C4200004330D93B2E42278039B6C2A00F0078258
:10C4300043F010030393CEE42D228DF85320069A87
:10C440005B4261EB4101002A03DB039A22F0800288
:10C4500003920A2B71F1000280F03A823033DBB292
:10C460008DF81F31069B0DF21F14012BB8BF01235D
:10C47000049301230B939DF85330002B3FF4FFAE40
:10C4800000230C93049B01330493039B13F00209D4
:10C490003FF4A8AD049B4FF0020902330493A1E5D9
:10C4A0000A9B04981D1A002D7FF7D0AD102D40F384
:10C4B0004583DFF80C82534640461026A046DDF83F
:10C4C00020900446DDF814A004E0103D102D03F187
:10C4D000080315DD01321031072AC3E90046CDE912
:10C4E0001D21F2DD514648461CAAF6F765F90028E1
:10C4F0007FF44EADDDE91D21103D102D1FABE9DCB1
:10C500009A4623464446984601322944072ACDE9F3
:10C510001D21CAF80080CAF8045000F34082069B2F
:10C520000B980AF1080A1D1A002D7FF795AD102D02
:10C53000DFF88C812ADD53461026AA46DDF82090CC
:10C540002546059C06E0AAF1100ABAF1100F03F186
:10C55000080318DD01325A481031072AC3E90006E2
:10C56000CDE91D21EFDD214648461CAAF6F724F946
:10C5700000287FF40DADDDE91D21AAF1100ABAF102
:10C58000100F1FABE6DC2C4655469A460132294473
:10C59000072ACDE91D21CAF80080CAF8045000F32B
:10C5A000E1800AF1080A57E5059908981CAAF6F7F0
:10C5B00003F958B91E990DF17C0A5BE505990898B5
:10C5C0001CAAF6F7F9F800283FF468ADDDF82090D2
:10C5D000DEE40F9848AC03F00F02825C1B0943EACB
:10C5E0000173090904F8012D53EA0102F3D1069AF7
:10C5F00048AB1B1B9A42B8BF1A460B9304923AE70A
:10C60000102D40F37C822F4B50461396A2464FF0DC
:10C6100010081C46089E109304E0103D102D00F1F8
:10C62000080015DD01321031072AC0E90048CDE9C4
:10C630001D21F2DD304605991CAAF6F7BDF8002849
:10C640007FF4A5ACDDE91D21103D102D1FA8E9DC0C
:10C6500054468246139E0132109B2944072ACDE995
:10C660001D21CAF80030CAF8045000F381810AF194
:10C67000080AC3E4059908981CAAF6F79DF8002853
:10C68000A4D1DDE91D210DF17C0ACAE405990898C1
:10C690001CAAF6F791F8002898D1DDE91D210DF1CB
:10C6A0007C0AD0E4102C1D9B40F34582054E1025DA
:10C6B000DDF82090DDF8148010960AE0EC410200CD
:10C6C00028B5020038B50200103C102C0AF1080A07
:10C6D00016DD01331031072BCAE90065CDE91D31A4
:10C6E000F2DD414648461CAAF6F766F800287FF4BA
:10C6F0004FACDDE91D31103C102C0DF17C0AE8DC5B
:10C700000133109A2144072BCAE90024CDE91D31D9
:10C710007FF7B9AC059908981CAAF6F74DF80028E0
:10C720007FF454AF1E99AEE40D9850F8043B0D9081
:10C7300012F010007FF47AAD12F0400400F04C814A
:10C7400001469BB272E50D9A52F8043B0D9214F02B
:10C7500010027FF4FBAD14F0400000F0438111465D
:10C760009BB2F3E5059908981CAAF6F725F800286E
:10C770007FF42CAFDDE91D210DF17C0A6CE4069BF2
:10C7800048AC04930B9376E6069B48AC049372E6A0
:10C79000059DA86DF1F742FFB5F90C306A6EFFF701
:10C7A000CBBA039A950500F18681D9170A46E5E4CC
:10C7B000039BD80600F10181039B590600F17681A5
:10C7C000039B9A0540F1F9800D9B099A1B681A702A
:10C7D00025E60794039CACE5039A079419E5AF4B53
:10C7E00007940F93039B13F0200161D00D9B073337
:10C7F00023F007031846596850F8083B0D90039C36
:10C80000E6070AD553EA010007D08DF8552044F019
:10C810000202039230228DF85420039A22F480629F
:10C820000392E0E59E4B07940F93DBE70D9B2FAC43
:10C830001B688DF8BC30012304930B938AE443F00A
:10C840002003627803930134FFF7C5BA43F4007301
:10C85000627803930134FFF7BEBA082200211AA8B8
:10C860001794F1F7B7FC069B002BC0F2C980002596
:10C87000CDF810A0A8469A46DDF820900FE01AAB3C
:10C8800048462FA9FBF75CF8431C05F1040540441A
:10C8900000F05781504506DC00F05B818046179B15
:10C8A0005A59002AEBD1DDF810A0CDF82C80B5E064
:10C8B0000D9850F8043B0D90039810F010009ED195
:10C8C000039911F0400400F0948001469BB296E772
:10C8D000039A984602F480624FF0000C1346714DA3
:10C8E0000DF5907ECDF810A007E0B8F10A0F71F1B8
:10C8F00000013AD3C8463146A64618EB010242F180
:10C900000002A5FB020626F0030000EB96004FF0A4
:10C91000CC36121AB8EB020006FB00F661F1000AF1
:10C92000A0FB059005FB0A660644052009F0010AF4
:10C93000AAFB000A80184FEA5909303049EAC67943
:10C940000CF1010C0EF1FF340EF8010C7608002BEF
:10C95000CBD00E9A12786245C7D1BCF1FF0FC4D07C
:10C96000B8F10A0F71F1000177D2DDF810A03EE6B0
:10C97000059908981CAAF5F71FFF00287FF426AE3A
:10C98000DDE91D210DF17C0AFFF738BB0392F7E4C6
:10C9900003945EE54846F1F743F9FFF7C4B90599FA
:10C9A00008981CAAF5F708FF00287FF40FAEDDE910
:10C9B0001D210DF17C0AFFF749BB0D9B099A1B68ED
:10C9C0001A602CE5069B384C062B28BF06230D96D3
:10C9D0000B930493FFF700BB12F400711CBF2146B8
:10C9E000DBB223E414F400713FF4B0AC0146DBB2D7
:10C9F000ACE4039911F400711CBF2146DBB2FEE6E2
:10CA00001AAB009300230898194617AAFAF7EAFF11
:10CA1000034601330B9000F0948017940B9B73B383
:10CA2000632B57DC00232FAC0C93082200211AA89B
:10CA3000F1F7D0FB0B9D1AAB009321462B460898CB
:10CA400017AAFAF7CFFF854240F0A28000230B9A85
:10CA5000A35422EAE273049314E00B93129B1199FE
:10CA6000E41A1A462046F6F73FFA0E990B9B4A78CD
:10CA700012B10A4601320E924FF0000C3AE70B9BBE
:10CA800004930C939DF853301BB100230D9606932D
:10CA9000F8E4994606930D96FFF7A4BA0042020007
:10CAA000EC410200CDCCCCCC144202000D9B099A83
:10CAB0001B681A80B3E443F3C0110A465BB2FFF768
:10CAC0005DBB2046F1F708FF20EAE0730C950B9060
:10CAD0000493D7E70898591CF2F72EF9044600286A
:10CAE0002FD00C90A1E7886DF1F7A0FDFFF710BAE9
:10CAF0003023B5E4002304460693FFF76DB9294BB4
:10CB00001093A8E5484605991CAAF5F755FE00289C
:10CB10003FF42EAAFFF742BAD40707D4059B9B899E
:10CB2000980503D4059B986DF1F780FD4FF0FF3316
:10CB30000993FFF73EBA1B4A1092E1E5DFF86880DF
:10CB4000E2E4059AB2F90C3043F040039381FFF719
:10CB500028BA069BDDF810A00B935FE7069B0493B1
:10CB60000B938FE7059A536EDB07DFD493899F05FC
:10CB7000DCD4906DF1F75AFDD8E70D9B627853F83D
:10CB8000041B04460D9341EAE1730693FFF723B9B2
:10CB9000059ADDF82090938943F040039381FFF7D5
:10CBA000F7B900BF38B5020028B502008C4600B5C1
:10CBB00086461346034A714610685DF804EB6246E8
:10CBC000FFF798B894000020F0B54FF48064002679
:10CBD000ADF26C4D1AADCDE905461F4606460095EF
:10CBE000049515468B8916A823F00203ADF80C3086
:10CBF0004B6E02941993CB890C46ADF80E30CB697D
:10CC000007934B6A0993F1F701FD2A463B466946B3
:10CC10003046FFF76FF8051E07DB69463046F0F730
:10CC20007BFE002818BF4FF0FF35BDF80C305B06C7
:10CC300003D5A38943F04003A3811698F1F7EAFCDA
:10CC400028460DF26C4DF0BD2DE9F0471D468F686A
:10CC50000C46AF4216460B6836D8B1F90CC01CF42E
:10CC6000906F0ED13D46184631462A46F6F7BEF87B
:10CC70000020A368DF1B2368A7602B442360BDE866
:10CC8000F0874A69096902EB42025F1A02EBD2722D
:10CC90006B1C52103B44934292BF914699461A46F0
:10CCA0001CF4806F804611D01146F2F745F8824699
:10CCB00000B33A462169F1F799FDA38923F4906303
:10CCC00043F08003A38105E02F46CCE7F8F762FF2D
:10CCD000824658B10AEB0703A9EB0707A760C4F81F
:10CCE00010A02F46C4F814902360BCE74046216989
:10CCF000F1F726FF0C22A3894FF0FF3043F04003E9
:10CD0000C8F80020A381BAE7062008B500F0A2F811
:10CD10000120E3F787FD00BF38B5D0F838410CB1EA
:10CD2000002038BD80210546F2F706F80246C5F816
:10CD3000380130B1031F7C3243F8044F9342FBD1DA
:10CD4000EEE74FF0FF3038BD30B51F29054683B000
:10CD500009D8D0F838310C4653B153F8240043F8C1
:10CD6000242003B030BD162303604FF0FF30F8E7F6
:10CD700080210192F1F7E0FF019A0346C5F83801DE
:10CD80000028F2D0011F00F17C05002041F8040FBB
:10CD9000A942FBD1E1E700BF1F2938B505461FD8DE
:10CDA000D0F838210C466AB152F8213053B1012B2A
:10CDB00006D0591C10D00021204642F82410984774
:10CDC000002038BD284600F0FDF8224601462846DE
:10CDD000BDE8384000F0E2B8162301202B6038BDD2
:10CDE00016234FF0FF302B6038BD00BF1F292DD810
:10CDF00038B5D0F838310C460546A3B153F8242095
:10CE000003EB84034AB1511C0BD0012A07D0002543
:10CE100020461D609047284638BD012038BD0320BC
:10CE200038BD022038BD8021F1F786FF0346C5F8E2
:10CE3000380140B100201A1F03F17C0142F8040FB1
:10CE40008A42FBD1DAE74FF0FF3038BD4FF0FF30B8
:10CE5000704700BF38B5144B1F281D681ED8D5F881
:10CE60003821044662B152F820304BB1012B05D075
:10CE7000591C0FD0002142F820109847002038BDDF
:10CE8000284600F09FF8224601462846BDE8384073
:10CE900000F084B8162301202B6038BD16234FF014
:10CEA000FF302B6038BD00BF94000020124B1F28BC
:10CEB00070B51E6809D8D6F8383104460D464BB116
:10CEC00053F8240043F8245070BD162333604FF00C
:10CED000FF3070BD80213046F1F72EFF0346C6F8C3
:10CEE00038010028F3D00021021F7C3042F8041FD3
:10CEF0008242FBD1E4E700BF9400002038B50C4B20
:10CF00001D68D5F838410CB1002038BD8021284675
:10CF1000F1F712FFC5F8380138B1031F00F17C02A8
:10CF200043F8044F9342FBD1EEE74FF0FF3038BD9A
:10CF30009400002038B5184B1F281D6828D80446D7
:10CF4000D5F83801A0B150F8242000EB84034AB191
:10CF5000511C0BD0012A07D0002520461D609047A8
:10CF6000284638BD012038BD032038BD022038BD19
:10CF700080212846F1F7E0FEC5F8380140B10021D4
:10CF8000031F00F17C0243F8041F9342FBD1DAE750
:10CF90004FF0FF3038BD00BF9400002070B5002670
:10CFA000074D0446084611462E60E3F76CFC431C0F
:10CFB00000D070BD2B68002BFBD0236070BD00BF7C
:10CFC000C0610020E3F74EBC70B54FF0FF0C4CF48D
:10CFD000E06C1CEA11541DBF1CEA135594EA0C0FB7
:10CFE00095EA0C0F00F0DEF82C4481EA030621EAF2
:10CFF0004C5123EA4C5350EA013518BF52EA03352D
:10D0000041F4801143F4801338D0A0FB02CE4FF0DE
:10D010000005E1FB02E506F00042E0FB03E54FF00E
:10D020000006E1FB03569CF0000F18BF4EF0010E06
:10D03000A4F1FF04B6F5007F64F5407404D25FEA02
:10D040004E0E6D4146EB060642EAC62141EA5551B5
:10D050004FEAC52040EA5E504FEACE2EB4F1FD0CF7
:10D0600088BFBCF5E06F1ED8BEF1004F08BF5FEA75
:10D07000500E50F1000041EB045170BD06F0004627
:10D0800046EA010140EA020081EA0301B4EB5C04D4
:10D09000C2BFD4EB0C0541EA045170BD41F48011CC
:10D0A0004FF0000E013C00F3AB8014F1360FDEBFF1
:10D0B000002001F0004170BDC4F10004203C35DACD
:10D0C0000C341BDC04F11404C4F1200500FA05F350
:10D0D00020FA04F001FA05F240EA020001F00042F1
:10D0E00021F0004110EBD37021FA04F642EB060167
:10D0F0005EEA430E08BF20EAD37070BDC4F10C0491
:10D10000C4F1200500FA04F320FA05F001FA04F254
:10D1100040EA020001F0004110EBD37041F1000140
:10D120005EEA430E08BF20EAD37070BDC4F120054B
:10D1300000FA05F24EEA020E20FA04F301FA05F2B3
:10D1400043EA020321FA04F001F0004121FA04F25B
:10D1500020EA020000EBD3705EEA430E08BF20EA2B
:10D16000D37070BD94F0000F0FD101F00046400065
:10D1700041EB010111F4801F08BF013CF7D041EAE7
:10D18000060195F0000F18BF704703F000465200EB
:10D1900043EB030313F4801F08BF013DF7D043EABC
:10D1A0000603704794EA0C0F0CEA135518BF95EA72
:10D1B0000C0F0CD050EA410618BF52EA4306D1D1F9
:10D1C00081EA030101F000414FF0000070BD50EA18
:10D1D000410606BF1046194652EA430619D094EAA2
:10D1E0000C0F02D150EA013613D195EA0C0F05D18C
:10D1F00052EA03361CBF104619460AD181EA0301E0
:10D2000001F0004141F0FE4141F470014FF0000097
:10D2100070BD41F0FE4141F4780170BD81F00041E4
:10D2200002E000BF83F0004330B54FEA41044FEA0B
:10D23000430594EA050F08BF90EA020F1FBF54EAA6
:10D24000000C55EA020C7FEA645C7FEA655C00F042
:10D25000E2804FEA5454D4EB5555B8BF6D420CDD13
:10D260002C4480EA020281EA030382EA000083EA96
:10D27000010180EA020281EA0303362D88BF30BD36
:10D2800011F0004F4FEA01314FF4801C4CEA11318C
:10D2900002D0404261EB410113F0004F4FEA0333EB
:10D2A0004CEA133302D0524263EB430394EA050F76
:10D2B00000F0A780A4F10104D5F1200E0DDB02FAE5
:10D2C0000EFC22FA05F2801841F1000103FA0EF279
:10D2D000801843FA05F359410EE0A5F120050EF13F
:10D2E000200E012A03FA0EFC28BF4CF0020C43FA70
:10D2F00005F3C01851EBE37101F0004507D54FF07D
:10D30000000EDCF1000C7EEB00006EEB0101B1F5CC
:10D31000801F1BD3B1F5001F0CD349085FEA300012
:10D320004FEA3C0C04F101044FEA445212F5800F1D
:10D3300080F09A80BCF1004F08BF5FEA500C50F1BA
:10D34000000041EB045141EA050130BD5FEA4C0C9D
:10D35000404141EB0101013C28BFB1F5801FE9D2FA
:10D3600091F0000F04BF01460020B1FA81F308BF1D
:10D370002033A3F10B03B3F120020CDA0C3208DDE9
:10D3800002F1140CC2F10C0201FA0CF021FA02F1C4
:10D390000CE002F11402D8BFC2F1200C01FA02F134
:10D3A00020FA0CFCDCBF41EA0C019040E41AA2BF59
:10D3B00001EB0451294330BD6FEA04041F3C1CDA21
:10D3C0000C340EDC04F11404C4F1200220FA04F041
:10D3D00001FA02F340EA030021FA04F345EA0301EB
:10D3E00030BDC4F10C04C4F1200220FA02F001FAAD
:10D3F00004F340EA0300294630BD21FA04F029462F
:10D4000030BD94F0000F83F4801306BF81F48011C7
:10D410000134013D4EE77FEA645C18BF7FEA655C3A
:10D4200029D094EA050F08BF90EA020F05D054EA0C
:10D43000000C04BF1946104630BD91EA030F1EBF11
:10D440000021002030BD5FEA545C05D14000494115
:10D4500028BF41F0004130BD14F580043CBF01F508
:10D46000801130BD01F0004545F0FE4141F47001EE
:10D470004FF0000030BD7FEA645C1ABF19461046C9
:10D480007FEA655C1CBF0B46024650EA013406BFCA
:10D4900052EA033591EA030F41F4002130BD00BF89
:10D4A00090F0000F04BF0021704730B54FF4806446
:10D4B00004F132044FF000054FF0000150E700BFC7
:10D4C00090F0000F04BF0021704730B54FF4806426
:10D4D00004F1320410F0004548BF40424FF0000113
:10D4E0003EE700BF42004FEAE2014FEA31014FEA56
:10D4F00002701FBF12F07F4393F07F4F81F06051A5
:10D50000704732F07F4208BF704793F07F4F04BFEF
:10D5100041F40021704730B54FF4607401F00045CC
:10D5200021F000411CE700BF50EA010208BF70472C
:10D5300030B54FF000050AE050EA010208BF70471D
:10D5400030B511F0004502D5404261EB41014FF486
:10D55000806404F132045FEA915C3FF4D8AE4FF08E
:10D5600003025FEADC0C18BF03325FEADC0C18BF71
:10D57000033202EBDC02C2F1200300FA03FC20FAC2
:10D5800002F001FA03FE40EA0E0021FA02F114440F
:10D59000BDE600BF70B54FF0FF0C4CF4E06C1CEA28
:10D5A00011541DBF1CEA135594EA0C0F95EA0C0F99
:10D5B00000F0DEF82C4481EA030621EA4C5123EA0C
:10D5C0004C5350EA013518BF52EA033541F480113B
:10D5D00043F4801338D0A0FB02CE4FF00005E1FBEE
:10D5E00002E506F00042E0FB03E54FF00006E1FB38
:10D5F00003569CF0000F18BF4EF0010EA4F1FF047B
:10D60000B6F5007F64F5407404D25FEA4E0E6D41BA
:10D6100046EB060642EAC62141EA55514FEAC520CB
:10D6200040EA5E504FEACE2EB4F1FD0C88BFBCF547
:10D63000E06F1ED8BEF1004F08BF5FEA500E50F1F8
:10D64000000041EB045170BD06F0004646EA0101BE
:10D6500040EA020081EA0301B4EB5C04C2BFD4EBF0
:10D660000C0541EA045170BD41F480114FF0000EE9
:10D67000013C00F3AB8014F1360FDEBF002001F057
:10D68000004170BDC4F10004203C35DA0C341BDCD1
:10D6900004F11404C4F1200500FA05F320FA04F0A3
:10D6A00001FA05F240EA020001F0004221F00041D7
:10D6B00010EBD37021FA04F642EB06015EEA430E4A
:10D6C00008BF20EAD37070BDC4F10C04C4F120057A
:10D6D00000FA04F320FA05F001FA04F240EA02002D
:10D6E00001F0004110EBD37041F100015EEA430EFE
:10D6F00008BF20EAD37070BDC4F1200500FA05F21E
:10D700004EEA020E20FA04F301FA05F243EA02039C
:10D7100021FA04F001F0004121FA04F220EA0200AB
:10D7200000EBD3705EEA430E08BF20EAD37070BDF1
:10D7300094F0000F0FD101F00046400041EB0101D1
:10D7400011F4801F08BF013CF7D041EA060195F0B3
:10D75000000F18BF704703F00046520043EB03036D
:10D7600013F4801F08BF013DF7D043EA060370475A
:10D7700094EA0C0F0CEA135518BF95EA0C0F0CD065
:10D7800050EA410618BF52EA4306D1D181EA0301AB
:10D7900001F000414FF0000070BD50EA410606BFA5
:10D7A0001046194652EA430619D094EA0C0F02D1EA
:10D7B00050EA013613D195EA0C0F05D152EA03362F
:10D7C0001CBF104619460AD181EA030101F000414D
:10D7D00041F0FE4141F470014FF0000070BD41F096
:10D7E000FE4141F4780170BD70B54FF0FF0C4CF470
:10D7F000E06C1CEA11541DBF1CEA135594EA0C0F8F
:10D8000095EA0C0F00F0A7F8A4EB050481EA030EDB
:10D8100052EA03354FEA013100F088804FEA0333C2
:10D820004FF0805545EA131343EA12634FEA022290
:10D8300045EA111545EA10654FEA00260EF0004151
:10D840009D4208BF964244F1FD0404F5407402D2A3
:10D850005B084FEA3202B61A65EB03055B084FEA34
:10D8600032024FF480104FF4002CB6EB020E75EB31
:10D87000030E22BFB61A754640EA0C005B084FEA59
:10D880003202B6EB020E75EB030E22BFB61A7546D6
:10D8900040EA5C005B084FEA3202B6EB020E75EB21
:10D8A000030E22BFB61A754640EA9C005B084FEA99
:10D8B0003202B6EB020E75EB030E22BFB61A7546A6
:10D8C00040EADC0055EA060E18D04FEA051545EA95
:10D8D00016754FEA06164FEAC30343EA52734FEA3E
:10D8E000C2025FEA1C1CC0D111F4801F0BD141EAB7
:10D8F00000014FF000004FF0004CB6E711F4801F1C
:10D9000004BF01430020B4F1FD0C88BFBCF5E06FFB
:10D910003FF6AFAEB5EB030C04BFB6EB020C5FEA0B
:10D92000500C50F1000041EB045170BD0EF0004E60
:10D930004EEA113114EB5C04C2BFD4EB0C0541EA92
:10D94000045170BD41F480114FF0000E013C90E68F
:10D9500045EA060E8DE60CEA135594EA0C0F08BF53
:10D9600095EA0C0F3FF43BAF94EA0C0F0AD150EA52
:10D9700001347FF434AF95EA0C0F7FF425AF1046E5
:10D9800019462CE795EA0C0F06D152EA03353FF40D
:10D99000FDAE1046194622E750EA410618BF52EA8A
:10D9A00043067FF4C5AE50EA41047FF40DAF52EA5E
:10D9B00043057FF4EBAE12E74FF0FF3C06E000BFFB
:10D9C0004FF0010C02E000BF4FF0010C4DF804CD08
:10D9D0004FEA410C7FEA6C5C4FEA430C18BF7FEAC8
:10D9E0006C5C1BD001B050EA410C0CBF52EA430CF6
:10D9F00091EA030F02BF90EA020F0020704710F176
:10DA0000000F91EA030F58BF994208BF90422CBF04
:10DA1000D8176FEAE37040F0010070474FEA410CFD
:10DA20007FEA6C5C02D150EA013C07D14FEA430C1B
:10DA30007FEA6C5CD6D152EA033CD3D05DF8040B8C
:10DA4000704700BF8446104662468C4619466346BE
:10DA500000E000BF01B5FFF7B7FF002848BF10F195
:10DA6000000F01BD4DF808EDFFF7F4FF0CBF0120DA
:10DA700000205DF808FB00BF4DF808EDFFF7EAFF56
:10DA800034BF012000205DF808FB00BF4DF808ED11
:10DA9000FFF7E0FF94BF012000205DF808FB00BF06
:10DAA0004DF808EDFFF7CEFF94BF012000205DF890
:10DAB00008FB00BF4DF808EDFFF7C4FF34BF01209D
:10DAC00000205DF808FB00BF4FEA410C7FEA6C5C68
:10DAD00002D150EA013C0AD14FEA430C7FEA6C5C68
:10DAE00002D152EA033C02D14FF0000070474FF0E0
:10DAF000010070474FEA410212F5001215D211D50C
:10DB00006FF47873B3EB625212D94FEAC12343F03A
:10DB1000004343EA505311F0004F23FA02F018BFBC
:10DB2000404270474FF00000704750EA013005D185
:10DB300011F0004008BF6FF0004070474FF0000048
:10DB4000704700BF4A0011D212F5001211D20DD554
:10DB50006FF47873B3EB62520ED44FEAC12343F0F3
:10DB6000004343EA505323FA02F070474FF000009D
:10DB7000704750EA013002D14FF0FF3070474FF04C
:10DB8000000070474FEA4102B2F1E04324BFB3F511
:10DB9000001CDCF1FE5C0DD901F0004C4FEAC00224
:10DBA0004CEA5070B2F1004F40EB830008BF20F008
:10DBB0000100704711F0804F21D113F13872BCBFC2
:10DBC00001F00040704741F480114FEA5252C2F117
:10DBD0001802C2F1200C10FA0CF320FA02F018BF60
:10DBE00040F001004FEAC1234FEAD32303FA0CFCB3
:10DBF00040EA0C0023FA02F34FEA4303CCE77FEA42
:10DC0000625307D150EA01331EBF4FF0FE4040F48B
:10DC10004000704701F0004040F0FE4040F400003A
:10DC2000704700BF4FF0FF3C06E000BF4FF0010C13
:10DC300002E000BF4FF0010C4DF804CD4FEA400266
:10DC40004FEA41037FEA226C18BF7FEA236C11D0B0
:10DC500001B052EA530C18BF90EA010F58BFB2EB63
:10DC6000030088BFC81738BF6FEAE17018BF40F0E3
:10DC7000010070477FEA226C02D15FEA402C05D197
:10DC80007FEA236CE4D15FEA412CE1D05DF8040B1C
:10DC9000704700BF844608466146FFE70FB5FFF7AF
:10DCA000C9FF002848BF10F1000F0FBD4DF808ED67
:10DCB000FFF7F4FF0CBF012000205DF808FB00BF58
:10DCC0004DF808EDFFF7EAFF34BF012000205DF8B2
:10DCD00008FB00BF4DF808EDFFF7E0FF94BF0120FF
:10DCE00000205DF808FB00BF4DF808EDFFF7D2FFFC
:10DCF00094BF012000205DF808FB00BF4DF808ED3F
:10DD0000FFF7C8FF34BF012000205DF808FB00BF0B
:10DD10004FEA40024FEA41037FEA226C02D15FEAF8
:10DD2000402C08D17FEA236C02D15FEA412C02D15A
:10DD30004FF0000070474FF00100704753B94AB9E7
:10DD4000002908BF00281CBF4FF0FF314FF0FF3003
:10DD500000F09CB9ADF1080C6DE904CE00F03CF880
:10DD6000DDF804E0DDE9022304B0704738B5002295
:10DD7000002304460D46FFF77FFE28B920462946BA
:10DD8000BDE8384000F00AB8204605F1004100F037
:10DD900005F8404261EB410138BD00BFD0B500221B
:10DDA0000B4B06460F46FFF7F5FBFFF7CBFE04468D
:10DDB000FFF776FB0022074BFFF7ECFB02460B4612
:10DDC00030463946FFF72EFAFFF7BCFE2146D0BD9C
:10DDD0000000F03D0000F0412DE9F047089D0E469F
:10DDE00004468E46002B4CD18A429446B2FA82F306
:10DDF00062D953B102FA03FCC3F1200201FA03FE17
:10DE000020FA02F242EA0E0E9C404FEA1C47BEFB8B
:10DE1000F7F11FFA8CF607FB11EE01FB06F0220C5E
:10DE200042EA0E4290420AD91CEB020201F1FF3E87
:10DE300080F00E81904240F20B8102396244121A46
:10DE4000B2FBF7F007FB102200FB06F6A4B244EA8F
:10DE50000244A6420AD91CEB040400F1FF3280F010
:10DE6000F980A64240F2F6806444023840EA01405C
:10DE70000021A41B1DB1DC400023C5E90043BDE81F
:10DE8000F0878B4205D90DB1C5E900010021084694
:10DE9000F5E7B3FA83F1002942D1B34202D38242BB
:10DEA00000F2EE80841A66EB030201209646002DF4
:10DEB000E5D0C5E9004EE2E7002B40F08C80881ADF
:10DEC0000121170C96B2B0FBF7FE07FB1E00220CD7
:10DED00042EA004206FB0EF0904208D91CEB020217
:10DEE0000EF1FF3802D2904200F2CC80C646121AE0
:10DEF000B2FBF7F007FB102200FB06F6A4B244EADF
:10DF00000244A64208D91CEB040400F1FF3202D2FD
:10DF1000A64200F2B2801046A41B40EA0E40A9E7D8
:10DF2000C1F120078B4022FA07FC4CEA030C26FAC9
:10DF300007FA4FEA1C48BAFBF8FE06FA01F308FBA1
:10DF40001EAA1FFA8CF620FA07F400FA01F90EFB5C
:10DF500006F023431C0C44EA0A44A04202FA01F2F0
:10DF60000BD91CEB04040EF1FF3A80F08480A04230
:10DF700040F28180AEF1020E6444241A98B2B4FBE0
:10DF8000F8F308FB134403FB06F640EA0444A642F8
:10DF900008D91CEB040403F1FF3068D2A64266D90D
:10DFA000023B644443EA0E40A41BA0FB02E6B442D9
:10DFB0007346B04652D34FD05DB1B9EB030264EB68
:10DFC000080404FA07F722FA01F31F43CC40C5E91D
:10DFD0000074002153E702FA03FCC3F12000C140A2
:10DFE0004FEA1C47B1FBF7FE07FB1E1124FA00F0B5
:10DFF0009E403043020C1FFA8CF642EA01420EFBAF
:10E0000006F1914204FA03F409D91CEB02020EF165
:10E01000FF382ED291422CD9AEF1020E6244521A30
:10E02000B2FBF7F107FB112280B240EA024001FB8C
:10E0300006F2824208D91CEB000001F1FF3814D22D
:10E04000824212D902396044801A41EA0E413AE70D
:10E050007146F4E6104609E7F145ADD2BEEB020386
:10E0600066EB0C060138B046A6E74146ECE70346EE
:10E0700098E7C646D3E7D6467FE7644402384BE7C5
:10E08000084614E7AEF1020E624430E7704700BF65
:10E0900030B5224A21F00043934287B01BD9204A71
:10E0A000934205D902460B46FFF7BCF807B030BDD6
:10E0B00002AA00F019FA00F0030001281FD002287C
:10E0C00011D018BBDDE90423DDE90201012400942D
:10E0D00000F052F9EAE7002400220023009400F047
:10E0E0004BF907B030BD0124DDE90423DDE902016D
:10E0F000009400F041F901F1004107B030BDDDE9C5
:10E100000423DDE9020100F00FF8CFE7DDE9042385
:10E11000DDE9020100F008F8EDE700BFFB21E93F6F
:10E12000FFFFEF7F000000002DE9F04F21F00048D5
:10E13000B8F1795F06460F4692469B4685B06DD290
:10E14000FFF7D8FC002800F0ED8032463B46304611
:10E150003946FFF71FFA76A3D3E9002304460D469C
:10E16000FFF718FA74A3D3E90023FFF75DF82246FE
:10E170002B46FFF70FFA72A3D3E90023FFF752F8FB
:10E1800022462B46FFF706FA6FA3D3E90023FFF7D9
:10E190004BF822462B46FFF7FDF96DA3D3E9002388
:10E1A000FFF740F822462B46FFF7F4F96AA3D3E9BC
:10E1B0000023FFF739F822462B46FFF7EBF9CDE9AC
:10E1C0000001002220462946654BFFF7E3F9DDE90F
:10E1D00000238046894620462946FFF7DBF944465E
:10E1E0004D468046894652465B4630463946FFF7E3
:10E1F000D1F902460B4640464946FFF713F802465E
:10E200000B4620462946FFF70DF802460B46002034
:10E210005449FFF707F805B0BDE8F08F02460B46FA
:10E22000FFF7B8F942A3D3E9002304460D46FFF7F0
:10E23000B1F941A3D3E90023FEF7F6FF22462B46AE
:10E24000FFF7A8F93EA3D3E90023FEF7EBFF224630
:10E250002B46FFF79FF93CA3D3E90023FEF7E4FF29
:10E2600022462B46FFF796F939A3D3E90023FEF7A0
:10E27000D9FF22462B46FFF78DF937A3D3E90023B8
:10E28000FEF7D2FF2B462246FFF784F9364BCDE945
:10E290000001984595D9354B002298453AD8A8F504
:10E2A000001300202F4990469946FEF7BBFFCDE9A9
:10E2B0000201002220462946294BFFF76BF942460E
:10E2C0004B46FEF7AFFFDDE9002380468946204636
:10E2D0002946FFF75FF944464D4680468946524637
:10E2E0005B4630463946FFF755F902460B46404635
:10E2F0004946FEF797FF02460B4620462946FEF7A1
:10E3000091FF02460B46DDE90201FEF78BFF05B0E7
:10E31000BDE8F08F164B4FF00008CDE90223DFF87F
:10E320005490C6E700200F4905B0BDE8F08F00BF4C
:10E33000D43888BEE9FAA8BDC4B1B4BD9EEE213E72
:10E34000AD529C804F7E923E9015CB19A001FA3EB3
:10E350007751C1166CC1563F4C5555555555A53F83
:10E360000000E03F0000F03F3233D33F0000E93FC0
:10E370000000E73F0000D23F2DE9F04F83B0CDE928
:10E38000002321F00043B3F1795F04460D4604D227
:10E39000FFF7B0FB002800F0858022462B46204680
:10E3A0002946FFF7F7F806460F4632463B46204619
:10E3B0002946FFF7EFF83EA3D3E9002382468B46B8
:10E3C00030463946FFF7E6F83BA3D3E90023FEF7D2
:10E3D00029FF32463B46FFF7DDF839A3D3E9002396
:10E3E000FEF722FF32463B46FFF7D4F836A3D3E9C7
:10E3F0000023FEF717FF32463B46FFF7CBF834A366
:10E40000D3E90023FEF710FF0C9B804689469BB39F
:10E41000DDE900010022324BFFF7BCF842464B46D3
:10E420008046894650465946FFF7B4F802460B46E7
:10E4300040464946FEF7F6FE32463B46FFF7AAF84D
:10E44000DDE90023FEF7EEFE23A3D3E90023064611
:10E450000F4650465946FFF79DF802460B46304698
:10E460003946FEF7E1FE02460B4620462946FEF7F6
:10E47000D9FE03B0BDE8F08F02460B463046394660
:10E48000FFF788F814A3D3E90023FEF7CBFE52462A
:10E490005B46FFF77FF822462B46FEF7C5FE03B02A
:10E4A000BDE8F08F2046294603B0BDE8F08F00BFDD
:10E4B0007CD5CF5A3AD9E53DEB9C2B8AE6E55A3E0E
:10E4C0007DFEB157E31DC73ED561C119A0012A3FAA
:10E4D000A6F810111111813F495555555555C53FA5
:10E4E0000000E03F000000002DE9F04F844B21F0D8
:10E4F00000459D428046894614468FB040F28A808E
:10E50000804B0E469D4228D873A3D3E900230029EF
:10E5100040F39D81FEF786FE7B4B06469D420F46EB
:10E5200000F089806EA3D3E90023FEF77BFE02464C
:10E530000B463046394616461F46FEF773FE68A363
:10E54000D3E90023FEF76EFEC4E900670127C4E9A2
:10E55000020138460FB0BDE8F08F6C4B9D4240F28F
:10E5600084806B4B9D425DD82F15A7F21647A5EB13
:10E5700007518946FFF7BEFAFEF7A2FF02460B4697
:10E5800040464946CDE90823FEF74CFE0022614B88
:10E59000FFF700F889468046FFF7ACFAFEF790FFD8
:10E5A00002460B4640464946CDE90A23FEF73AFEAD
:10E5B0000022584BFEF7EEFF03254FF000084FF006
:10E5C0000009CDE90C010DF1380A42467AE9020151
:10E5D0004B46AB46013DFFF745FA0028F5D1022531
:10E5E0004D493A4601915B46214608A8009500F046
:10E5F00085F9002E0746ACDA60682268E16800F110
:10E600000043C4E90023A26801F10043C4E90223E6
:10E610007F429EE700220023C4E90089C4E9022367
:10E62000002796E702460B46FEF7FCFDC4E902010F
:10E63000C4E90001F4E72CA3D3E90023FEF7F2FDBF
:10E640002BA3D3E9002380468946FEF7EBFD06465F
:10E650000F4632463B4640464946FEF7E3FD24A3BB
:10E66000D3E90023FEF7DEFD6EE700F043F922A3B5
:10E67000D3E9002380468946FEF78CFF0022274B12
:10E68000FEF7D2FDFFF736FA0746FEF719FF0246FE
:10E690000B46CDE9042310A3D3E90023FEF77AFF4C
:10E6A00002460B4640464946FEF7BCFD0CA3D3E9A3
:10E6B000002382468B46DDE90401FEF76BFF1F2F26
:10E6C000CDE902012EDC164B7A1E53F82230AB4204
:10E6D00028D002460B4699E000004054FB21F93F48
:10E6E0003163621A61B4D03D0000601A61B4D03D5C
:10E6F0007370032E8A19A33B83C8C96D305FE43F52
:10E70000FB21E93F7BD90240FB21F93FFB21394145
:10E71000FFFFEF7F00007041C8B502000000E03F3E
:10E7200048B50200DDE9022350465946FEF77AFD5E
:10E730002B150793C1F30A53C3EB1553102B8046D7
:10E74000894669DD60A3D3E90023DDE90401FEF712
:10E7500021FF8046894642464B4650465946FEF7C1
:10E7600061FD02460B465046594692469B46FEF7CF
:10E7700059FD42464B46FEF755FD55A3D3E900230C
:10E7800080468946DDE90401FEF704FF42464B4618
:10E79000FEF748FD02460B4650465946CDE9022396
:10E7A000FEF740FD079AC1F30A53D31A312B804676
:10E7B000894631DD48A3D3E90023DDE90401FEF7F2
:10E7C000E9FE8046894642464B4650465946FEF78A
:10E7D00029FD02460B465046594692469B46FEF797
:10E7E00021FD42464B46FEF71DFD3DA3D3E9002324
:10E7F00080468946DDE90401FEF7CCFE42464B46E1
:10E80000FEF710FD02460B46CDE90223504659465D
:10E81000FEF708FD8046894642464B46504659461B
:10E82000C4E90089FEF7FEFCDDE90223FEF7FAFCED
:10E83000002EC4E90201BFF68CAE09F10042C4E922
:10E84000008201F10042C4E902027F4281E6FEF744
:10E85000EBFC274B06469D420F4618D022A3D3E976
:10E860000023FEF7E1FC02460B46304639461646C9
:10E870001F46FEF7D7FC1CA3D3E90023FEF7D4FC08
:10E88000C4E90067C4E902014FF0FF3761E60EA357
:10E89000D3E90023FEF7C8FC0DA3D3E9002380468B
:10E8A0008946FEF7C1FC06460F4632463B464046C7
:10E8B0004946FEF7B7FC06A3D3E90023FEF7B4FCF4
:10E8C000DEE700BFAFF300800000601A61B4D03D06
:10E8D0007370032E8A19A33B0000002E8A19A33BF4
:10E8E000C14920259A837B393163621A61B4D03DD6
:10E8F000FB21F93F21F00043194670472DE9F04F05
:10E90000ADF51B7DBD4CA49D9C4654F82540013BB4
:10E9100012F1140F814605940C910393C0F2A88262
:10E92000B749D31E81FB0301DB17C3EBA103079398
:10E930000133A3EB8303DB00D318079A0D930CF18B
:10E94000FF33D61A059A12EB03081CD408F101080C
:10E9500000240025E346DDF894A2B04422AF08E08D
:10E960005AF82600FEF7ACFD01364645E7E80201FD
:10E9700008D0002EF4DA2046294601364645E7E85D
:10E980000201F6D1DC46059B002BA9F10803049394
:10E99000B8BF4FEACC0637DBDDF80C9003EBCC08B0
:10E9A0004B460DF5E47BD9469B4622AA02EBCC0AE6
:10E9B000059A4FEACC0662440192CDF808C006964B
:10E9C000039B002BC0F29A81574600240025049E29
:10E9D00077E90223F6E90201FEF7DCFD02460B4669
:10E9E00020462946FEF720FC464504460D46EFD159
:10E9F000019B0BF1010B9B45E9E802450AF1080A6E
:10EA0000DED1DDF808C0069E059A049B934603EB11
:10EA1000060A0EAB03EB8203043B08930EAB03EB39
:10EA20008206CDE909A60D9FCDF82CC09AAB4FEA1E
:10EA3000CB0203EBCB03BBF1000F019253E9284556
:10EA40002BDD0DF5E47A0DF138090AEB0208029787
:10EA500000226C4B20462946FEF79CFDFFF74AF842
:10EA6000FEF72EFD0022684B06460F46FEF792FD8C
:10EA700002460B4620462946FEF7D4FBFFF73AF83C
:10EA800078E9022349F8040B39463046FEF7CCFBFF
:10EA9000D04504460D46DBD1029F204629463A4622
:10EAA00000F03EFB00224FF07F5304460D46FEF778
:10EAB00071FD00F0B5FB0022544BFEF76BFD0246E2
:10EAC0000B4620462946FEF7ADFB0D460446FFF7F0
:10EAD00011F80646FEF7F4FC02460B46204629468E
:10EAE000FEF7A0FB002F8046894640F391800BF192
:10EAF000FF300EAB53F82030C7F1180243FA02F191
:10EB000001FA02F29B1A0EAA42F82030C7F117024E
:10EB100043FA02F5002D0E4400F3D88000220023B2
:10EB200040464946FEF79EFF002800F05282059BB2
:10EB30009B450DDD00220EAB0A9803EB8B0353F8C7
:10EB4000041D834242EA0102F9D1002A40F0D98033
:10EB5000059B0EAA013B52F82330002B40F0CA80DF
:10EB60000123089A52F8041D01330029FAD05B44AE
:10EB70000BF1010807990B9A08EB010A0AF1804A88
:10EB8000A5990AF1FF3A5A44019E01EB8A0A22A98B
:10EB900001EBC209DDF824B072AA1644029306976D
:10EBA000CDF804A0019B53F8040F0193FEF788FCF5
:10EBB000039BE9E80201002B1DDBCA460024002567
:10EBC000049F7AE90223F7E90201FEF7E3FC02461B
:10EBD0000B4620462946FEF727FB5F4504460D46B7
:10EBE000EFD1029B08F101084345E6E90245D9DA75
:10EBF0009B46069F1AE700240025F2E710B70200A3
:10EC0000ABAAAA2A0000703E00007041000020401C
:10EC100053D10BF1FF330EAA52F82350ED15002DFE
:10EC20007FF77CAFBBF1000F06F1010640F3418294
:10EC300000220EAB53F8044B002C3AD0C4F1807480
:10EC40006FF07F4043F8044C03E01968411A43F821
:10EC5000041B01329345F8DC0124002F0DDD012F48
:10EC60003DD0022F09D10BF1FF320EAB53F8223009
:10EC70000EA9C3F3150341F82230022D7FF44EAFE5
:10EC800042464B4600208F49FEF7CCFA8046894623
:10EC9000002C3FF443AF3A4600208A4900F040FA86
:10ECA00002460B4640464946FEF7BCFA8046894676
:10ECB00034E701329345BDDCCFE70022824BFEF7FB
:10ECC000EFFE002840F0C280054627E7BBF1000FA9
:10ECD000D8BF002406F10106AADC012FC1D10BF137
:10ECE000FF320EAB53F822300EA9C3F3160341F8DE
:10ECF0002230C2E70BF1010843463BE70024002520
:10ED000076E60D9B0BF1FF34A3F118020EAB53F81E
:10ED10002430069604950D9263B90BF18043013BB4
:10ED20000EA901EB830353F8041D013C183A002996
:10ED3000F9D00D9200200D9A624900F0F1F9002CF3
:10ED400006460F46C0F2C18104F1010A4FEACA0229
:10ED50004FF0000893460EAB03EB8A05DFF86C9189
:10ED600072AB03EBCA0A55F8040DFEF7A9FB324655
:10ED70003B46FEF70FFC4B466AE90201424630462D
:10ED80003946FEF707FC0EAB9D4206460F46EAD118
:10ED90005A464FF00009ABF108034AA972A800EBEC
:10EDA000030AA3460B46CDE907425246CA46DDF8A0
:10EDB00014900391B9F1000FC0F2818090460026B3
:10EDC00000240025CDE90132414F01E0564510DC19
:10EDD000F7E90223F8E80201FEF7DCFB02460B46E6
:10EDE00020462946FEF720FA0136B14504460D4675
:10EDF000ECDADDE901320BF1FF3BBBF1FF3FE3E869
:10EE000002450AF1010AA2F10802D3D1DDE9074265
:10EE1000A49B022B5EDC002B2FDC10D100200021F4
:10EE2000039DAC1874E90223FEF7FEF9AC42F9D158
:10EE3000049B002B40F039810C9BC3E90001069B29
:10EE400003F007000DF51B7DBDE8F08FBBF1000F4F
:10EE5000C8BF022506F101063FF7EAAE42464B461F
:10EE600000201849FEF7DEF902258046894655E65E
:10EE700000216FF0170307915EE5039B0026002732
:10EE800098469D18304675E902233946FEF7CCF9BD
:10EE9000454506460F46F5D10B460246DDE94A01D7
:10EEA000FEF7C0F9049B002B00F0E2800C9D07F1F7
:10EEB0000042C5E90062002C40F0DE80E8E000245A
:10EEC000002598E70000F03F0000E03F0000703EA2
:10EED000C8B60200A49B032BB1D1002C00F0058121
:10EEE000039B4FEAC40803EBC405A946D5E90067B4
:10EEF00001950294059559E9024530463946224666
:10EF00002B46FEF791F9B246BB4606460F463246FF
:10EF10003B4620462946FEF785F95B465246FEF7FA
:10EF200083F9C9E9000169E90267039B9945E2D1C8
:10EF3000029C059D012C00F0D880D5E90045039B7B
:10EF4000DDF8049003F1080BCDF80480D84659E9A8
:10EF500002672046294632463B46FEF765F9A2463F
:10EF6000AB4604460D4622462B4630463946FEF750
:10EF700059F952465B46FEF757F9C9E9000169E9BC
:10EF80000245C845E3D100200021DDF80480039B41
:10EF900008F108041C4403F1100574E90223FEF78C
:10EFA00043F9A542F9D1DDE94A56039BD3E902783A
:10EFB000049B002B46D10C9BC3E90401C3E9005616
:10EFC000C3E90278069B03F007000DF51B7DBDE841
:10EFD000F08F06960D9E404649467242049500F019
:10EFE0009FF800224B4B5F4680468946FEF758FD4E
:10EFF000F8B10022484B40464946FEF7CBFAFEF7EF
:10F0000079FD0546FEF75CFA0022424BFEF7C2FA94
:10F010000B46024649464046FEF704F9FEF76AFDF4
:10F020007C1C0EAB183643F82B000D9643F8245089
:10F0300080E640464946FEF75DFD0EAB5C4643F870
:10F040002B0077E60C9B2C4606F100455D601D46C3
:10F050001C6008F10043C5E90273069B01F1004200
:10F06000C5E9040203F007000DF51B7DBDE8F08F34
:10F070000C9BC3E9006774B10125DDF80C800135F4
:10F08000F8E90223FEF7D0F8AC42F8DA049B13B19A
:10F0900001F1004319460C9BC3E90201069B03F0F2
:10F0A00007000DF51B7DBDE8F08F01F10043194607
:10F0B000C2E6022D7FF432AD02460B46002017490E
:10F0C000FEF7B0F88046894628E5A49B022B06DCB3
:10F0D000002B0DDC7FF4B3AE00200021A8E6A49B3A
:10F0E000032B7FF4ACAE4AAB0393002000215AE718
:10F0F000049BDDE94A0133B100224FF000430C9C30
:10F10000C4E90023C4E7002200230C9CC4E90023C7
:10F11000C1E700BF000070410000703E0000F03FFA
:10F120002DE9F0411646C1F30A52074688460B46C0
:10F130006ABB21F00043034327D0334B0022FEF784
:10F1400029FA324B07469E4288463CDB0B46C1F308
:10F150000A52363A4CF250318E4221DC164440F2CB
:10F16000FE7296421CDC002E26DC16F1350F31DBD8
:10F1700023F0FF4121F4E001363641EA0655002232
:10F1800038462946224BFEF705FABDE8F08140F2E9
:10F19000FF7C6245DED10246FEF746F8BDE8F0810D
:10F1A000454615A3D3E9002363F31E0529461948F4
:10F1B000FEF7F0F9BDE8F0816FF31E53384643EADD
:10F1C0000651BDE8F0810EA3D3E90023FEF7E2F972
:10F1D000BDE8F08108F0004444F0D27141F4B73149
:10F1E00007A3D3E900230C4841F01F01FEF7D2F931
:10F1F000CBE700BFAFF300809C7500883CE4377E0E
:10F2000059F3F8C21F6EA50100005043B03CFFFF48
:10F210000000903C9C75008859F3F8C20000000083
:10F22000C1F30A5C2DE9F041ACF2FF35132D024623
:10F230000B460C46064632DC002D20DBDFF8E08072
:10F240000F4648FA05F801EA080C5CEA000C2BD0DE
:10F2500031A3D3E90023FDF7E7FF00220023FEF7E7
:10F2600029FC40B1002C03DA4FF480132B411F44DA
:10F27000002627EA080421463046BDE8F08126A38F
:10F28000D3E90023FDF7D0FF00220023FEF712FC94
:10F290000028F0D0002C27DB00263446EBE7332D86
:10F2A00006DDB5F5806F1CD010461946BDE8F0812B
:10F2B0004FF0FF37ACF2134C27FA0CF70742F3D0AC
:10F2C00015A3D3E90023FDF7AFFF00220023FEF7CB
:10F2D000F1FB0028CFD0002C33460CDB23EA0706D5
:10F2E000C9E7FDF7A1FFE1E724F0004426430DD173
:10F2F0004FF00044BFE7142D06D00122C5F13405BC
:10F30000AA401344B342E9D20134E7E70026054C92
:10F31000B1E700BFAFF300809C7500883CE4377E06
:10F32000FFFF0F000000F0BF3E410C41114127419B
:10F3300036410341064115410F410E41264113411B
:10F340002941024119410A410B410000000100011D
:10F35000020203034865617020616E64207374616A
:10F36000636B20636F6C6C6973696F6E0A000000D9
:10F370004F7574206F662068656170206D656D6FD4
:10F3800072790A0000000000B71DC1046E3B8209BB
:10F39000D926430DDC7604136B6BC517B24D861A64
:10F3A0000550471EB8ED08260FF0C922D6D68A2F81
:10F3B00061CB4B2B649B0C35D386CD310AA08E3CA0
:10F3C000BDBD4F3870DB114CC7C6D0481EE0934519
:10F3D000A9FD5241ACAD155F1BB0D45BC2969756E8
:10F3E000758B5652C836196A7F2BD86EA60D9B6353
:10F3F00011105A6714401D79A35DDC7D7A7B9F70E4
:10F40000CD665E74E0B6239857ABE29C8E8DA191D9
:10F41000399060953CC0278B8BDDE68F52FBA5822F
:10F42000E5E66486585B2BBEEF46EABA3660A9B7BC
:10F43000817D68B3842D2FAD3330EEA9EA16ADA4DB
:10F440005D0B6CA0906D32D42770F3D0FE56B0DD0A
:10F45000494B71D94C1B36C7FB06F7C32220B4CEEB
:10F46000953D75CA28803AF29F9DFBF646BBB8FBD6
:10F47000F1A679FFF4F63EE143EBFFE59ACDBCE857
:10F480002DD07DEC77708634C06D4730194B043D2C
:10F49000AE56C539AB0682271C1B4323C53D002E43
:10F4A0007220C12ACF9D8E1278804F16A1A60C1B08
:10F4B00016BBCD1F13EB8A01A4F64B057DD00808BF
:10F4C000CACDC90C07AB9778B0B6567C6990157158
:10F4D000DE8DD475DBDD936B6CC0526FB5E61162C7
:10F4E00002FBD066BF469F5E085B5E5AD17D1D570A
:10F4F0006660DC5363309B4DD42D5A490D0B194483
:10F50000BA16D84097C6A5AC20DB64A8F9FD27A59C
:10F510004EE0E6A14BB0A1BFFCAD60BB258B23B68E
:10F520009296E2B22F2BAD8A98366C8E41102F83C3
:10F53000F60DEE87F35DA9994440689D9D662B907A
:10F540002A7BEA94E71DB4E0500075E4892636E989
:10F550003E3BF7ED3B6BB0F38C7671F7555032FACA
:10F56000E24DF3FE5FF0BCC6E8ED7DC231CB3ECF8D
:10F5700086D6FFCB8386B8D5349B79D1EDBD3ADCF6
:10F580005AA0FBD8EEE00C6959FDCD6D80DB8E6092
:10F5900037C64F643296087A858BC97E5CAD8A7314
:10F5A000EBB04B77560D044FE110C54B383686460D
:10F5B0008F2B47428A7B005C3D66C158E4408255F0
:10F5C000535D43519E3B1D252926DC21F0009F2CD5
:10F5D000471D5E28424D1936F550D8322C769B3F98
:10F5E0009B6B5A3B26D6150391CBD40748ED970A5F
:10F5F000FFF0560EFAA011104DBDD014949B931934
:10F600002386521D0E562FF1B94BEEF5606DADF805
:10F61000D7706CFCD2202BE2653DEAE6BC1BA9EB5F
:10F620000B0668EFB6BB27D701A6E6D3D880A5DEC8
:10F630006F9D64DA6ACD23C4DDD0E2C004F6A1CDAB
:10F64000B3EB60C97E8D3EBDC990FFB910B6BCB4A6
:10F65000A7AB7DB0A2FB3AAE15E6FBAACCC0B8A71B
:10F660007BDD79A3C660369B717DF79FA85BB49262
:10F670001F4675961A163288AD0BF38C742DB08127
:10F68000C330718599908A5D2E8D4B59F7AB085424
:10F6900040B6C95045E68E4EF2FB4F4A2BDD0C4773
:10F6A0009CC0CD43217D827B9660437F4F46007294
:10F6B000F85BC176FD0B86684A16476C933004618F
:10F6C000242DC565E94B9B115E565A158770191894
:10F6D000306DD81C353D9F0282205E065B061D0BF7
:10F6E000EC1BDC0F51A69337E6BB52333F9D113E16
:10F6F0008880D03A8DD097243ACD5620E3EB152D53
:10F7000054F6D4297926A9C5CE3B68C1171D2BCC48
:10F71000A000EAC8A550ADD6124D6CD2CB6B2FDF3E
:10F720007C76EEDBC1CBA1E376D660E7AFF023EACF
:10F7300018EDE2EE1DBDA5F0AAA064F4738627F9CA
:10F74000C49BE6FD09FDB889BEE0798D67C63A80A5
:10F75000D0DBFB84D58BBC9A62967D9EBBB03E937A
:10F760000CADFF97B110B0AF060D71ABDF2B32A619
:10F770006836F3A26D66B4BCDA7B75B8035D36B546
:10F78000B440F7B10A4275696C6420706172616DB2
:10F7900065746572733A200A000000005F5F766549
:10F7A00063746F725F7461626C655F7374617274AD
:10F7B0003A203078252E386C580A00005F6576654F
:10F7C00063746F725F7461626C653A203078252EC5
:10F7D000386C580A000000005F5F746578745F73CE
:10F7E000746172743A203078252E386C580A000003
:10F7F0005F65746578743A203078252E386C580A25
:10F80000000000005F5F65786964785F73746172FF
:10F81000743A203078252E386C580A005F5F65787E
:10F820006964785F656E643A203078252E386C58AC
:10F830000A0000005F5F646174615F7374617274D9
:10F840003A203078252E386C580A00005F656461D4
:10F8500074613A203078252E386C580A0000000078
:10F860005F5F6273735F73746172745F5F3A2030BD
:10F8700078252E386C580A005F656273733A203021
:10F8800078252E386C580A005F5F686561705F7379
:10F89000746172745F5F3A203078252E386C580A94
:10F8A000000000005F65686561703A203078252EA1
:10F8B000386C580A000000005F5F737461636B5F0F
:10F8C00073746172745F5F3A203078252E386C58FB
:10F8D0000A0000005F65737461636B3A203078251D
:10F8E0002E386C580A0000005F656E643A2030784C
:10F8F000252E386C580A00000A0A0000202020201B
:10F900002020202020202020202020200000000077
:10F9100030303030303030303030303030303030E7
:10F92000000000006E616E004E414E00696E660080
:10F93000494E46002D0000002B0000002000000072
:10F94000000000002E000000286E756C6C2900007D
:10F95000686C6A7A744C0000303132333435363793
:10F9600038394142434445464748494A4B4C4D4E3D
:10F970004F505152535455565758595A0000000091
:10F98000202B2D2330215E0001000000020000002A
:10F99000040000000800000010000000200000002B
:10F9A0004000000000000000FFFF7F000000780022
:10F9B00000001E0000000000FFFF87FF000080FF26
:10F9C00000000C0000007800000102030405060797
:10F9D000000102030405060708098B000102030465
:10F9E00005060708090A0B0C0D0E0F10111213144F
:10F9F00015161718191A1B1C1D1E00005C000000AC
:10FA000064000000680000006C0000001D000000A1
:10FA10002256657273696F6E223A2053686F77734E
:10FA200020686172647761726520616E6420666926
:10FA3000726D776172652076657273696F6E206989
:10FA40006E666F2E0000000056455253494F4E001F
:10FA50005265616446706761203C616464726573DD
:10FA6000733E0000524541444650474100000000AB
:10FA7000577269746546706761203C6164647265A1
:10FA800073733E2C3C76616C75653E005752495449
:10FA90004546504741000000522865616446706742
:10FAA0006129203C616464726573733E000000004C
:10FAB00052000000572872697465467067612920FA
:10FAC0003C616464726573733E2C3C76616C756551
:10FAD0003E000000570000002246534D446163730E
:10FAE000203C413E2C3C423E2C3C433E223A20539B
:10FAF0006574732F7175657269657320746865200C
:10FB000046534D20442F412773202868657861644F
:10FB10006563696D616C206C736220756E697473C6
:10FB2000292E000046534D444143530022442846A9
:10FB3000534D4461637329203C413E2C3C423E2C92
:10FB40003C433E223A20536574732F717565726988
:10FB50006573207468652046534D20442F412773F8
:10FB6000202868657861646563696D616C206C73D9
:10FB70006220756E697473292E0000004400000035
:10FB800022566F6C74616765203C413E2C3C423EBE
:10FB90002C3C433E223A20536574732F7175657275
:10FBA000696573207468652046534D20442F4127B2
:10FBB000732028646563696D616C20766F6C746175
:10FBC000676520756E697473292E0000564F4C547A
:10FBD000414745002256286F6C7461676529203CB7
:10FBE000413E2C3C423E2C3C433E223A205365741D
:10FBF000732F71756572696573207468652046534B
:10FC00004D20442F4127732028646563696D616C22
:10FC100020766F6C7461676520756E697473292E28
:10FC200000000000560000002246534D41646373FB
:10FC3000203C413E2C3C423E2C3C433E223A205349
:10FC40006574732F717565726965732074686520BA
:10FC500046534D20412F4427732E000046534D41FB
:10FC60004443530022412846534D41646373292085
:10FC70003C413E2C3C423E2C3C433E223A205365C4
:10FC800074732F7175657269657320746865204699
:10FC9000534D20412F4427732E00000041000000E7
:10FCA0002242495354223A2052756E7320612073C8
:10FCB000656C662D746573742C206C6F6773207689
:10FCC000616C75657320746F207465726D696E6107
:10FCD0006C2E000042495354000000002243697218
:10FCE000636C6573203C7261646975733A302E2EC3
:10FCF0002E312E302C726174656D733A302E2E2E9B
:10FD000031306B3E223A2052756E7320612073654C
:10FD10006C662D746573742C206D6F76657320612D
:10FD200063747561746F7220696E206120636972FB
:10FD3000636C652E00000000434952434C4553005C
:10FD400022476F5859203C583A302E2E2E312E30F3
:10FD50002C593A302E2E2E312E303E223A204D6F25
:10FD600076657320746865206163747561746F7261
:10FD700020746F2074686520676976656E20636FF4
:10FD80006F7264696E617465732E0000474F585935
:10FD9000000000002255617274223A205477696491
:10FDA000646C652074686520756172742E000000B3
:10FDB00055415254000000002255286172742922D6
:10FDC0003A2054776964646C6520746865207561B5
:10FDD00072742E00550000002242617564446976F9
:10FDE0006964657273223A20302C312C323A2053E8
:10FDF000657420746865206469766964657220742E
:10FE00006F206368616E6765207468652062617544
:10FE1000647261746520666F72206561636820702A
:10FE20006F72742E2E2E00004241554444495649AB
:10FE3000444552530000000022436F6E66696741DB
:10FE40006463223A203C436C6B4469763E2C203C30
:10FE50004E756D4176673E3A205365742F71756516
:10FE60007279207468652073616D706C6520636CB5
:10FE70006F636B206469766964657220616E6420CB
:10FE8000746865206E756D626572206F662073619F
:10FE90006D706C657320666F722074686520412FE9
:10FEA0004420746F20617665726167650000000010
:10FEB000434F4E4649474144430000002250726977
:10FEC0006E7442756666657273223A2044756D7071
:10FED0002063757272656E7420636F6E74656E74E4
:10FEE00073206F66207061727365727320666F7223
:10FEF0002064656275672E2E2E0000005052494E18
:10FF0000544255464645525300000000224D6F6E44
:10FF100069746F7253657269616C203C30207C207B
:10FF200031207C20323E203C59207C204E3E223A1B
:10FF30002053686F772F6869646520696E636F6D01
:10FF4000696E672073657269616C2062797465738C
:10FF50002E0000004D4F4E49544F525345524941D7
:10FF60004C00000022436F6E74726F6C52656769BB
:10FF700073746572203C706172616D733E223A2029
:10FF80005365742F517565727920636F6E74726F4B
:10FF90006C207369676E616C732E0000434F4E5482
:10FFA000524F4C5245474953544552002228435220
:10FFB00029436F6E74726F6C5265676973746572F2
:10FFC000203C706172616D733E223A205365742F3C
:10FFD000517565727920636F6E74726F6C207369EE
:10FFE000676E616C732E0000435200002253656CF3
:10FFF000656374446163203C302F313E223A2057C0
:020000022000DC
:100000006869636820442F4120746F2075736520F0
:10001000666F72206F75747075742E0053454C4571
:1000200043544441430000002253656C6563744FA0
:100030007574707574203C302F313E223A20576819
:1000400069636820482F5620647269766572206162
:100050006D7020746F2075736520666F72206F75E8
:10006000747075742E00000053454C4543544F5531
:10007000545055540000000022436C6F636B446180
:1000800063203C30202D2036353533353E223A2052
:100090005365742F517565727920636C6F636B20A3
:1000A0007374656572696E6720442F412E000000ED
:1000B000434C4F434B4441430000000022436F6ECA
:1000C000666967446163203C30202D203635353326
:1000D000353E223A205365742F517565727920445C
:1000E0002F412064697468657220636C6F636B20B4
:1000F0006469766964657220286E6F74653A20764B
:10010000616C756573203C203130302077696C6CF0
:10011000206B696C6C20442F412053504920746936
:100120006D696E67292E0000434F4E464947444192
:1001300043000000416463416363756D756C6174D5
:100140006F723A2053616D706C65733A20252B31C4
:10015000302E306C662000002C2053616D706C6571
:10016000733A20252E386C582C2072657365727690
:1001700065643A20252E386C582C204E756D4163ED
:1001800063756D733A20256C752000002830782542
:100190006C582900416463436F6E666967526567F6
:1001A00069737465723A20416463436C6B44697689
:1001B000696465723A2025752028307825345829DD
:1001C0002C2041646353616D706C6573546F41768C
:1001D0006572616765202575202830782534582997
:1001E00000000000416363756D756C61746F72434C
:1001F0006F6E66696752656769737465723A20430A
:100200006F6E74726F6C4164634D617841636375A6
:100210006D733A20257520283078253458292C20F4
:100220004D6F6E69746F724164634D6178416363B1
:10023000756D7320257520283078253458290000E5
:10024000446163436F6E666967526567697374657D
:10025000723A20446974686572436C6B44697669CC
:100260006465723A20257520283078253458292C69
:100270002072657365727665642025752028307854
:1002800025345829000000004347726170685665A4
:100290007273696F6E5061796C6F61643A20536557
:1002A0007269616C4E756D3A203078256C582C203F
:1002B00050726F636573736F724669726D776172A6
:1002C000654275696C644E756D3A20256C752C20FD
:1002D000465047414669726D776172654275696C37
:1002E000644E756D3A20256C7500000043477261BD
:1002F000706846534D4861726477617265436F6EF2
:1003000074726F6C52656769737465723A20616CC0
:100310006C3A203078256C782C20094661756C7415
:100320004E6567563A20256C752C20094661756C20
:100330007431563A20256C752C20094661756C7411
:100340003256413A20256C752C20094661756C7433
:100350003256443A20256C752C20094661756C7420
:100360003356413A20256C752C20094661756C7412
:100370003356443A20256C752C20094661756C74FF
:100380003433563A20256C752C20094661756C74FF
:1003900035563A20256C752C20094661756C7448D9
:1003A000563A20256C752C20096E48564661756CAE
:1003B00074413A20256C752C20096E4856466175AB
:1003C0006C74423A20256C752C20096E48564661A3
:1003D000756C74433A20256C752C20096E4856467E
:1003E00061756C74443A20256C752C2009506F7728
:1003F000657243796364416E64436C723A20256C84
:10040000752C2009506F7765726E456E3A20256C09
:10041000752C200943686F70456E3A20256C752C49
:10042000200955617274304F453A20256C752C2097
:100430000955617274314F453A20256C752C20099D
:1004400055617274324F453A20256C752C20095540
:10045000617274334F453A20256C752C200955780C
:100460003153656C4A6D703A20256C752C200972E9
:1004700065736572766564323A20256C752C2009A7
:100480005050534465746563746564416E6452737F
:10049000743A20256C752C20097265736572766537
:1004A00064333A20256C752C2009506F7765726E85
:1004B000456E48563A20256C752C20094856456EE5
:1004C000313A20256C752C20094856456E323A2069
:1004D000256C752C200944616353656C6563744D0C
:1004E000617874693A20256C752C2009476C6F621D
:1004F000616C4661756C74496E68696269743A2012
:10050000256C752C20096E4661756C7473436C7292
:100510003A20256C752C200943686F70526566532C
:10052000746174653A20256C752C200943686F70DE
:1005300041646353746174653A20256C7500000052
:1005400062613331313766613466653363633731F5
:100550003766636630396432353962366333623305
:100560003737626632666138000000000A0A566555
:100570007273696F6E3A2053657269616C204E75B3
:100580006D6265723A20252E386C582C20476C6FAE
:1005900062616C205265766973696F6E3A202573CB
:1005A0003B206275696C64206E756D6265723A20DD
:1005B0002575206F6E3A2025733B20667067612099
:1005C0006275696C643A20256C752E0A0000000083
:1005D0000A0A56657273696F6E3A20476C6F6261E2
:1005E0006C205265766973696F6E3A2025733B20E3
:1005F0006275696C64206E756D6265723A2025754E
:10060000206F6E3A2025732E0A000000257A5800CC
:100610000A5265616446706761436F6D6D616E6417
:100620003A2000000A3078252E327A583A20307865
:10063000252E3258200000005B25755D000000006B
:100640000A0A0000202827256327290A0A0000003B
:10065000257A5820256C75000A57726974654670B2
:100660006761436F6D6D616E643A206E65656420ED
:1006700032206E756D6572696320706172616D659F
:100680007465727320286164647265737320616E8F
:10069000642076616C7565292C20676F7420222593
:1006A00073222028256420706172616D73292E0ADF
:1006B000000000000A577269746546706761436FF5
:1006C0006D6D616E643A2057726F746520256C758C
:1006D00020746F20000000003078252E347A582EC8
:1006E0000A0000000A0A46534D446163733A2046EB
:1006F00070676120696E74657266616365206973F5
:10070000206E6F7420696E697469616C697A6564C2
:100710002120506C656173652063616C6C20496EAB
:10072000697446706761206669727374212E0000D7
:10073000256C782C256C782C256C782C256C780011
:100740000A0A46534D446163733A207365742074FA
:100750006F3A20256C782C20256C782C20256C781D
:100760002C20256C782E0A000A0A46534D446163FA
:10077000733A2063757272656E742076616C75656C
:100780003A20256C782C20256C782C20256C782C30
:1007900020256C782E0A00000A0A566F6C74616777
:1007A000653A204670676120696E746572666163A0
:1007B00065206973206E6F7420696E697469616C5D
:1007C000697A65642120506C656173652063616C92
:1007D0006C20496E69744670676120666972737433
:1007E000212E0000256C662C256C662C256C662C51
:1007F000256C66000A0A566F6C746167653A20734F
:10080000657420746F3A2025332E316C66202825BC
:100810006C78292C2025332E316C662028256C78A5
:10082000292C2025332E316C662028256C78292C24
:100830002025332E316C662028256C78292E0A005D
:100840000A0A566F6C746167653A20637572726547
:100850006E742076616C7565733A2025332E316C89
:10086000662028256C78292C2025332E316C6620B3
:1008700028256C78292C2025332E316C66202825DC
:100880006C78292C2025332E316C662028256C7835
:10089000292E0A000A0A46534D416463733A2046E2
:1008A00070676120696E7465726661636520697343
:1008B000206E6F7420696E697469616C697A656411
:1008C0002120506C656173652063616C6C20496EFA
:1008D000697446706761206669727374212E000026
:1008E0000A46534D416463733A2063757272656EB4
:1008F000742076616C7565733A204E756D3A2025CB
:1009000035642C203078253031366C6C782C2030D2
:1009100078253031366C6C782C20307825303136A3
:100920006C6C782C203078253031366C6C782C202B
:10093000252B312E366C662C20252B312E366C66FD
:100940002C20252B312E366C662C20252B312E3673
:100950006C660A005B2C09205D2563000A0A424987
:100960005354436F6D6D616E643A20456E61626CE5
:1009700065643A2025632E0A00000000256C662C71
:10098000256C66000A0A436972636C65733A2052EB
:10099000756E436972636C6528256C662C20256C26
:1009A000666D73292E2E2E0A000000000A256C7534
:1009B0002C20256C752C20256C752C20256C750041
:1009C0000A0A436972636C65733A204B65797072E9
:1009D000657373282564293B2065786974696E679F
:1009E0002E0A00000A0A476F58593A20467067617C
:1009F00020696E74657266616365206973206E6F2D
:100A00007420696E697469616C697A65642120502B
:100A10006C656173652063616C6C20496E69744616
:100A2000706761206669727374212E000A0A476F2D
:100A300058593A2073657420746F3A20256C782CCD
:100A400020256C782C20256C782C20256C782E0A9B
:100A5000000000000A0A476F58593A206375727205
:100A6000656E742076616C75653A20256C782C2053
:100A7000256C782C20256C782C20256C7820282556
:100A80006C6656207820256C6656292E0A000000D8
:100A90000A55617274436F6D6D616E643A202575FD
:100AA0002C2025752E2000006C6F6F700000000058
:100AB0000A55617274436F6D6D616E643A205365BF
:100AC0006E64696E6720726573706F6E736520283F
:100AD0002575206279746573293A20000A000000A8
:100AE0000A55617274436F6D6D616E643A20636F75
:100AF0006D706C6574652E0A000000000A0A426180
:100B0000756444697669646572733A2046706761FA
:100B100020696E74657266616365206973206E6F0B
:100B20007420696E697469616C697A65642120500A
:100B30006C656173652063616C6C20496E697446F5
:100B4000706761206669727374212E00256C752CA4
:100B5000256C752C256C752C256C75000A0A426174
:100B6000756444697669646572733A207365747458
:100B7000696E6720746F3A20256C752C20256C7582
:100B80002C20256C752C20256C752E0A0000000089
:100B90000A0A4261756444697669646572733A2031
:100BA00063757272656E742076616C7565733A2038
:100BB000256C752C20256C752C20256C752C20251A
:100BC0006C752E0A000000000A4261756444697663
:100BD00069646572733A20506F7274302066696E72
:100BE000616C206469766973696F6E2072617469E3
:100BF0006F3A20257520282F3136293B2041637418
:100C000075616C2062617564726174653A20252E8D
:100C1000356C66000A426175644469766964657280
:100C2000733A20506F7274312066696E616C206473
:100C300069766973696F6E20726174696F3A2025F5
:100C40007520282F3136293B2041637475616C2053
:100C500062617564726174653A20252E356C660098
:100C60000A4261756444697669646572733A20501A
:100C70006F7274322066696E616C20646976697384
:100C8000696F6E20726174696F3A20257520282F74
:100C90003136293B2041637475616C206261756453
:100CA000726174653A20252E356C660A00000000DA
:100CB0000A4261756444697669646572733A2050CA
:100CC0006F7274332066696E616C20646976697333
:100CD000696F6E20726174696F3A20257520282F24
:100CE0003136293B2041637475616C206261756403
:100CF000726174653A20252E356C660A000000008A
:100D00000A0A436F6E6669674164633A20467067FA
:100D10006120696E74657266616365206973206E17
:100D20006F7420696E697469616C697A65642120E9
:100D3000506C656173652063616C6C20496E6974E9
:100D400046706761206669727374212E000000008E
:100D50000A0A436F6E6669674164633A207365747B
:100D600074696E6720416463436F6E6669672074BF
:100D70006F3A20000A0A436F6E6669674164633AFE
:100D80002073657474696E6720416363756D436F8A
:100D90006E66696720746F3A200000000A0A436F8C
:100DA0006E6669674164633A2063757272656E743A
:100DB0002076616C7565733A200000003B200000CE
:100DC0000A53686F7742756666657273436F6D6D1F
:100DD000616E643A20467067615561727450617249
:100DE0007365723A20000000256C7525325B2C0972
:100DF000205D2025630000000A0A4D6F6E69746F44
:100E00007253657269616C436F6D6D616E643A20F7
:100E10004D6F6E69746F72696E6720706F727420A7
:100E2000256C753A2025632E0A0000000A0A4D6FD2
:100E30006E69746F7253657269616C436F6D6D6139
:100E40006E643A20496E76616C696420706F7274CA
:100E500020256C753B206D61782069732023322E2C
:100E60000A0000000A0A4D6F6E69746F7253657252
:100E700069616C436F6D6D616E643A20496E737584
:100E80006666696369656E7420706172616D657410
:100E9000657273202825753B2073686F756C64201C
:100EA00062652032293B207175657279696E672E03
:100EB0002E2E00000A4D6F6E69746F725365726951
:100EC000616C436F6D6D616E643A204D6F6E697435
:100ED0006F72696E6720706F727420303A202563DC
:100EE0002E0A00000A4D6F6E69746F725365726945
:100EF000616C436F6D6D616E643A204D6F6E697405
:100F00006F72696E6720706F727420313A202563AA
:100F10002E0A00000A4D6F6E69746F725365726914
:100F2000616C436F6D6D616E643A204D6F6E6974D4
:100F30006F72696E6720706F727420323A20256379
:100F40002E0A00000A4D6F6E69746F7253657269E4
:100F5000616C436F6D6D616E643A204D6F6E6974A4
:100F60006F72696E6720706F727420333A20256348
:100F70002E0A00000A436F6E74726F6C52656769C7
:100F800073746572436F6D6D616E643A204670676D
:100F90006120696E74657266616365206973206E95
:100FA0006F7420696E697469616C697A6564210087
:100FB0002025632C2025632C2025632C2025632CE1
:100FC0002025632C2025632C2025632C2025632CD1
:100FD0002025632C2025632C2025632C2025632CC1
:100FE0002025632C2025632C2025632C2025632CB1
:100FF000202563000A436F6E74726F6C52656769D7
:1010000073746572436F6D6D616E643A20437572DF
:1010100072656E742076616C7565733A200000000D
:101020000A53656C6563744461633A204670676176
:1010300020696E74657266616365206973206E6FE6
:101040007420696E697469616C697A656421000055
:10105000202563000A0A53656C6563744461633A32
:10106000202563202827256327292E0A0000000059
:101070000A53656C6563744461633A204375727208
:10108000656E742076616C75653A20256C752E0A44
:10109000000000000A53656C6563744F75747075C9
:1010A000743A204670676120696E74657266616388
:1010B00065206973206E6F7420696E697469616C54
:1010C000697A6564210000000A0A53656C656374DF
:1010D0004F75747075743A2025632028272563277F
:1010E000292E0A000A53656C6563744F7574707518
:1010F000743A2043757272656E742076616C756502
:101100003A20256C752E0A000A0A436C6F636B4403
:1011100061633A204670676120696E74657266612A
:101120006365206973206E6F7420696E69746961EC
:101130006C697A65642120506C6561736520636118
:101140006C6C20496E6974467067612066697273C1
:1011500074212E00256C75000A0A436C6F636B4482
:1011600061633A2073657474696E6720436C6F63C2
:101170006B20442F4120746F3A20256C7520283055
:1011800078256C58292E0A000A0A436C6F636B4459
:1011900061633A2063757272656E742076616C7556
:1011A000653A20256C7520283078256C5829000078
:1011B0000A0A436F6E666967446163436F6D6D61D0
:1011C0006E643A204670676120696E74657266616C
:1011D0006365206973206E6F7420696E697469613C
:1011E0006C697A65642120506C6561736520636168
:1011F0006C6C20496E697446706761206669727311
:1012000074212E000A0A436F6E6669674461634366
:101210006F6D6D616E643A2073657474696E6720DA
:10122000446163436F6E66696720746F3A20000003
:101230000A0A436F6E666967446163436F6D6D614F
:101240006E643A2063757272656E742076616C7597
:1012500065733A2000000000BEBAAD1BEDAD0F0A69
:1012600001000110021003100410022002000320EC
:101270000420052006200720082009200A2003005A
:10128000040005000600060004002800C003013029
:10129000023003300430053006300E300140024089
:1012A0000340044005400640FFFF7F000000780037
:1012B00000001E0000000000FFFF87FF000080FF0D
:1012C00000000C000000780000010203040506077E
:1012D000000102030405060708098B00010203044C
:1012E00005060708090A0B0C0D0E0F101112131436
:1012F00015161718191A1B1C1D1E00005C00000093
:1013000064000000680000006C000000E1000000C4
:1013100095207E6A000000005468752041756720A2
:1013200031332031393A35323A35332032303236A2
:1013300000000000BEBAAD1BEDAD0F0A01000110A8
:1013400002100310041002200200032004200520D4
:1013500006200720082009200A20030004000500B9
:101360000600060004002800C003013002300330EC
:101370000430053006300E30014002400340044086
:10138000054006400B00000042696E6172795665A7
:101390007273696F6E436F6D6D616E640000000063
:1013A00042696E61727956657273696F6E436F6DD3
:1013B0006D616E6428646570726563617465642034
:1013C0006964290042696E61727946534D446163D4
:1013D00073436F6D6D616E640000000042696E6161
:1013E000727946534D41646373436F6D6D616E64F2
:1013F0000000000042696E61727946534D4164639A
:1014000073466C6F6174696E67506F696E74436F79
:101410006D6D616E6400000042696E6172794653C1
:101420004D44616373466C6F6174696E67506F6998
:101430006E74436F6D6D616E6400000042696E6191
:10144000727946534D537461747573436F6D6D615A
:101450006E64000042696E61727946534D4857438D
:101460006F6E666967436F6D6D616E6400000000AA
:1014700042696E61727946534D416463436F6E6693
:101480006967436F6D6D616E6400000042696E6153
:10149000727946534D416363756D436F6E6669673C
:1014A000436F6D6D616E640042696E61727946537F
:1014B0004D446163436F6E666967436F6D6D616E26
:1014C00064000000416463436F6E6669675265673C
:1014D00069737465723A20416463436C6B44697646
:1014E000696465723A20257520283078253458299A
:1014F0002C2041646353616D706C6573546F417649
:101500006572616765202575202830782534582953
:1015100000000000416363756D756C61746F724308
:101520006F6E66696752656769737465723A2043C6
:101530006F6E74726F6C4164634D61784163637563
:101540006D733A20257520283078253458292C20B1
:101550004D6F6E69746F724164634D61784163636E
:10156000756D7320257520283078253458290000A2
:10157000446163436F6E666967526567697374653A
:10158000723A20446974686572436C6B4469766989
:101590006465723A20257520283078253458292C26
:1015A0002072657365727665642025752028307811
:1015B0002534582900000000434772617068566561
:1015C0007273696F6E5061796C6F61643A20536514
:1015D0007269616C4E756D3A203078256C582C20FC
:1015E00050726F636573736F724669726D77617263
:1015F000654275696C644E756D3A20256C752C20BA
:10160000465047414669726D776172654275696CF3
:10161000644E756D3A20256C750000004347726179
:10162000706846534D4861726477617265436F6EAE
:1016300074726F6C52656769737465723A20616C7D
:101640006C3A203078256C782C20094661756C74D2
:101650004E6567563A20256C752C20094661756CDD
:101660007431563A20256C752C20094661756C74CE
:101670003256413A20256C752C20094661756C74F0
:101680003256443A20256C752C20094661756C74DD
:101690003356413A20256C752C20094661756C74CF
:1016A0003356443A20256C752C20094661756C74BC
:1016B0003433563A20256C752C20094661756C74BC
:1016C00035563A20256C752C20094661756C744896
:1016D000563A20256C752C20096E48564661756C6B
:1016E00074413A20256C752C20096E485646617568
:1016F0006C74423A20256C752C20096E4856466160
:10170000756C74433A20256C752C20096E4856463A
:1017100061756C74443A20256C752C2009506F77E4
:10172000657243796364416E64436C723A20256C40
:10173000752C2009506F7765726E456E3A20256CC6
:10174000752C200943686F70456E3A20256C752C06
:10175000200955617274304F453A20256C752C2054
:101760000955617274314F453A20256C752C20095A
:1017700055617274324F453A20256C752C200955FD
:10178000617274334F453A20256C752C20095578C9
:101790003153656C4A6D703A20256C752C200972A6
:1017A00065736572766564323A20256C752C200964
:1017B0005050534465746563746564416E6452733C
:1017C000743A20256C752C200972657365727665F4
:1017D00064333A20256C752C2009506F7765726E42
:1017E000456E48563A20256C752C20094856456EA2
:1017F000313A20256C752C20094856456E323A2026
:10180000256C752C200944616353656C6563744DC8
:10181000617874693A20256C752C2009476C6F62D9
:10182000616C4661756C74496E68696269743A20CE
:10183000256C752C20096E4661756C7473436C724F
:101840003A20256C752C200943686F7052656653E9
:10185000746174653A20256C752C200943686F709B
:1018600041646353746174653A20256C750000000F
:101870000A42696E61727956657273696F6E436F61
:101880006D6D616E643A2053656E64696E67207297
:101890006573706F6E736520282575206279746595
:1018A00073293A20000000000A42696E617279468D
:1018B000534D44616373436F6D6D616E6420536576
:1018C0007474696E6720746F20283078256C582CEA
:1018D000203078256C582C203078256C58292E0A19
:1018E0000A0000000A42696E61727946534D4461F4
:1018F0006373436F6D6D616E6420205265706C7907
:10190000696E6720283078256C582C203078256C3B
:10191000582C203078256C58292E2E2E0A0A0000CB
:101920000A42696E61727946534D41646373436F35
:101930006D6D616E6420205265706C79696E6720F0
:101940002825642C2025642C202564292E2E2E0A7F
:101950000A0000000A42696E61727946534D416483
:101960006373436F6D6D616E642070726F63657336
:1019700073696E67282575292E2E2E0A0A0000002D
:101980000A42696E61727946534D41646373466CD5
:101990006F6174696E67506F696E74436F6D6D61CE
:1019A0006E6420205265706C79696E672028256C02
:1019B000662C20256C662C20256C66292E2E2E0A7E
:1019C0000A0000000A0A42696E61727946534D446A
:1019D000616373436F6D6D616E643A205365747417
:1019E000696E6720746F3A2025332E316C6620288B
:1019F000256C78292C2025332E316C662028256C07
:101A000078292C2025332E316C662028256C7829E6
:101A10002E0A00000A0A42696E61727946534D44EB
:101A2000616373436F6D6D616E643A205265706CD3
:101A300079696E673A2025332E316C662028256C33
:101A400078292C2025332E316C662028256C7829A6
:101A50002C2025332E316C662028256C78292E0AFF
:101A6000000000000A0A42696E61727946534D53C4
:101A70007461747573436F6D6D616E643A20437564
:101A80007272656E7456616C7565733A0A00000077
:101A90004948563A2025332E366C6620560A0000F7
:101AA000494E563A2025332E366C6620560A0000E1
:101AB0004936563A2025332E366C6620560A0000E9
:101AC000493356443A2025332E366C6620560A0098
:101AD000493256443A2025332E366C6620560A0089
:101AE0004931563A2025332E366C6620560A0000BE
:101AF00053747261696E42503A2025332E366C66FB
:101B000020560A0053747261696E424D3A202533A3
:101B10002E366C6620560A0053747261696E423A22
:101B20002025332E366C6620560A000053747261ED
:101B3000696E44503A2025332E366C6620560A00D2
:101B400053747261696E444D3A2025332E366C66AB
:101B500020560A0053747261696E443A2025332E70
:101B6000366C6620560A000053747261696E434DEC
:101B70003A2025332E366C6620560A005374726163
:101B8000696E43503A2025332E366C6620560A0083
:101B900053747261696E433A2025332E366C662089
:101BA000560A000053747261696E414D3A20253324
:101BB0002E366C6620560A0053747261696E41506D
:101BC0003A2025332E366C6620560A005374726113
:101BD000696E413A2025332E366C6620560A000085
:101BE000503556443A2025332E366C6620560A006E
:101BF000493256413A2025332E366C6620560A006B
:101C000054656D703A2025332E366C6620560A00D6
:101C100050335633443A2025332E366C6620560A0C
:101C200000000000503238563A2025332E366C66BC
:101C300020560A00503256323A2025332E366C6632
:101C400020560A0050325635443A2025332E366C41
:101C50006620560A00000000503156323A202533E3
:101C60002E366C6620560A0050325635413A2025F1
:101C7000332E366C6620560A00000000503456336E
:101C80003A2025332E366C6620560A0049335641D9
:101C90003A2025332E366C6620560A0050335633D0
:101CA000413A2025332E366C6620560A000000008B
:101CB0005036563A2025332E366C6620560A0000E0
:101CC000503556413A2025332E366C6620560A0090
:101CD0004C7578526164733A2025332E366C662039
:101CE000560A00004E3138563A2025332E366C669F
:101CF00020560A004E3230563A2025332E366C6676
:101D000020560A0050313235563A2025332E366C93
:101D10006620560A000000000A42696E6172794628
:101D2000534D537461747573436F6D6D616E643A96
:101D3000205265706C79696E672E2E2E00000000AF
:101D40000A42696E61727946534D486172647761E7
:101D50007265436F6E666967436F6D6D616E642077
:101D600053657474696E6720746F3A002E0A000020
:101D70000A42696E61727946534D486172647761B7
:101D80007265436F6E666967436F6D6D616E642047
:101D90005265706C79696E673A0000000A42696E9C
:101DA00061727946534D416463436F6E6669674360
:101DB0006F6D6D616E642053657474696E67207415
:101DC0006F3A00000A42696E61727946534D416470
:101DD00063436F6E666967436F6D6D616E64205219
:101DE00065706C79696E673A000000000A42696E9E
:101DF00061727946534D416363756D436F6E6669D9
:101E000067436F6D6D616E642053657474696E67AE
:101E100020746F3A000000000A42696E61727946D0
:101E2000534D416363756D436F6E666967436F6DB4
:101E30006D616E64205265706C79696E673A00005E
:101E40000A42696E61727946534D446163436F6E15
:101E5000666967436F6D6D616E6420536574746964
:101E60006E6720746F3A00000A42696E61727946AB
:101E7000534D446163436F6E666967436F6D6D6177
:101E80006E64205265706C79696E673A00000000DC
:101E9000BEBAAD1BEDAD0F0A010001100210031018
:101EA0000410022002000320042005200620072041
:101EB000082009200A20030004000500060006008F
:101EC00004002800C0030130023003300430053024
:101ED00006300E30014002400340044005400640F9
:101EE000FFFF7F000000780000001E0000000000DF
:101EF000FFFF87FF000080FF00000C00000078005B
:101F00000001020304050607000102030405060799
:101F100008098B000102030405060708090A0B0CD7
:101F20000D0E0F101112131415161718191A1B1C69
:101F30001D1E00005C00000064000000680000003E
:101F40006C000000E100000095207E6A00000000A7
:101F5000546875204175672031332031393A353264
:101F60003A35332032303236000000000A0A426926
:101F70006E61727920556172743A20496E697428D5
:101F8000506B74482025752C20506B7446202575A5
:101F9000292E0A0D000000002E252E3278000000A8
:101FA0000A0A42696E617279556172743A2042750B
:101FB0006666657228257029206F766572666C6F7B
:101FC000773B2074686973207061636B6574207758
:101FD000696C6C206E6F74206669742028257A7590
:101FE00062292C20666C757368696E67206275665D
:101FF0006665722E0A0D00000A0A42696E617279E6
:10200000556172743A20556E6D6174636865642021
:10201000636F6D6D616E64203078252E386C5821A9
:10202000204E756D436D64733A20256C752C2053DA
:10203000746172743A20256C752C20456E643A20C8
:10204000256C750A000000000A0A42696E61727907
:10205000556172743A205061636B657420726563D8
:1020600065697665642C20627574205365726961B8
:102070006C4E756D62657220636F6D70617269730D
:102080006F6E206661696C65642028657870656391
:102090007465643A203078252E386C583B20676F81
:1020A000743A203078252E386C58292E0A0D0000FD
:1020B0000A0A42696E617279556172743A20506100
:1020C000636B65742072656365697665642C206254
:1020D000757420696E76616C69642E0A0D000000CB
:1020E0000A0A42696E61727920556172743A20530E
:1020F000656E64696E67207061636B657428257511
:102100002C202575293A2000252E32583A0000004F
:102110000A0000004347726170685061636B657428
:102120004865616465723A205374617274546F6BD0
:10213000656E3A203078256C582C205061796C6F90
:102140006164547970653A20256C752C2050617952
:102150006C6F61644C656E3A20256C750000000060
:102160000A0A4347726170685061636B65743A3A5A
:10217000497356616C696428293A205061636B6524
:10218000745374617274546F6B656E3A2042756655
:102190006665722E617355333228257529203D20DE
:1021A0003078256C782E0A0D000000000A0A43479B
:1021B000726170685061636B65743A3A4973566135
:1021C0006C696428293A207061796C6F6164747954
:1021D00070653A204275666665722E6173553136B8
:1021E00028257529203D20307825782E0A0D0000FD
:1021F0000A0A4347726170685061636B65743A3ACA
:10220000497356616C696428293A207061796C6F52
:1022100061646C656E3A204275666665722E617304
:1022200055313628257529203D20307825782E0A0D
:102230000D0000000A0A4347726170685061636BC9
:1022400065743A3A497356616C696428293A20707A
:1022500061636B6574206F76657273697A65643A41
:102260002042756666657244657074683A2025750B
:102270002C205061636B65744C656E3A2025752E79
:102280000A0D00000A0A4347726170685061636B6F
:1022900065743A3A497356616C696428293A207426
:1022A0006F6B656E206D69736D617463683A20456C
:1022B000787065637465643A2025752C20416374D9
:1022C00075616C3A2025752E0A0D00000A0A4347F5
:1022D000726170685061636B65743A3A4973566114
:1022E0006C696428293A204352433A204275666655
:1022F00065722E617355333228257529203D2030B3
:1023000078256C782E0A0D000A0A434772617068BE
:102310005061636B65743A3A497356616C6964281D
:10232000293A205061636B6574456E64546F6B6528
:102330006E3A204275666665722E61735533322897
:10234000257529203D203078256C782E0A0D000057
:102350000A0A4347726170685061636B65743A3A68
:10236000497356616C696428293A204352433A20E4
:10237000456E643A2025752053746172743A2025A5
:1023800075202E0A0D0000000A0A4347726170682A
:102390005061636B65743A3A497356616C6964289D
:1023A000293A2043616C632764204352433A20302A
:1023B00078256C78202843726343757272656E7459
:1023C000416464723A203078256C78292C20287476
:1023D000696D656F75743A202575292E0A0D000008
:1023E0000A0A4347726170685061636B65743A3AD8
:1023F000497356616C696428293A204372635374A7
:10240000617274416464723A203078256C782C20B3
:10241000437263456E64416464723A203078256C7F
:10242000780A0D000A465047415561727443616C49
:102430006C6261636B733A204E554C4C28257529AC
:1024400020496E76616C69645061636B6574210A22
:102450000A0000000A465047415561727443616C9E
:102460006C6261636B733A20496E76616C6964508B
:1024700061636B65742120636F6E74656E74733A6B
:10248000203A00000A0A00000A4650474142696E9D
:102490006172795561727443616C6C6261636B73D4
:1024A0003A204E554C4C2825752920556E48616EB2
:1024B000646C65645061636B6574210A0A000000F6
:1024C0000A465047415561727443616C6C626163A6
:1024D0006B733A20556E68616E646C656420706140
:1024E000636B6574282575293A2000087F1B090055
:1024F000BEBAAD1BEDAD0F0A0100011002100310B2
:1025000004100220020003200420052006200720DA
:10251000082009200A200300040005000600060028
:1025200004002800C00301300230033004300530BD
:1025300006300E3001400240034004400540064092
:10254000601B0020A02B0020E03B0020204C00203E
:1025500004000000601B0020A02B0020E03B0020B6
:1025600003000000204C00200100000000000000DB
:1025700000000000B1900000D59000006D930000B5
:102580000000000000000000098E00002D8E0000F9
:102590004D8E0000CD8E000011740000258F0000CC
:1025A0000000000000000000098300002D830000EF
:1025B0004D8300006983000081830000CD8300000B
:1025C0000984000055840000A1840000B584000047
:1025D000C9840000DD840000F18400004385000010
:1025E000FD8500000785000021850000758500003D
:1025F000BB850000958600002D870000A1870000A4
:10260000FD87000059880000CD8800002D8900005A
:1026100089890000D9890000B98C0000D38C0000A2
:10262000F58C00005B8D0000BB8D000000000000F9
:1026300000000000AD800000D18000000B7200009F
:10264000F18000002F810000ED8100004D8200002C
:102650005F820000718200006D81000000000000B8
:10266000000000001180000025800000458000006F
:102670000000000000000000F99000001D91000023
:1026800071760000717E0000000000000000000074
:10269000A5730000C5730000E5730000FB73000024
:1026A000117400002774000000000000000000000A
:1026B00000000000000000005DCD00005DCD0000C6
:1026C0005DCD00005DCD00005DCD00005DCD000062
:1026D0005DCD00005DCD00005DCD00005DCD000052
:1026E0005DCD00005DCD00005DCD00005DCD000042
:1026F0005DCD00005DCD00005DCD00005DCD000032
:102700005DCD00005DCD00005DCD00005DCD000021
:102710005DCD00005DCD00005DCD00005DCD000011
:102720005DCD00005DCD00005DCD00005DCD000001
:102730005DCD00000000000000000000000000006F
:10274000000000005DCD000000000000000000005F
:1027500000000000000000000B7200005DCD0000D2
:102760005DCD00005DCD00005DCD00005DCD0000C1
:102770005DCD0000AD710000000000000000000011
:1027800000000000000000005DCD00000101010814
:102790007F1B0900FFFF7F000000780000001E0083
:1027A00000000000FFFF87FF000080FF00000C001A
:1027B000000078000001020304050607000102037F
:1027C0000405060708098B00010203040506070833
:1027D000090A0B0C0D0E0F101112131415161718F1
:1027E000191A1B1C1D1E00005C0000006400000084
:1027F000680000006C0000000A50696E6F75744D2F
:102800006F6E69746F724164633A20542F4F2E00CB
:102810000A4D6F6E69746F724164633A204572723B
:102820006F7220696E697469616C697A696E67207C
:102830004164633A202575205B3078252E32585D3F
:102840002E0A00000A4D6F6E69746F724164633A1C
:10285000205374617274696E6720412F4420617542
:10286000746F2D7363616E3B2077726F74652030D7
:1028700078252E325820746F206770696F27732C6B
:1028800020726561646261636B3A203078252E3274
:10289000580A00000A4D6F6E69746F724164633AA2
:1028A000204E6F2041646320666F756E64210A00BC
:1028B0000A4D6F6E69746F724164633A206261649D
:1028C000207374617475733A20416463303A2063F5
:1028D000682025753A203078252E32582C20416406
:1028E00063313A2063682025753A203078252E32EE
:1028F000580A00000A4D6F6E69746F724164633A42
:1029000020416463303A2063682025752072656138
:1029100064733A20256C6620566F6C7473205B25B7
:102920006C75206C736227735D3B20416463313AA0
:102930002063682025752072656164733A20256CD8
:102940006620566F6C7473205B256C75206C736207
:1029500027735D0A000000000A4D6F6E69746F7284
:102960004164633A206368202575206E6F206E6590
:10297000772073616D706C65207468697320736370
:10298000616E2E0A000000000A0A5363616E4D6FEB
:102990006E69746F7241646320436F6D6D616E6424
:1029A0003A2056616C756573207769746820636F8F
:1029B0007272656374656420756E69747320666FE6
:1029C0006C6C6F773A0A00004948563A2025332E3E
:1029D000366C6620560A0000494E563A2025332EA2
:1029E000366C6620560A00004936563A2025332EAA
:1029F000366C6620560A0000493356443A20253387
:102A00002E366C6620560A00493256443A20253349
:102A10002E366C6620560A004931563A2025332E50
:102A2000366C6620560A000053747261696E42501B
:102A30003A2025332E366C6620560A005374726194
:102A4000696E424D3A2025332E366C6620560A00B8
:102A500053747261696E423A2025332E366C6620BB
:102A6000560A000053747261696E44503A2025334F
:102A70002E366C6620560A0053747261696E444D9E
:102A80003A2025332E366C6620560A005374726144
:102A9000696E443A2025332E366C6620560A0000B3
:102AA00053747261696E434D3A2025332E366C663D
:102AB00020560A0053747261696E43503A202533E0
:102AC0002E366C6620560A0053747261696E433A62
:102AD0002025332E366C6620560A0000537472612E
:102AE000696E414D3A2025332E366C6620560A0019
:102AF00053747261696E41503A2025332E366C66EC
:102B000020560A0053747261696E413A2025332EB3
:102B1000366C6620560A0000503556443A2025335C
:102B20002E366C6620560A00493256413A2025332B
:102B30002E366C6620560A0054656D703A20253397
:102B40002E366C6620560A0050335633443A202500
:102B5000332E366C6620560A00000000503238567C
:102B60003A2025332E366C6620560A0050325632F3
:102B70003A2025332E366C6620560A0050325635E0
:102B8000443A2025332E366C6620560A0000000099
:102B9000503156323A2025332E366C6620560A00C4
:102BA00050325635413A2025332E366C6620560A6F
:102BB00000000000503456333A2025332E366C6620
:102BC00020560A00493356413A2025332E366C668A
:102BD00020560A0050335633413A2025332E366CA6
:102BE0006620560A000000005036563A2025332E43
:102BF000366C6620560A0000503556413A2025337F
:102C00002E366C6620560A004C7578526164733A11
:102C10002025332E366C6620560A00004E31385679
:102C20003A2025332E366C6620560A004E32305636
:102C30003A2025332E366C6620560A005031323544
:102C4000563A2025332E366C6620560A00000000C6
:102C50000A5363616E4D6F6E69746F7241646320D5
:102C6000436F6D6D616E643A20436F6D706C657477
:102C7000652E0A0A000000000A0A546573744D6F3D
:102C80006E69746F7241646320436F6D6D616E6431
:102C90003A2053657269616C3A2052656164696ECD
:102CA0006720412F44277320287261772076616C5A
:102CB000756573293A0A00000A4948563A20252BBF
:102CC0006C642C203078252E386C58000A494E56FA
:102CD0003A20252B6C642C203078252E386C580037
:102CE0000A4936563A20252B6C642C203078252E44
:102CF000386C58000A493356443A20252B6C642C12
:102D0000203078252E386C58000000000A493256D1
:102D1000443A20252B6C642C203078252E386C58B2
:102D2000000000000A4931563A20252B6C642C2003
:102D30003078252E386C58000A53747261696E42DF
:102D4000503A20252B6C642C203078252E386C5876
:102D5000000000000A53747261696E424D3A2025EA
:102D60002B6C642C203078252E386C580000000025
:102D70000A53747261696E423A20252B6C642C20D0
:102D80003078252E386C58000A53747261696E448D
:102D9000503A20252B6C642C203078252E386C5826
:102DA000000000000A53747261696E444D3A202598
:102DB0002B6C642C203078252E386C5800000000D5
:102DC0000A53747261696E443A20252B6C642C207E
:102DD0003078252E386C58000A53747261696E433E
:102DE0004D3A20252B6C642C203078252E386C58D9
:102DF000000000000A53747261696E43503A202546
:102E00002B6C642C203078252E386C580000000084
:102E10000A53747261696E433A20252B6C642C202E
:102E20003078252E386C58000A53747261696E41EF
:102E30004D3A20252B6C642C203078252E386C5888
:102E4000000000000A53747261696E41503A2025F7
:102E50002B6C642C203078252E386C580000000034
:102E60000A53747261696E413A20252B6C642C20E0
:102E70003078252E386C58000A503556443A2025B3
:102E80002B6C642C203078252E386C580000000004
:102E90000A493256413A20252B6C642C2030782583
:102EA0002E386C58000000000A54656D703A2025D9
:102EB0002B6C642C203078252E386C5800000000D4
:102EC0000A50335633443A20252B6C642C2030783A
:102ED000252E386C580000000A503238563A20250A
:102EE0002B6C642C203078252E386C5800000000A4
:102EF0000A503256323A20252B6C642C203078252B
:102F00002E386C58000000000A50325635443A20E2
:102F1000252B6C642C203078252E386C580000004E
:102F20000A503156323A20252B6C642C20307825FB
:102F30002E386C58000000000A50325635413A20B5
:102F4000252B6C642C203078252E386C580000001E
:102F50000A503456333A20252B6C642C20307825C7
:102F60002E386C58000000000A493356413A20259B
:102F70002B6C642C203078252E386C580000000013
:102F80000A50335633413A20252B6C642C2030787C
:102F9000252E386C580000000A5036563A20252B52
:102FA0006C642C203078252E386C58000A50355629
:102FB000413A20252B6C642C203078252E386C5813
:102FC000000000000A4C7578526164733A20252B8A
:102FD0006C642C203078252E386C58000A4E31381D
:102FE000563A20252B6C642C203078252E386C58CE
:102FF000000000000A4E3230563A20252B6C642C1B
:10300000203078252E386C58000000000A503132EC
:1030100035563A20252B6C642C203078252E386CC0
:10302000580000000A546573744D6F6E69746F72B6
:1030300041646320436F6D6D616E643A20436F6D30
:10304000706C6574652E0A0A00000000202C090DC2
:103050000A0000000A4D6F6E69746F724164634329
:10306000616C6962726174653A20496E76616C695F
:103070006420706172616D65746572733B206D755B
:1030800073742067697665206174206C6561737460
:10309000206E616D65206F6620696E7075742063A7
:1030A000616C6962726174696F6E20746F207175F2
:1030B000657279210A0A0000256C65004445464185
:1030C000554C5453000000000A4D6F6E69746F72C6
:1030D00041646343616C6962726174653A20416C5A
:1030E0006C2063616C6962726174657320736574CE
:1030F00020746F2064656661756C7473210A0A0020
:1031000050315632000000000A4D6F6E69746F72C4
:1031100041646343616C6962726174653A2053650E
:1031200074204761696E3A20256C6520282225733A
:1031300022292C20536574204F66667365743A20EB
:10314000256C65202822257322290A000A4D6F6EFE
:1031500069746F7241646343616C69627261746522
:103160003A204761696E3A20256C652C204F6666CF
:103170007365743A20256C650A0000000A4D6F6E75
:1031800069746F7241646343616C696272617465F2
:103190003A20556E61626C6520746F206C6F6361BC
:1031A000746520696E707574206D61746368696EF2
:1031B000672022257322210A000000000A4D6F6E4D
:1031C00069746F7241646343616C696272617465B2
:1031D0003A20436F6D706C6574652E0A0A0000001A
:1031E000616473313235383A3A44756D7028293A42
:1031F00020636F6E666967302072656164733A3070
:1032000078252E34580A0000616473313235383A1B
:103210003A44756D7028293A20636F6E666967318C
:103220002072656164733A3078252E34580A0000A4
:10323000616473313235383A3A44756D7028293AF1
:1032400020737973726561642072656164733A30CA
:1032500078252E34580A0000616473313235383ACB
:103260003A44756D7028293A206770696F6320723F
:10327000656164733A3078252E34580A00000000E6
:10328000616473313235383A3A44756D7028293AA1
:103290002069646E756D2072656164733A307825BB
:1032A0002E34580A00000000616473313235383A18
:1032B0003A44756D7028293A206D757864696620E6
:1032C00072656164733A3078252E34580A00000024
:1032D000616473313235383A3A44756D7028293A51
:1032E000206D75787367302072656164733A307849
:1032F000252E34580A000000616473313235383AA3
:103300003A44756D7028293A206D757873673120BD
:1033100072656164733A3078252E34580A000000D3
:10332000616473313235383A3A696E697428293AE2
:1033300020636F6E66696730206D69736D617463B9
:1033400068202872656164733A3078252E34582CD1
:103350002077616E7465643A3078252E3258290AD8
:1033600000000000616473313235383A3A696E69A1
:103370007428293A20636F6E66696731206D69731E
:103380006D61746368202872656164733A307825D2
:103390002E34582C2077616E7465643A3078252E6F
:1033A0003258290A00000000616473313235383A1E
:1033B0003A696E697428293A207379737265616479
:1033C000206D69736D617463682028726561647330
:1033D0003A3078252E34582C2077616E7465643A23
:1033E0003078252E3258290A0000000061647331BC
:1033F0003235383A3A696E697428293A206770691B
:103400006F63206D69736D617463682028726561F4
:1034100064733A3078252E34582C2077616E7465A9
:10342000643A3078252E3258290A000061647331DD
:103430003235383A3A696E697428293A2069646EDF
:10344000756D206D69736D617463682028726561A4
:1034500064733A3078252E34582C2077616E746569
:10346000643A3078252E3258290A0000616473319D
:103470003235383A3A5365745363616E4368616E0E
:103480006E656C7328293A206D7578646966206DC5
:1034900069736D61746368202872656164733A3082
:1034A00078252E3458290A00616473313235383A50
:1034B0003A5365745363616E4368616E6E656C73F5
:1034C00028293A206D7578736730206D69736D61B6
:1034D000746368202872656164733A3078252E34ED
:1034E00058290A00616473313235383A3A536574A9
:1034F0005363616E4368616E6E656C7328293A2070
:103500006D7578736731206D69736D6174636820C0
:103510002872656164733A3078252E3458290A0080
:10352000616473313235383A3A5365745363616E6E
:103530004368616E6E656C7328293A2073797372E3
:103540006564206D69736D617463682028726561BC
:1035500064733A3078252E3458290A005343414E7B
:103560004D4F4E49544F5241444300002253636132
:103570006E4D6F6E69746F72416463223B205368B5
:103580006F772063757272656E7420696E707574E2
:1035900020766F6C74616765732E2E2E000000001C
:1035A000544553544D4F4E49544F524144430000EB
:1035B00022546573744D6F6E69746F724164632237
:1035C0003B2053686F772072617720412F4420633E
:1035D0006F756E74732E2E2E0000000043414C490F
:1035E00042524154454D4F4E49544F52414443007D
:1035F0002243616C6962726174654D6F6E69746FAC
:1036000072416463203C726561646F75743E2C3C4A
:103610006761696E3E286F7074696F6E616C292CEA
:103620003C6F66667365743E286F7074696F6E6177
:103630006C29223B2043616C6962726174652028A9
:103640006F722071756572792920746865206769C9
:1036500076656E20726561646F757400000000000D
:10366000000000003DB4000061B4000085B500001A
:103670000000000000000000559C0000759C000048
:1036800001010100200000000A0A496E76616C69A0
:103690006420636F6D6D616E642028222573223B68
:1036A000205B0000252E326868583A005D202920F2
:1036B0002D206C697374696E6720616C6C20617673
:1036C00061696C61626C6520636F6D6D616E6473BE
:1036D0003A0A000025733A2025730A000A0A547832
:1036E00042696E6172795061636B65743A204E5520
:1036F0004C4C205061636B6574436F6E74657874D5
:1037000021202853686F756C642062652042696EC1
:10371000617279556172742A2920506C65617365F4
:10372000207265636F6D70696C65207468697320C1
:1037300062696E6172792E2E2E0A00000A21666F70
:10374000726D6174663A3A77727374725F66756E01
:10375000632825702C2025702C20256C7529210AC2
:1037600000087F1B09000000BEBAAD1BEDAD0F0ABB
:1037700001000110021003100410022002000320B7
:103780000420052006200720082009200A20030025
:10379000040005000600060004002800C0030130F4
:1037A000023003300430053006300E300140024054
:1037B00003400440054006405573616765466175E6
:1037C0006C74537461747573526567697374657250
:1037D0003A20616C6C3D3078252E34583B20556E74
:1037E000446566496E7374723D25632C20496E767C
:1037F0005374617465455350523D25632C20496EC6
:103800007650433D25632C204E6F43503D25632C5D
:1038100020556E416C69676E65643D25632C2044BC
:10382000697642795A65726F3D2563004275734629
:1038300061756C74537461747573526567697374E0
:1038400065723A20616C6C3D3078252E32583B20F1
:10385000494275734572723D25632C205072656331
:1038600069734572723D25632C20496D70726563E2
:1038700069734572723D25632C20556E53746B45F8
:1038800072723D25632C2053746B4572723D256323
:103890002C204C73704572723D25632C20424641AA
:1038A0005256616C69643D256300000042757346A1
:1038B00061756C7441646472657373526567697392
:1038C0007465723A206661756C742061742030787A
:1038D000252E386C580000004D656D4D616E616796
:1038E000654661756C74537461747573526567696C
:1038F000737465723A20616C6C3D3078252E3258B5
:103900003B204941636356696F6C3D25632C20441D
:1039100041636356696F6C3D25632C204D656D5581
:103920006E53746B4572723D25632C204D656D534B
:10393000746B4572723D25632C204D656D4C737020
:103940004572723D25632C204D4D415256616C6984
:10395000643D2563000000004D656D4D616E61673B
:10396000654661756C744164647265737352656712
:1039700069737465723A206661756C742061742095
:103980003078252E386C5800436F6E666967757203
:1039900061626C654661756C7453746174757352C1
:1039A0006567697374657273434653523A20616C5C
:1039B0006C3D3078252E386C583B20003B200000B1
:1039C000486172644661756C7453746174757352A6
:1039D000656769737465723A20616C6C3D30782557
:1039E0002E386C583B20566563745461626C653D9B
:1039F00025632C20466F726365643D25632C20444B
:103A0000656275674576743D25630000436F6E748B
:103A100065787453746174654672616D653A20729D
:103A2000303D3078252E386C582C2072313D30785E
:103A3000252E386C582C2072323D3078252E386C6B
:103A4000582C2072333D3078252E386C582C20723B
:103A500031323D3078252E386C582C206C723D3038
:103A600078252E386C582C2070635F7265747572DF
:103A70006E5F616464723D3078252E386C582C205E
:103A8000787073723D3078252E386C580000000035
:103A90000A0000000A0A0A214275734661756C74B7
:103AA000210A00005043205B5231355D203D202526
:103AB000780A00004C52205B5231345D203D2025B5
:103AC000780A00000A0A0A21557361676546617524
:103AD0006C74210A000000000A0A0A214D656D4D30
:103AE000616E674661756C74210A0000FA0500007A
:103AF00001010100416463416363756D756C61741C
:103B00006F723A2053616D706C65733A20252B31CA
:103B1000302E306C662000002C2053616D706C6577
:103B2000733A20252E386C582C2072657365727696
:103B300065643A20252E386C582C204E756D4163F3
:103B400063756D733A20256C752000002830782548
:103B50006C5829000A0A21215F5F6378615F7075E4
:103B600072655F7669727475616C282921210A007B
:103B70003232350062613331313766613466653324
:103B8000636337313766636630396432353962369C
:103B90006333623337376266326661380000000093
:103BA0000A0A4553432D46534D3A207625732E621B
:103BB00025733B204F6666736574206F6620436FE4
:103BC0006E74726F6C52656769737465723A2030F7
:103BD00078252E326C582C20657870656374656486
:103BE0003A203078252E326C582E00000A4F666637
:103BF000736574206F662046534D2D3E4C6174638F
:103C000068416463733A203078252E326C582C203A
:103C100065787065637465643A203078252E326C5F
:103C2000582E00000A4F6666736574206F66204642
:103C3000534D2D3E41646341416363756D756C6105
:103C4000746F723A203078252E326C582C206578AB
:103C50007065637465643A203078252E326C582E76
:103C6000000000000A4F6666736574206F66204688
:103C7000534D2D3E41646342416363756D756C61C4
:103C8000746F723A203078252E326C582C2065786B
:103C90007065637465643A203078252E326C582E36
:103CA000000000000A4F6666736574206F66204648
:103CB000534D2D3E556172743052784669666F508F
:103CC00065656B52656164416464723A20307825A1
:103CD0002E326C582C2065787065637465643A20C8
:103CE0003078252E326C582E000000000A0A424916
:103CF00053543A20414443733A2063757272656E9F
:103D0000742076616C7565733A204E756D3A202586
:103D100035642C203078253031366C6C782C20308E
:103D200078253031366C6C782C203078253031365F
:103D30006C6C782C20252B312E366C662C20252B94
:103D4000312E366C662C20252B312E366C660A00FF
:103D50000A0A424953543A20444143733A20256C9D
:103D6000752C20256C752C20256C75000A0A42499B
:103D700053543A2054656C656D65746572793A20C8
:103D8000000000004948563A2025332E366C662044
:103D9000560A0000494E563A2025332E366C6620CE
:103DA000560A00004936563A2025332E366C6620D6
:103DB000560A0000493356443A2025332E366C66A5
:103DC00020560A00493256443A2025332E366C6676
:103DD00020560A004931563A2025332E366C66208B
:103DE000560A000053747261696E42503A202533BE
:103DF0002E366C6620560A0053747261696E424D0D
:103E00003A2025332E366C6620560A0053747261B0
:103E1000696E423A2025332E366C6620560A000021
:103E200053747261696E44503A2025332E366C66A5
:103E300020560A0053747261696E444D3A2025334E
:103E40002E366C6620560A0053747261696E443ACD
:103E50002025332E366C6620560A0000537472619A
:103E6000696E434D3A2025332E366C6620560A0083
:103E700053747261696E43503A2025332E366C6656
:103E800020560A0053747261696E433A2025332E1E
:103E9000366C6620560A000053747261696E414D9B
:103EA0003A2025332E366C6620560A005374726110
:103EB000696E41503A2025332E366C6620560A0032
:103EC00053747261696E413A2025332E366C662038
:103ED000560A0000503556443A2025332E366C667B
:103EE00020560A00493256413A2025332E366C6658
:103EF00020560A0054656D703A2025332E366C66C4
:103F000020560A0050335633443A2025332E366C5F
:103F10006620560A00000000503238563A202533F9
:103F20002E366C6620560A00503256323A2025331F
:103F30002E366C6620560A0050325635443A2025FB
:103F4000332E366C6620560A00000000503156327F
:103F50003A2025332E366C6620560A0050325635EC
:103F6000413A2025332E366C6620560A00000000A8
:103F7000503456333A2025332E366C6620560A00CC
:103F8000493356413A2025332E366C6620560A00B6
:103F900050335633413A2025332E366C6620560A6C
:103FA000000000005036563A2025332E366C66202D
:103FB000560A0000503556413A2025332E366C669D
:103FC00020560A004C7578526164733A2025332ECE
:103FD000366C6620560A00004E3138563A2025339A
:103FE0002E366C6620560A004E3230563A20253363
:103FF0002E366C6620560A0050313235563A20254E
:10400000332E366C6620560A00000000BEBAAD1B87
:10401000EDAD0F0A01000110021003100410022080
:104020000200032004200520062007200820092084
:104030000A20030004000500060006000400280012
:10404000C0030130023003300430053006300E303A
:10405000014002400340044005400640087F1B0920
:10406000FFFF7F000000780000001E00000000003D
:10407000FFFF87FF000080FF00000C0000007800B9
:1040800000010203040506070001020304050607F8
:1040900008098B000102030405060708090A0B0C36
:1040A0000D0E0F101112131415161718191A1B1CC8
:1040B0001D1E00005C00000064000000680000009D
:1040C0006C0000000004000001010100002020201D
:1040D00020202020202028282828282020202020B8
:1040E0002020202020202020202020202088101088
:1040F00010101010101010101010101010040404E4
:1041000004040404040404101010101010104141A1
:10411000414141410101010101010101010101018F
:1041200001010101010101011010101010104242A3
:10413000424242420202020202020202020202025F
:1041400002020202020202021010101020000000FF
:10415000000000000000000000000000000000005F
:10416000000000000000000000000000000000004F
:10417000000000000000000000000000000000003F
:10418000000000000000000000000000000000002F
:10419000000000000000000000000000000000001F
:1041A000000000000000000000000000000000000F
:1041B00000000000000000000000000000000000FF
:1041C00000000000000000000000000000000000EF
:1041D0000A00000065256C6400000000494E46009E
:1041E000696E66004E414E006E616E0030313233B2
:1041F0003435363738396162636465660000000023
:10420000303132333435363738394142434445460C
:1042100000000000286E756C6C2900003000000062
:104220002F000000504F5349580000004300000089
:10423000415343494900000049534F2D383835391F
:104240002D310000636A6B73696E676C6500000056
:10425000636A6B6E6172726F77000000636A6B77DE
:10426000696465005554462D3800000055544638A1
:10427000000000004A495300455543004A500000E1
:104280004555434A50000000534A4953000000007E
:1042900049534F00383835390000000049534F2D3D
:1042A000383835392D000000435000004B4F493855
:1042B000000000004350323038363600435032316F
:1042C00038363600435031303300000047454F52F6
:1042D0004749414E00000000505300004350313028
:1042E000310000005054313534000000435031306B
:1042F0003200000054495300363230004350383702
:10430000340000004C435F414C4C00004C414E4790
:10431000000000002E0000004C435F434F4C4C4116
:10432000544500004C435F43545950450000000081
:104330004C435F4D4F4E4554415259004C435F4EE4
:10434000554D4552494300004C435F54494D45008B
:104350004C435F4D4553534147455300496E666991
:104360006E697479000000004E614E0042616C6C11
:104370006F632073756363656564656400000000A6
:104380002F5F5F772F61726D2D6E6F6E652D65618A
:1043900062692D6763632D787061636B2F61726D45
:1043A0002D6E6F6E652D656162692D6763632D7873
:1043B0007061636B2F6275696C642D6173736574D2
:1043C000732F6275696C642F6C696E75782D783601
:1043D000342F736F75726365732F6E65776C6962C6
:1043E0002D63796777696E2F6E65776C69622F6CC4
:1043F0006962632F7374646C69622F64746F612ED9
:10440000630000002F5F5F772F61726D2D6E6F6EFE
:10441000652D656162692D6763632D787061636BDB
:104420002F61726D2D6E6F6E652D656162692D67EE
:1044300063632D787061636B2F6275696C642D61A5
:1044400073736574732F6275696C642F6C696E7514
:10445000782D7836342F736F75726365732F6E65A0
:10446000776C69622D63796777696E2F6E65776CFB
:1044700069622F6C6962632F7374646C69622F6D5B
:10448000707265632E6300006E660000696E697469
:1044900079000000616E00002C2066756E637469FF
:1044A0006F6E3A2000000000617373657274696F6B
:1044B0006E2022257322206661696C65643A20664D
:1044C000696C6520222573222C206C696E6520257D
:1044D00064257325730A00002F5F5F772F61726D6B
:1044E0002D6E6F6E652D656162692D6763632D7832
:1044F0007061636B2F61726D2D6E6F6E652D6561DE
:1045000062692D6763632D787061636B2F627569D3
:104510006C642D6173736574732F6275696C642F9D
:104520006C696E75782D7836342F736F757263658C
:10453000732F6E65776C69622D63796777696E2F6B
:104540006E65776C69622F6C6962632F7374646C3B
:1045500069622F6764746F612D6765746865782E72
:10456000630000000A0001000200030004000500CF
:1045700006000700080009000A000B000C000D00EF
:104580000E000F001000000030303030303030307E
:10459000303030303030303020202020202020209B
:1045A00020202020202020204300000000000000C8
:1045B00000000000000000000000000000000000FB
:1045C00000000000000000004300000000000000A8
:1045D00000000000000000000000000000000000DB
:1045E0000000000000000000430000000000000088
:1045F00000000000000000000000000000000000BB
:104600000000000000000000430000000000000067
:10461000000000000000000000000000000000009A
:104620000000000000000000430000000000000047
:10463000000000000000000000000000000000007A
:104640000000000000000000430000000000000027
:10465000000000000000000000000000000000005A
:104660000000000000000000430000000000000007
:10467000000000000000000000000000000000003A
:1046800000000000000000000D730100794C0100E3
:1046900000000000CC40020014430200A4440200C9
:1046A000A4440200A4440200A4440200A444020062
:1046B000A4440200A4440200A4440200A444020052
:1046C000FFFFFFFFFFFFFFFFFFFFFFFFFFFF0000F8
:1046D0000100415343494900000000000000000070
:1046E00000000000000000000000000000000000CA
:1046F0000000415343494900000000000000000051
:1047000000000000000000000000000000000000A9
:10471000000000000443020018430200244302008A
:10472000304302003C430200484302005043020071
:104730000400000000000500000401010101010661
:104740000106000400000000000000000000040456
:10475000000000000602020202020602060606042B
:1047600006060606060606060606030306060600F5
:104770000000000000000000020000000000000037
:1047800000050404040404070407000300000000FB
:10479000000000000000010100000000070101010D
:1047A00001010701070707060707070707070707AC
:1047B00007070000070707000000000000000000D6
:1047C00005000000190000007D000000000000004E
:1047D000BC89D897B2D29C3C33A7A8D523F64939D7
:1047E0003DA7F444FD0FA5329D978CCF08BA5B25F9
:1047F000436FAC642806C80A0080E03779C34143A0
:10480000176E05B5B5B89346F5F93FE9034F384D36
:10481000321D30F94877825A3CBF737FDD4F1575E2
:10482000000000000000F03F0000000000002440F5
:1048300000000000000059400000000000408F40D0
:10484000000000000088C34000000000006AF8403B
:104850000000000080842E4100000000D01263415F
:104860000000000084D797410000000065CDCD41D5
:10487000000000205FA00242000000E876483742B6
:10488000000000A2941A6D42000040E59C30A24254
:104890000000901EC4BCD64200003426F56B0C43C9
:1048A0000080E03779C3414300A0D8855734764370
:1048B00000C84E676DC1AB43003D9160E458E143D1
:1048C000408CB5781DAF154450EFE2D6E41A4B4446
:1048D00092D54D06CFF08044F64AE1C7022DB5448B
:1048E000B49DD9794378EA4434000000CEFBFFFF41
:1048F000CB030000010000000000000035000000B4
:10490000CEFBFFFFCB030000010000000000000011
:10491000BC89D897B2D29C3C33A7A8D523F6493995
:104920003DA7F444FD0FA5329D978CCF08BA5B25B7
:10493000436FAC64280668110C5F104E154E2A4E6A
:10494000314E364E3C4E3F4E424E564E584E824EA3
:10495000854E6B8C8A4E12820D5F8E4E9E4E9F4E00
:10496000A04EA24EB04EB34EB64ECE4ECD4EC44E1D
:10497000C64EC24ED74EDE4EED4EDF4EF74E094FBD
:104980005A4F304F5B4F5D4F574F474F764F884FD1
:104990008F4F984F7B4F694F704F914F6F4F864F9E
:1049A000964F1851D44FDF4FCE4FD84FDB4FD14FDA
:1049B000DA4FD04FE44FE54F1A50285014502A5088
:1049C000255005501C4FF64F215029502C50FE4FBA
:1049D000EF4F115006504350475003675550505009
:1049E00048505A5056506C50785080509A508550CC
:1049F000B450B250C950CA50B350C250D650DE5015
:104A0000E550ED50E350EE50F950F5500951015189
:104A100002511651155114511A5121513A51375121
:104A20003C513B513F51405152514C5154516251B4
:104A3000F87A69516A516E5180518251D8568C5121
:104A400089518F519151935195519651A451A6512D
:104A5000A251A951AA51AB51B351B151B251B05168
:104A6000B551BD51C551C951DB51E0515586E95190
:104A7000ED51F051F551FE5104520B5214520E52A9
:104A800027522A522E52335239524F5244524B52CD
:104A90004C525E5254526A527452695273527F524F
:104AA0007D528D5294529252715288529152A88FD7
:104AB000A78FAC52AD52BC52B552C152CD52D75253
:104AC000DE52E352E652ED98E052F352F552F852BC
:104AD000F9520653085338750D5310530F5315539D
:104AE0001A5323532F5331533353385340534653A0
:104AF0004553174E49534D53D6515E5369536E5328
:104B000018597B53775382539653A053A653A553FA
:104B1000AE53B053B653C353127CD996DF53FC66E1
:104B2000EE71EE53E853ED53FA5301543D544054A3
:104B30002C542D543C542E54365429541D544E5448
:104B40008F5475548E545F547154775470549254EA
:104B50007B5480547654845490548654C754A25441
:104B6000B854A554AC54C454C854A854AB54C254FB
:104B7000A454BE54BC54D854E554E6540F551455AF
:104B8000FD54EE54ED54FA54E254395540556355F2
:104B90004C552E555C55455556555755385533553A
:104BA0005D5599558055AF548A559F557B557E5517
:104BB00098559E55AE557C558355A9558755A85592
:104BC000DA55C555DF55C455DC55E455D455145652
:104BD000F7551656FE55FD551B56F9554E5650566F
:104BE000DF7134563656325638566B5664562F5649
:104BF0006C566A56865680568A56A05694568F56DC
:104C0000A556AE56B656B456C256BC56C156C35635
:104C1000C056C856CE56D156D356D756EE56F9562C
:104C20000057FF560457095708570B570D5713578E
:104C300018571657C7551C572657375738574E57CA
:104C40003B5740574F576957C057885761577F5751
:104C500089579357A057B357A457AA57B057C3576C
:104C6000C657D457D257D3570A58D657E3570B587D
:104C700019581D587258215862584B587058C06BBB
:104C800052583D5879588558B9589F58AB58BA581A
:104C9000DE58BB58B858AE58C558D358D158D75815
:104CA000D958D858E558DC58E458DF58EF58FA5826
:104CB000F958FB58FC58FD5802590A5910591B590C
:104CC000A66825592C592D59325938593E59D27A4E
:104CD000555950594E595A5958596259605967593E
:104CE0006C596959785981599D595E4FAB4FA359F9
:104CF000B259C659E859DC598D59D959DA59255A4A
:104D00001F5A115A1C5A095A1A5A405A6C5A495A6F
:104D1000355A365A625A6A5A9A5ABC5ABE5ACB5AAD
:104D2000C25ABD5AE35AD75AE65AE95AD65AFA5ADB
:104D3000FB5A0C5B0B5B165B325BD05A2A5B365B13
:104D40003E5B435B455B405B515B555B5A5B5B5B2A
:104D5000655B695B705B735B755B785B88657A5BD1
:104D6000805B835BA65BB85BC35BC75BC95BD45BE3
:104D7000D05BE45BE65BE25BDE5BE55BEB5BF05B41
:104D8000F65BF35B055C075C085C0D5C135C205C08
:104D9000225C285C385C395C415C465C4E5C535C50
:104DA000505C4F5C715B6C5C6E5C624E765C795CF7
:104DB0008C5C915C945C9B59AB5CBB5CB65CBC5CF2
:104DC000B75CC55CBE5CC75CD95CE95CFD5CFA5C49
:104DD000ED5C8C5DEA5C0B5D155D175D5C5D1F5DD8
:104DE0001B5D115D145D225D1A5D195D185D4C5DE2
:104DF000525D4E5D4B5D6C5D735D765D875D845D80
:104E0000825DA25D9D5DAC5DAE5DBD5D905DB75D9B
:104E1000BC5DC95DCD5DD35DD25DD65DDB5DEB5D17
:104E2000F25DF55D0B5E1A5E195E115E1B5E365E0D
:104E3000375E445E435E405E4E5E575E545E5F5E2C
:104E4000625E645E475E755E765E7A5EBC9E7F5E85
:104E5000A05EC15EC25EC85ED05ECF5ED65EE35E1F
:104E6000DD5EDA5EDB5EE25EE15EE85EE95EEC5E40
:104E7000F15EF35EF05EF45EF85EFE5E035F095F76
:104E80005D5F5C5F0B5F115F165F295F2D5F385FB1
:104E9000415F485F4C5F4E5F2F5F515F565F575FCA
:104EA000595F615F6D5F735F775F835F825F7F5F75
:104EB0008A5F885F915F875F9E5F995F985FA05F61
:104EC000A85FAD5FBC5FD65FFB5FE45FF85FF15F3B
:104ED000DD5FB360FF5F2160606019601060296072
:104EE0000E6031601B6015602B6026600F603A60B9
:104EF0005A6041606A6077605F604A6046604D60FA
:104F000063604360646042606C606B6059608160A4
:104F10008D60E76083609A6084609B6096609760B4
:104F20009260A7608B60E160B860E060D360B460BD
:104F3000F05FBD60C660B560D8604D611561066107
:104F4000F660F7600061F460FA6003612161FB6064
:104F5000F1600D610E6147613E61286127614A6120
:104F60003F613C612C6134613D6142614461736128
:104F70007761586159615A616B6174616F616561F4
:104F800071615F615D61536175619961966187616E
:104F9000AC6194619A618A619161AB61AE61CC61EF
:104FA000CA61C961F761C861C361C661BA61CB6199
:104FB000797FCD61E661E361F661FA61F461FF61D9
:104FC000FD61FC61FE610062086209620D620C62B3
:104FD00014621B621E6221622A622E623062326299
:104FE000336241624E625E6263625B62606268620B
:104FF0007C62826289627E62926293629662D4620D
:1050000083629462D762D162BB62CF62FF62C66282
:10501000D464C862DC62CC62CA62C262C7629B624C
:10502000C9620C63EE62F162276302630863EF6298
:10503000F56250633E634D631C644F6396638E63F9
:105040008063AB637663A3638F6389639F63B56398
:105050006B636963BE63E963C063C663E363C9638B
:10506000D263F663C463166434640664136426640E
:1050700036641D65176428640F6467646F64766422
:105080004E642A6595649364A564A9648864BC64CD
:10509000DA64D264C564C764BB64D864C264F16472
:1050A000E7640982E064E164AC62E364EF642C6568
:1050B000F664F464F264FA640065FD6418651C65C6
:1050C0000565246523652B6534653565376536656B
:1050D00038654B754865566555654D6558655E651F
:1050E0005D6572657865826583658A8B9B659F6562
:1050F000AB65B765C365C665C165C465CC65D2657A
:10510000DB65D965E065E165F16572670A6603668E
:10511000FB6573673566366634661C664F664466A3
:10512000496641665E665D666466676668665F6678
:1051300062667066836688668E668966846698662F
:105140009D66C166B966C966BE66BC66C466B86659
:10515000D666DA66E0663F66E666E966F066F5669C
:10516000F7660F6716671E672667276738972E67EB
:105170003F67366741673867376746675E676067CE
:1051800059676367646789677067A9677C676A673F
:105190008C678B67A667A1678567B767EF67B4679A
:1051A000EC67B367E967B867E467DE67DD67E26706
:1051B000EE67B967CE67C667E7679C6A1E68466890
:1051C000296840684D6832684E68B3682B68596832
:1051D000636877687F689F688F68AD6894689D682A
:1051E0009B688368AE6AB9687468B568A068BA6875
:1051F0000F698D687E680169CA680869D868226984
:105200002669E1680C69CD68D468E768D5683669B5
:1052100012690469D768E3682569F968E068EF688E
:1052200028692A691A6923692169C66879697769D1
:105230005C6978696B6954697E696E6939697469FA
:105240003D695969306961695E695D6981696A6949
:10525000B269AE69D069BF69C169D369BE69CE69F7
:10526000E85BCA69DD69BB69C369A7692E6A916990
:10527000A0699C699569B469DE69E869026A1B6A7C
:10528000FF690A6BF969F269E769056AB1691E6A23
:10529000ED69146AEB690A6A126AC16A236A136AC1
:1052A000446A0C6A726A366A786A476A626A596A3C
:1052B000666A486A386A226A906A8D6AA06A846A55
:1052C000A26AA36A976A1786BB6AC36AC26AB86A87
:1052D000B36AAC6ADE6AD16ADF6AAA6ADA6AEA6A23
:1052E000FB6A056B1686FA6A126B166B319B1F6B95
:1052F000386B376BDC76396BEE98476B436B496BD9
:10530000506B596B546B5B6B5F6B616B786B796B3C
:105310007F6B806B846B836B8D6B986B956B9E6BD7
:10532000A46BAA6BAB6BAF6BB26BB16BB36BB76BB0
:10533000BC6BC66BCB6BD36BDF6BEC6BEB6BF36B4C
:10534000EF6BBE9E086C136C146C1B6C246C236C8E
:105350005E6C556C626C6A6C826C8D6C9A6C816C44
:105360009B6C7E6C686C736C926C906CC46CF16C12
:10537000D36CBD6CD76CC56CDD6CAE6CB16CBE6CA7
:10538000BA6CDB6CEF6CD96CEA6C1F6D4D88366DB6
:105390002B6D3D6D386D196D356D336D126D0C6D66
:1053A000636D936D646D5A6D796D596D8E6D956DEC
:1053B000E46F856DF96D156E0A6EB56DC76DE66D9E
:1053C000B86DC66DEC6DDE6DCC6DE86DD26DC56DE2
:1053D000FA6DD96DE46DD56DEA6DEE6D2D6E6E6E64
:1053E0002E6E196E726E5F6E3E6E236E6B6E2B6E3E
:1053F000766E4D6E1F6E436E3A6E4E6E246EFF6E6D
:105400001D6E386E826EAA6E986EC96EB76ED36EC0
:10541000BD6EAF6EC46EB26ED46ED56E8F6EA56E5D
:10542000C26E9F6E416F116F4C70EC6EF86EFE6E27
:105430003F6FF26E316FEF6E326FCC6E3E6F136F57
:10544000F76E866F7A6F786F816F806F6F6F5B6FAB
:10545000F36F6D6F826F7C6F586F8E6F916FC26F3D
:10546000666FB36FA36FA16FA46FB96FC66FAA6F9A
:10547000DF6FD56FEC6FD46FD86FF16FEE6FDB6FAE
:1054800009700B70FA6F117001700F70FE6F1B7056
:105490001A70746F1D7018701F7030703E7032700B
:1054A0005170637099709270AF70F170AC70B87099
:1054B000B370AE70DF70CB70DD70D9700971FD70A4
:1054C0001C711971657155718871667162714C71C9
:1054D00056716C718F71FB7184719571A871AC718B
:1054E000D771B971BE71D271C971D471CE71E071C9
:1054F000EC71E771F571FC71F971FF710D72107249
:105500001B7228722D722C72307232723B723C7296
:105510003F72407246724B72587274727E7282721F
:105520008172877292729672A272A772B972B27207
:10553000C372C672C472CE72D272E272E072E1724B
:10554000F972F7720F5017730A731C7316731D7379
:1055500034732F73297325733E734E734F73D89E24
:1055600057736A7368737073787375737B737A7328
:10557000C873B373CE73BB73C073E573EE73DE731E
:10558000A27405746F742574F87332743A74557488
:105590003F745F74597441745C746974707463749B
:1055A0006A7476747E748B749E74A774CA74CF7494
:1055B000D474F173E074E374E774E974EE74F27414
:1055C000F074F174F874F7740475037505750C754F
:1055D0000E750D75157513751E7526752C753C7534
:1055E00044754D754A7549755B7546755A7569758B
:1055F000647567756B756D75787576758675877565
:1056000074758A758975827594759A759D75A57579
:10561000A375C275B375C375B575BD75B875BC7521
:10562000B175CD75CA75D275D975E375DE75FE7520
:10563000FF75FC750176F075FA75F275F3750B76EA
:105640000D7609761F7627762076217622762476C7
:10565000347630763B764776487646765C76587672
:1056600061766276687669766A7667766C76707649
:105670007276767678767C768076837688768B7688
:105680008E769676937699769A76B076B476B87664
:10569000B976BA76C276CD76D676D276DE76E176F1
:1056A000E576E776EA762F86FB7608770777047744
:1056B000297724771E77257726771B7737773877F2
:1056C00047775A7768776B775B7765777F777E77F1
:1056D00079778E778B779177A0779E77B077B6774B
:1056E000B977BF77BC77BD77BB77C777CD77D777EB
:1056F000DA77DC77E377EE77FC770C781278267927
:1057000020782A7945788E78747886787C789A78AB
:105710008C78A378B578AA78AF78D178C678CB782A
:10572000D478BE78BC78C578CA78EC78E778DA782F
:10573000FD78F47807791279117919792C792B7918
:105740004079607957795F795A79557953797A79BF
:105750007F798A799D79A7794B9FAA79AE79B379B8
:10576000B979BA79C979D579E779EC79E179E379C9
:10577000087A0D7A187A197A207A1F7A8079317A24
:105780003B7A3E7A377A437A577A497A617A627AF3
:10579000697A9D9F707A797A7D7A887A977A957AF4
:1057A000987A967AA97AC87AB07AB67AC57AC47A9B
:1057B000BF7A8390C77ACA7ACD7ACF7AD57AD37AEC
:1057C000D97ADA7ADD7AE17AE27AE67AED7AF07AF3
:1057D000027B0F7B0A7B067B337B187B197B1E7B4E
:1057E000357B287B367B507B7A7B047B4D7B0B7B28
:1057F0004C7B457B757B657B747B677B707B717BAA
:105800006C7B6E7B9D7B987B9F7B8D7B9C7B9A7B4F
:105810008B7B927B8F7B5D7B997BCB7BC17BCC7BB6
:10582000CF7BB47BC67BDD7BE97B117C147CE67B84
:10583000E57B607C007C077C137CF37BF77B177C2B
:105840000D7CF67B237C277C2A7C1F7C377C2B7C81
:105850003D7C4C7C437C547C4F7C407C507C587C11
:105860005F7C647C567C657C6C7C757C837C907CE6
:10587000A47CAD7CA27CAB7CA17CA87CB37CB27CFC
:10588000B17CAE7CB97CBD7CC07CC57CC27CD87C44
:10589000D27CDC7CE27C3B9BEF7CF27CF47CF67C73
:1058A000FA7C067D027D1C7D157D0A7D457D4B7D44
:1058B0002E7D327D3F7D357D467D737D567D4E7DCF
:1058C000727D687D6E7D4F7D637D937D897D5B7D7F
:1058D0008F7D7D7D9B7DBA7DAE7DA37DB57DC77DB2
:1058E000BD7DAB7D3D7EA27DAF7DDC7DB87D9F7DA6
:1058F000B07DD87DDD7DE47DDE7DFB7DF27DE17DCB
:10590000057E0A7E237E217E127E317E1F7E097EE9
:105910000B7E227E467E667E3B7E357E397E437ED2
:10592000377E327E3A7E677E5D7E567E5E7E597E13
:105930005A7E797E6A7E697E7C7E7B7E837ED57D83
:105940007D7EAE8F7F7E887E897E8C7E927E907EED
:10595000937E947E967E8E7E9B7E9C7E387F3A7F61
:10596000457F4C7F4D7F4E7F507F517F557F547FC9
:10597000587F5F7F607F687F697F677F787F827FE6
:10598000867F837F887F877F8C7F947F9E7F9D7FAC
:105990009A7FA37FAF7FB27FB97FAE7FB67FB87F9C
:1059A000718BC57FC67FCA7FD57FD47FE17FE67FBD
:1059B000E97FF37FF97FDC98068004800B801280FA
:1059C000188019801C80218028803F803B804A807D
:1059D0004680528058805A805F80628068807380E1
:1059E00072807080768079807D807F8084808680E0
:1059F00085809B8093809A80AD809051AC80DB80C5
:105A0000E580D980DD80C480DA80D6800981EF808E
:105A1000F1801B81298123812F814B818B964681C7
:105A20003E8153815181FC8071816E8165816681E7
:105A30007481838188818A8180818281A08195811E
:105A4000A481A3815F819381A981B081B581BE8149
:105A5000B881BD81C081C281BA81C981CD81D18126
:105A6000D981D881C881DA81DF81E081E781FA813B
:105A7000FB81FE8101820282058207820A820D82F9
:105A80001082168229822B82388233824082598288
:105A900058825D825A825F826482628268826A82F0
:105AA0006B822E827182778278827E828D82928250
:105AB000AB829F82BB82AC82E182E382DF82D282B0
:105AC000F482F382FA8293830383FB82F982DE827B
:105AD0000683DC820983D98235833483168332833B
:105AE000318340833983508345832F832B831783EE
:105AF000188385839A83AA839F83A28396832383B3
:105B00008E8387838A837C83B58373837583A08325
:105B10008983A883F4831384EB83CE83FD8303847A
:105B2000D8830B84C183F7830784E083F2830D84D9
:105B300022842084BD8338840685FB836D842A8477
:105B40003C845A85848477846B84AD846E8482849B
:105B5000698446842C846F8479843584CA84628401
:105B6000B984BF849F84D984CD84BB84DA84D084F3
:105B7000C184C684D684A1842185FF84F4841785DA
:105B800018852C851F8515851485FC8440856385C3
:105B900058854885418502864B8555858085A48535
:105BA000888591858A85A8856D8594859B85EA85FC
:105BB00087859C8577857E859085C985BA85CF85C3
:105BC000B985D085D585DD85E585DC85F9850A86AD
:105BD00013860B86FE85FA85068622861A8630860F
:105BE0003F864D86554E54865F86678671869386BE
:105BF000A386A986AA868B868C86B686AF86C4863F
:105C0000C686B086C9862388AB86D486DE86E986BA
:105C1000EC86DF86DB86EF8612870687088700879B
:105C20000387FB86118709870D87F9860A873487E2
:105C30003F8737873B87258729871A8760875F8754
:105C400078874C874E877487578768876E87598710
:105C5000538763876A870588A2879F878287AF8774
:105C6000CB87BD87C087D087D696AB87C487B387DD
:105C7000C787C687BB87EF87F287E0870F880D88C5
:105C8000FE87F687F7870E88D287118816881588D1
:105C90002288218831883688398827883B8844883B
:105CA0004288528859885E8862886B8881887E889D
:105CB0009E8875887D88B588728882889788928842
:105CC000AE889988A2888D88A488B088BF88B1885A
:105CD000C388C488D488D888D988DD88F98802899F
:105CE000FC88F488E888F28804890C890A89138979
:105CF00043891E8925892A892B89418944893B89C1
:105D0000368938894C891D8960895E8966896489EC
:105D10006D896A896F89748977897E898389888981
:105D20008A8993899889A189A989A689AC89AF892B
:105D3000B289BA89BD89BF89C089DA89DC89DD89E0
:105D4000E789F489F889038A168A108A0C8A1B8AE3
:105D50001D8A258A368A418A5B8A528A468A488AFF
:105D60007C8A6D8A6C8A628A858A828A848AA88AF9
:105D7000A18A918AA58AA68A9A8AA38AC48ACD8A88
:105D8000C28ADA8AEB8AF38AE78AE48AF18A148B78
:105D9000E08AE28AF78ADE8ADB8A0C8B078B1A8B11
:105DA000E18A168B108B178B208B338BAB97268B4E
:105DB0002B8B3E8B288B418B4C8B4F8B4E8B498B87
:105DC000568B5B8B5A8B6B8B5F8B6C8B6F8B748B57
:105DD0007D8B808B8C8B8E8B928B938B968B998B00
:105DE0009A8B3A8C418C3F8C488C4C8C4E8C508CCE
:105DF000558C628C6C8C788C7A8C828C898C858C9E
:105E00008A8C8D8C8E8C948C7C8C988C1D62AD8C45
:105E1000AA8CBD8CB28CB38CAE8CB68CC88CC18C69
:105E2000E48CE38CDA8CFD8CFA8CFB8C048D058D74
:105E30000A8D078D0F8D0D8D108D4E9F138DCD8C7E
:105E4000148D168D678D6D8D718D738D818D998DEE
:105E5000C28DBE8DBA8DCF8DDA8DD68DCC8DDB8D7A
:105E6000CB8DEA8DEB8DDF8DE38DFC8D088E098E59
:105E7000FF8D1D8E1E8E108E1F8E428E358E308EA3
:105E8000348E4A8E478E498E4C8E508E488E598E57
:105E9000648E608E2A8E638E558E768E728E7C8E88
:105EA000818E878E858E848E8B8E8A8E938E918E38
:105EB000948E998EAA8EA18EAC8EB08EC68EB18E27
:105EC000BE8EC58EC88ECB8EDB8EE38EFC8EFB8E97
:105ED000EB8EFE8E0A8F058F158F128F198F138F01
:105EE0001C8F1F8F1B8F0C8F268F338F3B8F398F0B
:105EF000458F428F3E8F4C8F498F468F4E8F578FE5
:105F00005C8F628F638F648F9C8F9F8FA38FAD8F09
:105F1000AF8FB78FDA8FE58FE28FEA8FEF8F8790A1
:105F2000F48F0590F98FFA8F1190159021900D90B4
:105F30001E9016900B902790369035903990F88FE0
:105F40004F905090519052900E9049903E905690A4
:105F500058905E9068906F907690A896729082901C
:105F60007D90819080908A9089908F90A890AF903A
:105F7000B190B590E290E4904862DB90029112916A
:105F80001991329130914A9156915891639165914E
:105F90006991739172918B9189918291A291AB9148
:105FA000AF91AA91B591B491BA91C091C191C991A3
:105FB000CB91D091D691DF91E191DB91FC91F5915C
:105FC000F6911E92FF9114922C92159211925E926C
:105FD0005792459249926492489295923F924B9281
:105FE00050929C92969293929B925A92CF92B9928F
:105FF000B792E9920F93FA9244932E9319932293B6
:106000001A9323933A9335933B935C9360937C93D9
:106010006E935693B093AC93AD939493B993D693F8
:10602000D793E893E593D893C393DD93D093C89324
:10603000E4931A941494139403940794109436944C
:106040002B94359421943A944194529444945B94C3
:10605000609462945E946A94299270947594779493
:106060007D945A947C947E9481947F9482958795B4
:106070008A959495969598959995A095A895A795A4
:10608000AD95BC95BB95B995BE95CA95F66FC39570
:10609000CD95CC95D595D495D695DC95E195E5959E
:1060A000E295219628962E962F9642964C964F96DC
:1060B0004B9677965C965E965D965F966696729620
:1060C0006C968D96989695969796AA96A796B19661
:1060D000B296B096B496B696B896B996CE96CB963A
:1060E000C996CD964D89DC960D97D596F99604976D
:1060F0000697089713970E9711970F97169719976A
:1061000024972A97309739973D973E97449746971B
:106110004897429749975C97609764976697689706
:10612000D2526B977197799785977C9781977A97D9
:1061300086978B978F9790979C97A897A697A397EA
:10614000B397B497C397C697C897CB97DC97ED974B
:106150004F9FF297DF7AF697F5970F980C9838983B
:106160002498219837983D9846984F984B986B986B
:106170006F987098719874987398AA98AF98B1981E
:10618000B698C498C398C698E998EB98039909996A
:1061900012991499189921991D991E992499209959
:1061A0002C992E993D993E99429949994599509932
:1061B0004B99519952994C99559997999899A599B4
:1061C000AD99AE99BC99DF99DB99DD99D899D199B0
:1061D000ED99EE99F199F299FB99F899019A0F9A34
:1061E000059AE299199A2B9A379A459A429A409AB7
:1061F000439A3E9A559A4D9A5B9A579A5F9A629A39
:10620000659A649A699A6B9A6A9AAD9AB09ABC9A9E
:10621000C09ACF9AD19AD39AD49ADE9ADF9AE29A08
:10622000E39AE69AEF9AEB9AEE9AF49AF19AF79A31
:10623000FB9A069B189B1A9B1F9B229B239B259BCB
:10624000279B289B299B2A9B2E9B2F9B329B449B01
:10625000439B4F9B4D9B4E9B519B589B749B939B89
:10626000839B919B969B979B9F9BA09BA89BB49B7A
:10627000C09BCA9BB99BC69BCF9BD19BD29BE39BE8
:10628000E29BE49BD49BE19B3A9CF29BF19BF09BAD
:10629000159C149C099C139C0C9C069C089C129CAD
:1062A0000A9C049C2E9C1B9C259C249C219C309C1D
:1062B000479C329C469C3E9C5A9C609C679C769C6A
:1062C000789CE79CEC9CF09C099D089DEB9C039DB1
:1062D000069D2A9D269DAF9D239D1F9D449D159D36
:1062E000129D419D3F9D3E9D469D489D5D9D5E9DAD
:1062F000649D519D509D599D729D899D879DAB9D2B
:106300006F9D7A9D9A9DA49DA99DB29DC49DC19D9E
:10631000BB9DB89DBA9DC69DCF9DC29DD99DD39D65
:10632000F89DE69DED9DEF9DFD9D1A9E1B9E1E9E78
:10633000759E799E7D9E819E889E8B9E8C9E929E50
:10634000959E919E9D9EA59EA99EB89EAA9EAD9E3D
:106350006197CC9ECE9ECF9ED09ED49EDC9EDE9E2C
:10636000DD9EE09EE59EE89EEF9EF49EF69EF79EE3
:10637000F99EFB9EFC9EFD9E079F089FB776159F8A
:10638000219F2C9F3E9F4A9F529F549F639F5F9FD8
:10639000609F619F669F679F6C9F6A9F779F729FB8
:1063A000769F959F9C9FA09F2F58C76959906474B2
:1063B000DC5199719C4E1655035A3F96C0541B618F
:1063C0002863F659229075841C83507AAA60E16391
:1063D000256EED656684A682F59B93682757A165B7
:1063E00071629B5BD0597B86F498627DBE7D8E9BEB
:1063F00016629F7CB788895BB55E096397664868BB
:10640000C7958D974F67E54E0A4F4D4F9D4F4950A9
:10641000F2563759D459015A095CDF600F61706137
:1064200013660569BA704F757075FB79AD7DEF7DA8
:10643000C3800E846388028B55907A903B53954EAF
:10644000A54EDF57B280C190EF78004EF158A26E92
:106450003890327A28838B822F9C41517053BD54DF
:10646000E154E056FB59155FF298EB6DE4802D8501
:1064700062967096A096FB970B54F353875BCF7090
:10648000BD7FC28FE8966F535C9DBA7A114E9378A8
:10649000FC81266E185604551D6B1A853B9CE559E8
:1064A000A953666DDC748F954256914E4B90F296CF
:1064B0004F830C99E153B655305B715F2066F366EC
:1064C0000468386CF36C296D5B74C8764E7A349826
:1064D000F1825B88608AED92B26DAB75CA76C59920
:1064E000A660018B8A8DB2958E69AD538651125785
:1064F00030584459B45BF65E2860A963F463BF6CFE
:10650000146F8E7014715971D5713F73017E76824C
:10651000D182978560905B921B9D6958BC655A6CCF
:106520002575F9512E596559805FDC5FBC62FA65AB
:106530002A6A276BB46B8B73C17F56892C9D0E9D85
:10654000C49EA15C966C7B8304514B5CB661C68192
:1065500076686172594EFA4F78536960296E4F7AA6
:10656000F3970B4E1653EE4E554F3D4FA14F734FC1
:10657000A052EF5309560F59C15AB65BE15BD1796E
:1065800087669C67B6674C6BB36C6B70C2738D7912
:10659000BE793C7A877BB182DB8204837783EF8389
:1065A000D3836687B28A2956A88CE68F4E901E97B1
:1065B0008A86C44FE85C116259723B75E581BD82E1
:1065C000FE86C08CC5961399D599CB4E1A4FE38998
:1065D000DE564A58CA58FB5EEB5F2A6094606260E0
:1065E000D0611262D0623965419B6666B068776D92
:1065F00070704C758676757DA582F9878B958E9621
:106600009D8CF151BE521659B354B35B165D68614F
:106610008269AF6D8D78CB845788728AA793B89AB8
:106620006C6DA899D986A357FF67CE860E928352C8
:1066300087560454D35EE162B9643C683868BB6B2A
:106640007273BA786B7A9A89D2896B8D038FED90C9
:10665000A39594966997665BB35C7D694D984E9857
:106660009B63207B2B6A7F6AB6680D9C5F6F7252BA
:106670009D557060EC623B6D076ED16E5B84108936
:10668000448F144E399CF6531B693A6A84972A68E2
:106690005C51C37AB284DC918C935B56289D22684E
:1066A00005833184A57C0852C582E6747E4E834FF3
:1066B000A051D25B0A52D852E752FB5D9A552A5834
:1066C000E6598C5B985BDB5B725E795EA3601F6151
:1066D0006361BE61DB636265D1675368FA683E6BD4
:1066E000536B576C226F976F456FB0741875E376D4
:1066F0000B77FF7AA17B217CE97D367FF07F9D803F
:1067000066829E83B389CC8AAB8C84905194939596
:106710009195A2956596D39728991882384E2B5457
:10672000B85CCC5DA9734C763C77A95CEB7F0B8D94
:10673000C196119854985898014F0E4F71539C551B
:106740006856FA574759095BC45B905C0C5E7E5EE5
:10675000CC5FEE633A67D765E2651F67CB68C468B4
:106760005F6A305EC56B176C7D6C7F754879635BC3
:10677000007A007DBD5F8F89188AB48C778DCC8EAE
:106780001D8FE2980E9A3C9B804E7D50005193598C
:106790009C5B2F628062EC643A6BA07291754779C2
:1067A000A97FFB87BC8A708BAC63CA83A09709540E
:1067B0000354AB555468586A708A27787567CD9E24
:1067C0007453A25B1A8150860690184E454EC74EF0
:1067D000114FCA533854AE5B135F256051653D6756
:1067E000426C726CE36C78700374767AAE7A087BD4
:1067F0001A7DFE7C667DE7655B72BB53455CE85D98
:10680000D262E0621963206E5A86318ADD8DF89279
:10681000016FA6795A9BA84EAB4EAC4E9B4FA04F32
:10682000D1504751F67A7151F651545321537F5349
:10683000EB53AC558358E15C375F4A5F2F60506083
:106840006D601F6359654B6AC16CC272ED72EF7760
:10685000F880058108824E85F790E193FF9757995C
:106860005A9AF04EDD512D5C81666D69405CF2668E
:10687000756989735068817CC550E4524757FE5D45
:106880002693A465236B3D6B34748179BD794B7B72
:10689000CA7DB982CC837F885F89398BD18FD191B2
:1068A0001F5480925D4E3650E5533A53D77296731B
:1068B000E977E682AF8EC699C899D29977511A6165
:1068C0005E86B0557A7A7650D35B47908596324E85
:1068D000DB6AE791515C485C98639F7A936C74978C
:1068E000618FAA7A8A718896827C1768707E516857
:1068F0006C93F2521B54AB85138AA47FCD8EE1902A
:10690000665388884179C24FBE5011524451535545
:106910002D57EA738B575159625F845F75607661BA
:106920006761A961B2633A646C656F664268136E11
:1069300066753D7AFB7C4C7D997D4B7E6B7F0E832B
:106940004A83CD86088A638A668BFD8E1A988F9D4E
:10695000B882CE8FE89B87521F628364C06F99967E
:1069600041689150206B7A6C546F747A507D4088E6
:10697000238A0867F64E3950265065507C513852AC
:106980006352A7550F570558CC5AFA5EB261F861A9
:10699000F36272631C69296A7D72AC722E7314787B
:1069A0006F78797D0C77A9808B89198BE28CD28ED8
:1069B000639075937A965598139A789E43519F5396
:1069C000B3537B5E265F1B6E906E8473FE73437DB4
:1069D0003782008AFA8A50964E4E0B50E4537C540C
:1069E000FA56D159645BF15DAB5E275F386245654D
:1069F000AF67566ED072CA7CB488A180E180F08304
:106A00004E86878AE88D3792C7966798139F944E73
:106A1000924E0D4F485349543E542F5A8C5FA15FFC
:106A20009F60A7688E6A5A7481789E8AA48A778B41
:106A300090915E4EC99BA44E7C4FAF4F195016509B
:106A400049516C519F52B952FE529A53E35311541B
:106A50000E5489555157A2577D59545B5D5B8F5B2E
:106A6000E55DE75DF75D785E835E9A5EB75E185F11
:106A700052604C619762D862A7633B6502664366C9
:106A8000F4666D6721689768CB695F6C2A6D696DE4
:106A90002F6E9D6E327587766C783F7AE07C057D2F
:106AA000187D5E7DB17D15800380AF80B1805481FB
:106AB0008F812A8252834C8861881B8BA28CFC8C2C
:106AC000CA90759171923F78FC92A4954D96059865
:106AD0009999D89A3B9D5B52AB52F7530854D558BD
:106AE000F762E06F6A8C5F8FB99E4B513B524A54FC
:106AF000FD56407A7791609DD29E4473096F7081F4
:106B00001175FD5FDA60A89ADB72BC8F646B039825
:106B1000CA4EF0566457BE585A5A6860C7610F662D
:106B200006663968B168F76DD5753A7D6E82429B0D
:106B30009B4E504FC95306556F5DE65DEE5DFB679A
:106B4000996C73740278508A9693DF885057A75EC9
:106B50002B63B550AC508D510067C9545E58BB597A
:106B6000B05B695F4D62A1633D68736B086E7D70B9
:106B7000C7918072157826786D798E65307DDC83BB
:106B8000C188098F9B966452285750676A7FA18CF1
:106B9000B45142572A963A588A69B480B2540E5D6D
:106BA000FC579578FA9D5C4F4A528B543E64286698
:106BB0001467F567847A567B227D2F935C68AD9BC2
:106BC000397B19538A513752DF5BF662AE64E66453
:106BD0002D67BA6BA985D1969076D69B4C630693A8
:106BE000AB9BBF765266094E9850C253715CE86009
:106BF000926463655F68E671CA732375977B827ED2
:106C00009586838BDB8C78911099AC65AB668B6B2A
:106C1000D54ED44E3A4F7F4F3A52F853F253E35584
:106C2000DB56EB58CB59C959FF59505B4D5C025E9E
:106C30002B5ED75F1D6007632F655C5BAF65BD652D
:106C4000E8659D67626B7B6B0F6C45734979C17911
:106C5000F87C197D2B7DA2800281F38196895E8A62
:106C6000698A668A8C8AEE8AC78CDC8CCC96FC9802
:106C70006F6B8B4E3C4F8D4F5051575BFA5B4861A9
:106C800001634266216BCB6EBB6C3E72BD74D475E2
:106C9000C1783A790C803380EA8194849E8F506C5D
:106CA0007F9E0F5F588B2B9DFA7AF88E8D5BEB964B
:106CB000034EF153F7573159C95AA45B89607F6E6F
:106CC000066FBE75EA8C9F5B0085E07B7250F467AF
:106CD0009D82615C4A851E7E0E829951045C6863C8
:106CE000668D9C656E713E79177D05801D8BCA8E01
:106CF0006E90C786AA901F50FA523A5C53677C7018
:106D000035724C91C8912B93E582C25B315FF9607B
:106D10003B4ED653885B4B6231678A6BE972E073F6
:106D20002E7A6B81A38D529196991251D7536A5442
:106D3000FF5B8863396AAC7D0097DA56CE5368549E
:106D4000975B315CDE5DEE4F0161FE62326DC079B2
:106D5000CB79427D4D7ED27FED811F829084468823
:106D60007289908B748E2F8F31904B916C91C69657
:106D70009C91C04E4F4F45514153935F0E62D46773
:106D8000416C0B6E6373267ECD918392D453195957
:106D9000BF5BD16D5D792E7E9B7C7E589F71FA51D1
:106DA0005388F08FCA4FFB5C2566AC77E37A1C8270
:106DB000FF99C651AA5FEC656F69896BF36D966E9A
:106DC000646FFE76147DE15D759087910698E651BB
:106DD0001D5240629166D9661A6EB65ED27D727F90
:106DE000F866AF85F785F88AA952D95373598F5E33
:106DF000905F5560E4926496B7501F51DD52205366
:106E00004753EC53E8544655315517566859BE5907
:106E10003C5AB55B065C0F5C115C1A5C845E8A5E52
:106E2000E05E705F7F628462DB628C63776307661B
:106E30000C662D6676667E67A2681F6A356ABC6C32
:106E4000886D096E586E3C7126716771C775017740
:106E50005D7801796579F079E07A117BA77C397DDD
:106E60009680D6838B8449855D88F3881F8A3C8A07
:106E7000548A738A618CDE8CA49166927E931894F6
:106E80009C9698970A4E084E1E4E574E9751705238
:106E9000CE573458CC58225B385EC560FE646167BB
:106EA0005667446DB6727375637AB884728BB89105
:106EB00020933156F457FE98ED620D69966BED7193
:106EC000547E77807282E689DF985587B18F3B5C6C
:106ED000384FE14FB54F0755205ADD5BE95BC35F83
:106EE0004E612F63B0654B66EE689B69786DF16DFE
:106EF0003375B9751F775E79E679337DE381AF82AB
:106F0000AA85AA893A8AAB8E9B8F3290DD9107972A
:106F1000BA4EC14E03527558EC580B5C1A753D5C65
:106F20004E810A8AC58F63966D97257BCF8A089814
:106F30006291F356A853179039548257255EA8637F
:106F4000346C8A7061778B7CE07F708842905491BA
:106F5000109318938F965E74C49A075D695D70658F
:106F6000A267A88DDB966E6349671969C583179878
:106F7000C096FE88846F7A64F85B164E2C705D753F
:106F80002F66C4513652E252D359815F2760106296
:106F90003F6574651F667466F2681668636B056EFC
:106FA00072721F75DB76BE7C5680F058FD887F8933
:106FB000A08A938ACB8A1D9092915297599789659E
:106FC0000E7A0681BB962D5EDC601A62A56514669A
:106FD0009067F3774D7A4D7C3E7E0A81AC8C648D50
:106FE000E18D5F8EA9780752D962A56342649862E9
:106FF0002D8A837AC07BAC8AEA96767D0C8249879B
:10700000D94E485143536053A35B025C165CDD5D6F
:1070100026624762B06413683468C96C456D176DA9
:10702000D3675C6F4E717D71CB657F7AAD7BDA7D06
:107030004A7EA87F7A811B823982A6856E8ACE8C91
:10704000F58D78907790AD9291928395AE9B4D524D
:107050008455386F367168518579557EB381CE7C01
:107060004C565158A85CAA63FE66FD665A69D972EF
:107070008F758E750E795679DF79977C207D447DEA
:107080000786348A3B966190209FE7507552CC5317
:10709000E2530950AA55EE584F593D728B5B645C20
:1070A0001D53E360F3605C6383633F63BB63CD6444
:1070B000E965F966E35DCD69FD69156FE571894E96
:1070C000E975F876937ADF7CCF7D9C7D618049837A
:1070D00058836C84BC84FB85C588708D01906D904D
:1070E00097931C97129ACF5097588E61D38135850C
:1070F000088D2090C34F7450475273536F6049639B
:107100005F672C6EB38D1F90D74F5E5CCA8CCF65C6
:107110009A7D525396887651C363585B6B5B0A5CC9
:107120000D6451675C90D64E1A592A59706C518A79
:107130003E551558A559F0605362C16735825569AF
:107140004096C499289A534F0658FE5B1080B15C54
:107150002F5E855F20604B613462FF66F06CDE6EEF
:10716000CE807F81D4828B88B88C00902E908A96B6
:10717000DB9EDB9BE34EF05327592C7B8D914C9883
:10718000F99DDD6E277053534455855B58629E62AE
:10719000D362A26CEF6F2274178A3894C16FFE8A93
:1071A0003883E751F886EA53E953464F5490B08F3D
:1071B0006A593181FD5DEA7ABF8FDA68378CF872DF
:1071C000489C3D6AB08A394E585306566657C56288
:1071D000A263E6654E6BE16D5B6EAD70ED77EF7AA5
:1071E000AA7BBB7D3D80C680CB86958A5B93E356A8
:1071F000C7583E5FAD659666806AB56B3775C78ABE
:107200002450E57730571B5F65607A66606CF475D3
:107210001A7A6E7FF48118874590B399C97B5C75A3
:10722000F97A517BC4841090E979927A3683E15AD5
:1072300040772D4EF24E995BE05FBD623C66F16790
:10724000E86C6B8677883B8A4E91F392D099176AE7
:1072500026702A73E7825784AF8C014E4651CB517A
:107260008B55F55B165E335E815E145F355F6B5F39
:10727000B45FF2611163A2661D676E6F52723A7558
:107280003A777480398178817687BF8ADC8A858DE8
:10729000F38D9A9277950298E59CC5525763F476E0
:1072A0001567886CCD73C38CAE937396256D9C580F
:1072B0000E69CC69FD8F9A93DB751A905A58026853
:1072C000B463FB69434F2C6FD867BB8F2685B47DB1
:1072D00054933F69706F6A57F7582C5B2C7D2A7264
:1072E0000A54E391B49DAD4E4E4F5C5075504352DD
:1072F0009E8C485424589A5B1D5E955EAD5EF75E89
:107300001F5F8C60B5623A63D063AF68406C87786A
:107310008E790B7AE07D4782028AE68A448E13904A
:10732000B8902D91D8910E9FE56C5864E264756514
:10733000F46E84761B7B6990D193BA6EF254B95F78
:10734000A4644D8FED8F449278516B582959555C48
:10735000975EFB6D8F7E1C75BC8CE28E5B98B9705E
:107360001D4FBF6BB16F3075FB964E5110543558A1
:107370005758AC59605C925F97655C67216E7B766D
:10738000DF83ED8C1490FD904D9325783A78AA52C6
:10739000A65E1F577459126012505A51AC51CD510C
:1073A00000521055545858585759955BF65C8B5DF0
:1073B000BC6095622D6471674368BC68DF68D776EE
:1073C000D86D6F6E9B6D6F70C871535FD87577798C
:1073D000497B547B527BD67C717D305263846985B6
:1073E000E4850E8A048B468C0F8E03900F901994BF
:1073F00076962D98309AD895CD50D5520C54025887
:107400000E5CA7619E641E6DB377E57AF4800484F8
:1074100053908592E05C079D3F53975FB35F9C6DEF
:1074200079726377BF79E47BD26BEC72AD8A0368C3
:10743000616AF851817A34694A5CF69CEB82C55BDB
:1074400049911E7078566F5CC76066658C6C5A8C6B
:10745000419013985154C7660D924859A390855195
:107460004D4EEA5199850E8B58707A634B93626941
:10747000B499047E777557536069DF8EE3965D6C2F
:107480008C4E3C5C105FE98F0253D18C89807986E9
:10749000FF5EE565734E655182593F5CEE97FB4E8A
:1074A0008A59CD5F8D8AE16FB0796279E75B71842B
:1074B0002B73B171745EF55F7B639A64C371987CC2
:1074C000434EFC5E4B4EDC57A256A960C36F0D7D48
:1074D000FD803381BF81B28F9789A486F45D8A6273
:1074E000AD6487897767E26C3E6D36743478465AAE
:1074F000757FAD82AC99F34FC35EDD6292635765D1
:107500006F67C3764C72CC80BA80298F4D910D5035
:10751000F957925A856873696471FD72B78CF25895
:10752000E08C6A9619907F87E479E77729842F4F5A
:1075300065525A53CD62CF67CA6C7D76947B957C39
:1075400036828485EB8FDD66206F06721B7EAB83EF
:10755000C199A69EFD51B17B7278B87B8780487B2C
:10756000E86A615E8C80517560756B5162928C6EB9
:107570007A769791EA9A104F707F9C624F7BA5951F
:10758000E99C7A565958E486BC96344F24524A53A3
:10759000CD53DB53065E2C6491657F673E6C4E6C69
:1075A0004872AF72ED735475417E2C82E985A98CC7
:1075B000C47BC69169711298EF983D6369666A75DC
:1075C000E476D0784385EE862A5351532654835966
:1075D000875E7C5FB26049627962AB629065D46B12
:1075E000CC6CB275AE769178D879CB7D777FA5805B
:1075F000AB88B98ABB8C7F905E97DB980B6A387C2E
:1076000099503E5CAE5F8767D86B357409778E7F83
:107610003B9FCA67177A39538B75ED9A665F9D81D8
:10762000F18398803C5FC55F6275467B3C906768DC
:10763000EB599B5A107D7E762C8BF54F6A5F196A49
:10764000376C026FE27468796888558A798CDF5EDE
:10765000CF63C575D279D7822893F2929C84ED8648
:107660002D9CC1546C5F8C655C6D1570A78CD38CA0
:107670003B984F65F6740D4ED84EE0572B59665A1D
:10768000CC5BA851035E9C5E166076627765A76549
:107690006E666E6D3672267B50819A8199825C8B04
:1076A000A08CE68C748D1C964496AE4FAB64666BD2
:1076B0001E8261846A85E890015C5369A8987A8487
:1076C00057850F4F6F52A95F455E0D678F7979819E
:1076D00007898689F56D175F5562B86CCF4E697260
:1076E000929B06523B547456B358A4616E621A7151
:1076F0006E59897CDE7C1B7DF09687655E80194E15
:10770000754F75514058635E735E0A5FC467264EBD
:107710003D8589955B96737C0198FB50C1585676E0
:10772000A7782552A5771185867B4F500959477256
:10773000C77BE87DBA8FD48F4D90BF4FC952295A6D
:10774000015FAD97DD4F1782EA9203575563696B6E
:107750002B75DC88148F427ADF52935855610A6288
:10776000AE66CD6B3F7CE9832350F84F05534654FA
:10777000315849599D5BF05CEF5C295D965EB162C2
:1077800067633E65B9650B67D56CE16CF97032785B
:107790002B7EDE80B3820C84EC84028712892A8AD5
:1077A0004A8CA690D292FD98F39C6C9D4F4EA14EB0
:1077B0008D5056524A57A8593D5ED85FD95F3F62F7
:1077C000B4661B67D067D2689251217DAA80A881D8
:1077D000008B8C8CBF8C7E92329620542C98175341
:1077E000D5505C53A858B264346767726677467A9E
:1077F000E691C352A16C866B00584C5E54592C67BD
:10780000FB7FE151C6766964E878549BBB9ECB57F9
:10781000B95927669A67CE6BE954D969555E9C8140
:107820009567AA9BFE67529C5D68A64EE34FC853BE
:10783000B9622B67AB6CC48FAD4F6D7EBF9E074E98
:107840006261806E2B6F138573542A67459BF35DCD
:10785000957BAC5CC65B1C874A6ED184147A088128
:1078600099598D7C116C2077D952225921715F7200
:10787000DB772797619D0B697F5A185AA5510D54E4
:107880007D540E66DF76F78F9892F49CEA595D720C
:10789000C56E4D51C968BF7DEC7D6297BA9E786414
:1078A000216A028384595F5BDB6B1B73F276B27DC6
:1078B0001780998432512867D99EEE766267FF520D
:1078C0000599245C3B627E7CB08C4F55B6600B7D85
:1078D000809501535F4EB6511C593A723680CE9155
:1078E000255FE2778453795F047DAC85338A8D8E82
:1078F0005697F367AE85539409610861B96C527667
:10790000ED8A388F2F55514F2A51C752CB53A55B63
:107910007D5EA0608261D6630967DA67676E8C6DF1
:107920003673377331755079D588988A4A9091901B
:10793000F590C4968D871559884E594F0E4E898AF9
:107940003F8F1098AD507C5E9659B95BB85EDA6394
:10795000FA63C164DC664A69D8690B6DB66E9471CE
:107960002875AF7A8A7F00804984C9848189218BF8
:107970000A8E65907D960A997E619162326B836C66
:10798000746DCC7FFC7FC06D857FBA87F888656792
:10799000B1833C98F7961B6D617D3D846A91714E71
:1079A0007553505D046BEB6FCD852D86A7892952E9
:1079B0000F54655C4E67A86806748374E275CF88BF
:1079C000E188CC91E29678968B5F8773CB7A4E8470
:1079D000A06365758952416D9C6E097459756B7809
:1079E000927C8696DC7A8D9FB64F6E61C5655C860B
:1079F000864EAE4EDA50214ECC51EE5B99658168D1
:107A0000BC6D1F734276AD771C7AE77C6F82D28A99
:107A10007C90CF91759618989B52D17D2B5098539E
:107A20009767CB6DD0713374E8812A8FA396579CEA
:107A30009F9E60744158996D2F7D5E98E44E364F3D
:107A40008B4FB751B152BA5D1C60B2733C79D3828F
:107A50003492B796F6960A97979E629FA666746BC5
:107A60001752A352C870C288C95E4B609061236FE1
:107A700049713E7CF47D6F80EE8423902C934254B8
:107A80006F9BD36A8970C28CEF8D3297B452415A82
:107A9000CA5E045F17677C6994696A6D0F6F6272D2
:107AA000FC72ED7B01807E804B87CE906D51939E62
:107AB00084798B803293D68A2D508C54718A6A6B6C
:107AC000C48C0781D160A067F29D994E984E109C9E
:107AD0006B8AC185688500697E6E97785581000044
:107AE000002502250C251025182514251C252C25DC
:107AF000242534253C25012503250F2513251B2589
:107B00001725232533252B253B254B2520252F25E0
:107B1000282537253F251D253025252538254225B3
:107B200010041104120413041404150401041604AF
:107B30001704180419041A041B041C041D041E0451
:107B40001F04200421042204230424042504260401
:107B50002704280429042A042B042C042D042E04B1
:107B60002F040000000000000000000000000000E2
:107B70000000000000000000000000000000000005
:107B8000300431043204330434043504510436041F
:107B90003704380439043A043B043C043D043E04F1
:107BA0003F044004410442044304440445044604A1
:107BB0004704480449044A044B044C044D044E0451
:107BC0004F040000910392039303940395039603DB
:107BD0009703980399039A039B039C039D039E03B9
:107BE0009F03A003A103A303A403A503A603A70364
:107BF000A803A9030000000000000000000000002E
:107C000000000000B103B203B303B403B503B6032D
:107C1000B703B803B903BA03BB03BC03BD03BE0378
:107C2000BF03C003C103C303C403C503C603C70323
:107C3000C803C903000000000000000000000000AD
:107C4000000000010101010101010101010000002A
:107C50000000000001010101010101010101010118
:107C60000101010101010101010101010101000006
:107C700000000000000101010101010101010101F9
:107C800001010101010101010101010101010100E5
:107C9000C625A125A025B325B225BD25BC253B20A1
:107CA0001230922190219121932113300000000085
:107CB00000000000000000000000000000000000C4
:107CC000000008220B2286228722822283222A2277
:107CD0002922000000000000000000000000000059
:107CE000000027222822AC00D221D4210022032226
:107CF0002922000000000000000000000000000039
:107D00000000000000002022A522122302220722E8
:107D1000612252226A226B221A223D221D22352222
:107D20002B222C22000000000000000000000000B8
:107D300000002B2130206F266D266A26202021206E
:107D4000B6002C22000000000000EF2500300130BA
:107D500002300CFF0EFFFB301AFF1BFF1FFF01FF5D
:107D60009B309C30B40040FFA8003EFF3E203FFF08
:107D7000FD30FE309D309E300330DD4E0530063044
:107D80000730FC30142010200FFF3CFF1C30162061
:107D90005CFF26202520182019201C201D2008FF0C
:107DA00009FF143015303BFF3DFF5BFF5DFF0830DE
:107DB00009300A300B300C300D300E300F301030DF
:107DC00011300BFF1222B100D700F7001DFF602217
:107DD0001CFF1EFF662267221E22342242264026F6
:107DE000B000322033200321A50004FFA200A3002D
:107DF00005FF03FF06FF0AFF20FFA7000626052652
:107E0000CB25CF25CE25C7250A000100020003009F
:107E10000400050006000700080009000A000B0026
:107E20000C000D000E000F0010000000303030304C
:107E30003030303030303030303030302020202082
:107E400020202020202020202020202000000000B2
:107E50000000000000000000000000000000000022
:107E60000000000000000000000000000000000012
:107E700000000000000000000000000010111213BC
:107E8000141516171819000000000000001A1B1C1A
:107E90001D1E1F0000000000000000000000000088
:107EA000000000000000000000000000001A1B1C81
:107EB0001D1E1F0000000000000000000000000068
:107EC00000000000000000000000000000000000B2
:107ED00000000000000000000000000000000000A2
:107EE0000000000000000000000000000000000092
:107EF0000000000000000000000000000000000082
:107F00000000000000000000000000000000000071
:107F10000000000000000000000000000000000061
:107F20000000000000000000000000000000000051
:107F30000000000000000000000000000000000041
:107F40000000000000000000000000000000000031
:107F50001F001C2000000000142100000200162455
:107F60000000000014250000020015280000000099
:107F7000112900000000142A00000000182B000046
:107F80000000142C00000000102D00000000142E32
:107F9000000001000C3000000900143A000001004C
:107FA000183C00000200143F0000010003410000E3
:107FB0001900155B00000000145C00000000115D5A
:107FC00000000000175E000000000F5F00000000CE
:107FD000176000000000036100001900157B00001D
:107FE0000000187C00000000117D00000000187ED9
:107FF00000000000007F000020001CA00000000026
:1080000014A10000000016A20000030019A6000041
:10801000000014A70000000017A80000000019A924
:108020000000000006AA0000000013AB00000000E2
:1080300018AC0000000001AD0000000019AE000007
:10804000000017AF0000000019B00000000018B1D8
:10805000000000000EB20000010017B40000000094
:1080600003B50000000014B60000010017B80000BE
:1080700000000EB90000000006BA0000000012BBAC
:10808000000000000EBC0000020014BF0000000051
:1080900003C00000160018D70000000003D800003D
:1080A000060004DF0000000003E00000160018F7DF
:1080B0000000000003F800003F0004380100000049
:1080C000033901000F00044901000000034A0100C8
:1080D0004200048D01000000038E01000C00049B8F
:1080E00001000000039C01000D0004AA0100010032
:1080F00003AC01000D0004BA0100000006BB010042
:10810000000003BC0100010004BE0100000003BF29
:108110000100000006C00100030003C401000000CC
:1081200007C50100000003C60100010007C80100E7
:10813000000003C90100010007CB0100000003CCCF
:108140000100230004F00100000003F10100000021
:1081500007F20100000003F301002D0004210200DA
:108160000000032202001100043402000500033A5B
:1081700002001A000455020000000356020001002C
:10818000045802000000035902000000045A0200D3
:108190000000035B02000100045D020002000360B6
:1081A00002000100046202000000036302000000FC
:1081B000046402000000036502000100046702007D
:1081C0000000036802000400046D02000100036F58
:1081D00002000000047002000000037102000100B0
:1081E000047302000100037502000000047602001F
:1081F0000600037D02000000047E020001000380EF
:10820000020000000481020000000382020001005D
:10821000048402000200038702000500048D0200AE
:108220000400039202000000049302000000069480
:1082300002000000049502000700039D02000100F7
:10824000049F0200100005B00200110017C20200D6
:10825000030005C602000B0017D202000D0005E066
:108260000200040017E50200060005EC0200000011
:1082700017ED0200000005EE0200000017EF0200FB
:1082800010000B0003006F0003700300030005746F
:1082900003000000177503000000037603000100CF
:1082A000057A03000000037B03000200147E030034
:1082B0000000037F03000000178403000100038611
:1082C000030000001487030000000388030002007D
:1082D000038C03000000038E0300010004900300E0
:1082E000000003910300100003A303000C0004B07E
:1082F0000300000003B10300200008D203000200C5
:1083000003D50300200018F60300000003F7030064
:10831000040004FC0300000003FD03008400198234
:10832000040000000B83040004000A88040001001C
:10833000038A0400A5000331050025000559050046
:108340000000145A050005000460050000000361E8
:1083500005002500048705000100148905000000C0
:10836000108A05000000198D05000100168F050018
:1083700000000B9105002C0010BE050000000BBF93
:108380000500000014C0050000000BC1050001003D
:1083900014C3050000000BC40500010014C605004D
:1083A00000000BC70500000006D005001A0006EF0C
:1083B0000500030014F3050001000100060005009C
:1083C000180606000200140906000100160B06003C
:1083D0000000140C06000100190E060001000B102D
:1083E00006000A00141B06000000011C0600000025
:1083F000141D06000200062006001F0005400600AE
:1084000000000641060009000B4B060014000C603A
:1084100006000900146A06000300066E060001004B
:108420000B700600000006710600620014D40600FE
:10843000000006D5060000000BD60600060001DD90
:108440000600000019DE060000000BDF0600050034
:1084500005E5060001000BE70600010019E906002A
:1084600000000BEA0600030006EE060001000CF017
:108470000600090006FA0600020019FD06000100C8
:1084800006FF06000000140007000D00010F0700A2
:1084900000000610070000000B1107000000061284
:1084A00007001D000B3007001A00064D070058009A
:1084B0000BA607000A0006B1070000000CC0070069
:1084C000090006CA070020000BEB0700080005F4AE
:1084D0000700010019F60700000014F7070002006A
:1084E00005FA070000000BFD0700000016FE07005C
:1084F00001000600080015000B1608000300051A0D
:10850000080000000B1B08000800052408000000FC
:108510000B25080002000528080000000B290800B0
:108520000400143008000E000640080018000B5923
:1085300008000200145E08000000066008000A003F
:108540000670080017001788080000000689080058
:1085500005000190080001000B980800070006A024
:108560000800280005C9080000000BCA0800170011
:1085700001E2080000000BE308001F0009030900E6
:1085800000000604090035000B3A09000000093B11
:10859000090000000B3C09000000063D0900000036
:1085A000093E090002000B410900070009490900C2
:1085B00003000B4D09000000094E090001000650A0
:1085C000090000000B5109000600065809000900C7
:1085D0000B62090001001464090001000C66090027
:1085E00009001470090000000571090000000672FE
:1085F00009000E000B81090000000982090001003A
:10860000068509000700068F09000100069309008E
:10861000150006AA0900060006B20900000006B609
:10862000090003000BBC0900000006BD09000000A2
:1086300009BE090002000BC10900030009C70900B7
:10864000010009CB090001000BCD0900000006CE96
:108650000900000009D70900000006DC090001003C
:1086600006DF090002000BE2090001000CE6090028
:10867000090006F00900010016F2090001000EF4DD
:108680000900050019FA0900000016FB09000000A6
:1086900006FC0900000014FD090000000BFE0900A3
:1086A00000000B010A00010009030A000000060592
:1086B0000A000500060F0A00010006130A00150053
:1086C000062A0A00060006320A00010006350A00E2
:1086D000010006380A0001000B3C0A000000093EB8
:1086E0000A0002000B410A0001000B470A000100CA
:1086F0000B4B0A0002000B510A00000006590A0049
:108700000300065E0A0000000C660A0009000B70F8
:108710000A00010006720A0002000B750A00000040
:1087200014760A0000000B810A00010009830A0088
:10873000000006850A000800068F0A000200069362
:108740000A00150006AA0A00060006B20A00010087
:1087500006B50A0004000BBC0A00000006BD0A00B2
:10876000000009BE0A0002000BC10A0004000BC78A
:108770000A00010009C90A00000009CB0A00010033
:108780000BCD0A00000006D00A00000006E00A0037
:1087900001000BE20A0001000CE60A00090014F0D7
:1087A0000A00000016F10A00000006F90A000000A5
:1087B0000BFA0A0005000B010B00000009020B0078
:1087C000010006050B000700060F0B000100061351
:1087D0000B001500062A0B00060006320B000100F4
:1087E00006350B0004000B3C0B000000063D0B009F
:1087F0000000093E0B0000000B3F0B000000094089
:108800000B0000000B410B00030009470B000100A7
:10881000094B0B0001000B4D0B0000000B550B002A
:10882000010009570B000000065C0B000100065F09
:108830000B0002000B620B0001000C660B0009002C
:1088400019700B00000006710B0000000E720B0087
:1088500005000B820B00000006830B00000006855C
:108860000B000500068E0B00020006920B000300B1
:1088700006990B000100069C0B000000069E0B00F1
:10888000010006A30B00010006A80B00020006AEC3
:108890000B000B0009BE0B0001000BC00B00000019
:1088A00009C10B00010009C60B00020009CA0B0038
:1088B00002000BCD0B00000006D00B00000009D712
:1088C0000B0000000CE60B0009000EF00B0002008C
:1088D00019F30B00050016F90B00000019FA0B0044
:1088E00000000B000C00000009010C0002000B044A
:1088F0000C00000006050C000700060E0C0002002C
:1089000006120C001600062A0C000F000B3C0C008F
:108910000000063D0C0000000B3E0C000200094167
:108920000C0003000B460C0002000B4A0C00030075
:108930000B550C00010006580C000200065D0C00EF
:10894000000006600C0001000B620C0001000C66C8
:108950000C00090014770C0000000E780C000600D3
:10896000197F0C00000006800C0000000B810C0039
:10897000000009820C00010014840C000000068530
:108980000C000700068E0C00020006920C00160078
:1089900006AA0C00090006B50C0004000BBC0C0074
:1089A000000006BD0C00000009BE0C0000000BBF5B
:1089B0000C00000009C00C0004000BC60C000000F5
:1089C00009C70C00010009CA0C0001000BCC0C0007
:1089D000010009D50C00010006DD0C00010006E0D5
:1089E0000C0001000BE20C0001000CE60C00090079
:1089F00006F10C00010009F30C0000000B000D0053
:108A0000010009020D00010006040D000800060E19
:108A10000D00020006120D0028000B3B0D000100A6
:108A2000063D0D000000093E0D0002000B410D0047
:108A3000030009460D000200094A0D0002000B4D1B
:108A40000D000000064E0D000000194F0D00000043
:108A500006540D00020009570D0000000E580D00CD
:108A60000600065F0D0002000B620D0001000C669F
:108A70000D0009000E700D00080019790D000000AE
:108A8000067A0D0005000B810D00000009820D0023
:108A9000010006850D001100069A0D00170006B3AF
:108AA0000D00080006BD0D00000006C00D00060008
:108AB0000BCA0D00000009CF0D0002000BD20D0003
:108AC00002000BD60D00000009D80D0007000CE6CF
:108AD0000D00090009F20D00010014F40D00000062
:108AE00006010E002F000B310E00000006320E00B2
:108AF00001000B340E000600163F0E000000064079
:108B00000E00050005460E0000000B470E00070092
:108B1000144F0E0000000C500E000900145A0E00F5
:108B2000010006810E00010006840E00000006868A
:108B30000E000400068C0E00170006A50E000000B3
:108B400006A70E0009000BB10E00000006B20E00D1
:108B500001000BB40E00080006BD0E00000006C0A8
:108B60000E00040005C60E0000000BC80E00060033
:108B70000CD00E00090006DC0E00030006000F00FA
:108B8000000019010F00020014040F000E00191359
:108B90000F00000014140F00000019150F00020050
:108BA0000B180F000100191A0F0005000C200F0010
:108BB00009000E2A0F00090019340F0000000B35C0
:108BC0000F00000019360F0000000B370F000000E7
:108BD00019380F0000000B390F000000153A0F0084
:108BE0000000113B0F000000153C0F000000113D7C
:108BF0000F000000093E0F00010006400F000700B3
:108C000006490F0023000B710F000D00097F0F00B4
:108C100000000B800F00040014850F0000000B867D
:108C20000F00010006880F0004000B8D0F000A00E2
:108C30000B990F00230019BE0F0007000BC60F0091
:108C4000000019C70F00050019CE0F00010014D055
:108C50000F00040019D50F00030014D90F00010004
:108C6000060010002A00092B100001000B2D100037
:108C700003000931100000000B3210000500093814
:108C8000100000000B3910000100093B100001002A
:108C90000B3D10000100063F100000000C401000CA
:108CA0000900144A1000050006501000050009567E
:108CB000100001000B5810000100065A10000300BC
:108CC0000B5E100002000661100000000962100037
:108CD0000200066510000100096710000600066E1C
:108CE000100002000B7110000300067510000C004C
:108CF0000B82100000000983100001000B8510009A
:108D000001000987100005000B8D10000000068E81
:108D100010000000098F100000000C9010000900E6
:108D2000099A100002000B9D10000000199E10000F
:108D3000010003A01000250003C71000000003CDB0
:108D40001000000003D010002A0014FB10000000E7
:108D500005FC1000000003FD1000020006001100D9
:108D60004801064A12000300065012000600065889
:108D700012000000065A12000300066012002800CC
:108D8000068A1200030006901200200006B21200AC
:108D9000030006B81200060006C01200000006C25A
:108DA0001200030006C812000E0006D81200380098
:108DB0000612130003000618130042000B5D130097
:108DC00002001460130008000E69130013000680EF
:108DD00013000F0019901300090003A013005500A1
:108DE00003F8130005001000140000000601140031
:108DF0006B02196D16000000146E16000000066F5D
:108E0000160010001C8016000000068116001900D4
:108E1000159B16000000119C1600000006A016000D
:108E20004A0014EB160002000DEE1600020006F1D7
:108E3000160007000600170011000B1217000200B1
:108E4000091517000000061F170012000B3217004B
:108E50000100093417000000143517000100064016
:108E6000170011000B5217000100066017000C00DC
:108E7000066E170002000B72170001000680170033
:108E800033000BB41700010009B6170000000BB740
:108E90001700060009BE170007000BC617000000E8
:108EA00009C7170001000BC917000A0014D41700E6
:108EB000020005D71700000014D81700020016DBC7
:108EC0001700000006DC170000000BDD1700000093
:108ED0000CE0170009000EF017000900140018003C
:108EE00005001006180000001407180003000B0B03
:108EF00018000200010E180000000B0F18000000FF
:108F00000C10180009000620180022000543180064
:108F100000000644180034000680180004000B8589
:108F2000180001000687180021000BA91800000096
:108F300006AA1800000006B0180045000600190037
:108F40001E000B20190002000923190003000B2743
:108F50001900010009291900020009301900010057
:108F60000B32190000000933190005000B391900F4
:108F700002001940190000001444190001000C46B9
:108F800019000900065019001D00067019000400A0
:108F9000068019002B0006B0190019000CD019002A
:108FA00009000EDA1900000019DE19002100060080
:108FB0001A0016000B171A00010009191A00010007
:108FC0000B1B1A000000141E1A00010006201A00D4
:108FD000340009551A0000000B561A00000009570A
:108FE0001A0000000B581A0006000B601A0000005F
:108FF00009611A0000000B621A00000009631A00E0
:1090000001000B651A000700096D1A0005000B73BB
:109010001A0009000B7F1A0000000C801A000900DA
:109020000C901A00090014A01A00060005A71A00E7
:10903000000014A81A0005000BB01A000D000ABEAB
:109040001A0000000BBF1A000F000B001B000300EA
:1090500009041B00000006051B002E000B341B003A
:10906000000009351B0000000B361B000400093B03
:109070001B0000000B3C1B000000093D1B0004000E
:109080000B421B00000009431B00010006451B00AA
:1090900007000C501B000900145A1B000600196140
:1090A0001B0009000B6B1B00080019741B00080053
:1090B000147D1B0001000B801B00010009821B00B6
:1090C000000006831B001D0009A11B0000000BA26D
:1090D0001B00030009A61B0001000BA81B000100D8
:1090E00009AA1B0000000BAB1B00020006AE1B0010
:1090F00001000CB01B00090006BA1B002B000BE698
:109100001B00000009E71B0000000BE81B0001002A
:1091100009EA1B0002000BED1B00000009EE1B001A
:1091200000000BEF1B00020009F21B00010014FC01
:109130001B00030006001C00230009241C0007007C
:109140000B2C1C00070009341C0001000B361C000E
:109150000100143B1C0004000C401C000900064DDB
:109160001C0002000C501C000900065A1C001D00C7
:1091700005781C000500147E1C00010003801C0003
:10918000080003901C002A0003BD1C00020014C04C
:109190001C0007000BD01C00020014D31C000000B0
:1091A0000BD41C000C0009E11C0000000BE21C00A9
:1091B000060006E91C0003000BED1C00000006EE93
:1091C0001C0005000BF41C00000006F51C0001004B
:1091D00009F71C0000000BF81C00010006FA1C0037
:1091E000000004001D002B00052C1D003E00046B38
:1091F0001D000C0005781D00000003791D00000013
:10920000047A1D000200037D1D000000047E1D0085
:109210000F00038E1D000000048F1D000B00059B36
:109220001D0024000BC01D003F0003001E00950020
:1092300004961E000400039B1E000000049C1E00F8
:109240000100039E1E000000049F1E00000003A0FA
:109250001E00750003181F00050003201F002500D5
:1092600003481F00050004501F00000003511F00A9
:10927000000004521F00000003531F0000000454AC
:109280001F00000003551F00000004561F000000CF
:1092900003571F00000003591F000000035B1F005D
:1092A0000000035D1F000000035F1F001E0003801D
:1092B0001F00070007881F00070003901F0007001A
:1092C00007981F00070003A01F00070007A81F0042
:1092D000070003B01F00010004B21F00000003B329
:1092E0001F00000004B41F00000004B61F000100AE
:1092F00003B81F00030007BC1F00000017BD1F00BC
:10930000000003BE1F00000017BF1F00020004C2C0
:109310001F00000003C31F00000004C41F00000062
:1093200004C61F00010003C81F00030007CC1F0074
:10933000000017CD1F00020003D01F00010004D25F
:109340001F00010004D61F00010003D81F00030006
:1093500017DD1F00020003E01F00010004E21F00F0
:10936000020003E51F00000004E61F00010003E8FF
:109370001F00040017ED1F00020004F21F00000090
:1093800003F31F00000004F41F00000004F61F0098
:10939000010003F81F00030007FC1F00000017FD79
:1093A0001F0001001C0020000A00010B2000040027
:1093B00010102000050014162000010013182000D2
:1093C0000000121920000000151A20000000131BD5
:1093D00020000100121D20000000151E20000000CA
:1093E000131F200000001420200007001A2820006E
:1093F00000001B2920000000012A200004001C2F6F
:109400002000000014302000080013392000000064
:10941000123A20000000143B200003000F3F200000
:1094200001001441200002001844200000001545EE
:1094300020000000114620000000144720000A0010
:109440001852200000001453200000000F54200088
:1094500000001455200009001C5F2000000001607E
:10946000200004000166200009000E7020000000AA
:109470000571200000000E7420000500187A2000FD
:109480000200157D20000000117E20000000057FF5
:10949000200000000E8020000900188A2000020031
:1094A000158D20000000118E200000000590200086
:1094B0000C0016A0200020000BD020000C000ADDBC
:1094C000200003000BE1200000000AE2200002005F
:1094D0000BE520000B00190021000100080221000B
:1094E00000001903210003000807210000001908EB
:1094F00021000100040A21000000080B21000200E5
:10950000040E2100010008102100020004132100B4
:109510000000191421000000081521000000191690
:109520002100010018182100000008192100040082
:10953000191E210005000824210000001925210022
:109540000000032621000000192721000000082840
:1095500021000000192921000000032A2100010038
:10956000082C21000100192E21000000042F2100E9
:109570000000083021000100033221000000083300
:109580002100000004342100000006352100030002
:10959000043921000000193A21000100043C210097
:1095A0000100083E21000100184021000400084588
:1095B00021000000044621000300194A2100000098
:1095C000184B21000000194C21000100034E21001E
:1095D0000000194F210000000E5021000F000D6007
:1095E000210022000383210001000D8521000300DA
:1095F0000E8921000000198A210001001890210025
:109600000400199521000400189A21000100199CFA
:109610002100030018A02100000019A12100010071
:1096200018A32100000019A42100010018A62100A0
:10963000000019A72100060018AE2100000019AF94
:1096400021001E0018CE2100010019D021000100C8
:1096500018D22100000019D32100000018D42100E5
:10966000000019D521001E0018F421000B0119007B
:109670002300070015082300000011092300000043
:10968000150A23000000110B23000000190C230011
:1096900013001820230001001922230006001529B9
:1096A00023000000112A23000000192B2300500082
:1096B000187C23000000197D23001D00189B230047
:1096C000180019B42300270018DC2300050019E254
:1096D00023004400194024000A000E6024003B00CF
:1096E000199C24004D000EEA2400150019002500E5
:1096F000B60018B72500000019B82500080018C1E9
:109700002500000019C22500350018F825000700C3
:10971000190026006E00186F260000001970260040
:10972000F700156827000000116927000000156A7E
:1097300027000000116B27000000156C27000000B7
:10974000116D27000000156E27000000116F270023
:10975000000015702700000011712700000015722D
:109760002700000011732700000015742700000077
:109770001175270000000E7627001D0019942700A0
:109780002B0018C02700040015C52700000011C6D3
:109790002700000018C727001E0015E6270000005C
:1097A00011E72700000015E82700000011E9270055
:1097B000000015EA2700000011EB2700000015EC5F
:1097C0002700000011ED2700000015EE2700000023
:1097D00011EF2700000018F027000F0019002800E3
:1097E000FF00180029008200158329000000118461
:1097F00029000000158529000000118629000000BD
:10980000158729000000118829000000158929000A
:109810000000118A29000000158B29000000118C1E
:1098200029000000158D29000000118E290000007C
:10983000158F2900000011902900000015912900C2
:1098400000001192290000001593290000001194D6
:10985000290000001595290000001196290000003C
:109860001597290000001198290000001899290077
:109870003E0015D82900000011D92900000015DA92
:109880002900000011DB2900000018DC29001F005E
:1098900015FC2900000011FD2900000018FE290018
:1098A000010119002B002F0018302B00140019455E
:1098B0002B00010018472B000500194D2B00260036
:1098C00019762B001F0019972B00680003002C004D
:1098D000700004712C00000003722C00010004745D
:1098E0002C00000003752C00010004772C000400FC
:1098F000057C2C000100037E2C00650004E42C0094
:10990000000019E52C00050003EB2C0003000BEF11
:109910002C00020003F22C00010014F92C000300BB
:109920000EFD2C00000014FE2C00010003002D0091
:10993000250003272D000000032D2D000000063018
:109940002D003700056F2D00000014702D00000061
:109950000B7F2D00000006802D00160006A02D00B4
:10996000060006A82D00060006B02D00060006B869
:109970002D00060006C02D00060006C82D000600BA
:1099800006D02D00060006D82D0006000BE02D00A5
:109990001F0014002E00010013022E00000012030D
:1099A0002E00000013042E00000012052E000000FF
:1099B00014062E00020013092E000000120A2E00C9
:1099C0000000140B2E000000130C2E000000120DDE
:1099D0002E000000140E2E00080010172E000000AC
:1099E00014182E000100101A2E000000141B2E0067
:1099F0000000131C2E000000121D2E000000141E7B
:109A00002E00010013202E00000012212E00000065
:109A100015222E00000011232E00000015242E0018
:109A2000000011252E00000015262E000000112731
:109A30002E00000015282E00000011292E00000025
:109A4000142A2E000400052F2E00000014302E00D2
:109A50000900103A2E000100143C2E0003001040B3
:109A60002E00000014412E00000015422E000000C0
:109A700014432E000C0019502E00010014522E0029
:109A8000020015552E00000011562E00000015573B
:109A90002E00000011582E00000015592E00000065
:109AA000115A2E000000155B2E000000115C2E00E4
:109AB0000000105D2E00000019802E001900199B77
:109AC0002E00580019002F00D50019F02F000B00B0
:109AD0001C003000000014013000020019043000A6
:109AE00000000505300000000606300000000D07EC
:109AF000300000001508300000001109300000009F
:109B0000150A30000000110B30000000150C300069
:109B10000000110D30000000150E30000000110F84
:109B2000300000001510300000001111300000005E
:109B3000191230000100151430000000111530001A
:109B40000000151630000000111730000000151835
:109B500030000000111930000000151A300000001C
:109B6000111B30000000101C30000000151D3000DB
:109B70000000111E300001001920300000000D21EE
:109B8000300008000B2A30000300092E30000100CD
:109B9000103030000000053130000400193630006C
:109BA00001000D3830000200053B30000000063C8B
:109BB00030000000143D30000000193E300001006C
:109BC0000641300055000B9930000100179B300012
:109BD0000100059D30000100069F3000000010A02C
:109BE0003000000006A13000590014FB30000000D6
:109BF00005FC3000020006FF3000000006053100C1
:109C00002A00063131005D001990310001000E92EA
:109C10003100030019963100090006A031001F0031
:109C200019C03100230006F031000F001900320086
:109C30001E000E2032000900192A32001D000E48B5
:109C4000320007001950320000000E5132000E00A1
:109C5000196032001F000E8032000900198A32009C
:109C600026000EB132000E0019C032003F0106007E
:109C70003400BF1919C04D003F0006004E001452B9
:109C80000515A00000000616A00076041990A40097
:109C9000360006D0A400270005F8A400050014FE35
:109CA000A40001000600A5000B01050CA6000000A1
:109CB000140DA60002000610A6000F000C20A6003E
:109CC0000900062AA60001000340A6002D00066E2A
:109CD000A60000000B6FA60000000A70A60002009C
:109CE0001473A60000000B74A6000900147EA600E1
:109CF0000000057FA60000000380A6001B00059C55
:109D0000A60001000B9EA600010006A0A6004500CB
:109D10000DE6A60009000BF0A600010014F2A60053
:109D200005001700A70016000517A7000800172058
:109D3000A70001000322A7000D000430A7000100C6
:109D40000332A7003D000570A70000000471A700C2
:109D500007000379A7000E000588A70000001789F7
:109D6000A7000100038BA7000200048EA7000000DB
:109D7000068FA70000000390A70004000495A70029
:109D800000000396A700180004AFA700000003B06E
:109D9000A7001A0003D0A700010004D3A700000009
:109DA00004D5A700000003D6A700030005F2A70012
:109DB000020003F5A700010006F7A700000005F860
:109DC000A700010004FAA700000006FBA700060098
:109DD0000B02A80000000603A80002000B06A80062
:109DE00000000607A80003000B0BA8000000060CEB
:109DF000A80016000923A80001000B25A8000100F7
:109E00000927A80000001928A80003000B2CA800AF
:109E100000000E30A80005001936A8000100163811
:109E2000A80000001939A80000000640A80033006F
:109E30001474A80003000980A80001000682A8008D
:109E4000310009B4A8000F000BC4A800010014CE13
:109E5000A80001000CD0A80009000BE0A800110028
:109E600006F2A800050014F8A800020006FBA800EE
:109E7000000014FCA800000006FDA80001000BFF74
:109E8000A80000000C00A9000900060AA9001B0098
:109E90000B26A9000700142EA90001000630A90016
:109EA00016000B47A9000A000952A9000100145F1F
:109EB000A90000000660A9001C000B80A900020098
:109EC0000983A90000000684A9002E000BB3A90095
:109ED000000009B4A90001000BB6A900030009BAEB
:109EE000A90001000BBCA900010009BEA9000200E5
:109EF00014C1A9000C0005CFA90000000CD0A900D6
:109F0000090014DEA900010006E0A90004000BE529
:109F1000A900000005E6A900000006E7A900080066
:109F20000CF0A900090006FAA90004000600AA0026
:109F300028000B29AA000500092FAA0001000B31F7
:109F4000AA0001000933AA0001000B35AA00010094
:109F50000640AA0002000B43AA0000000644AA0023
:109F600007000B4CAA000000094DAA0000000C508D
:109F7000AA000900145CAA0003000660AA000F00F2
:109F80000570AA0000000671AA0005001977AA0052
:109F90000200067AAA000000097BAA0000000B7CE0
:109FA000AA000000097DAA000000067EAA00310078
:109FB0000BB0AA00000006B1AA0000000BB2AA0074
:109FC000020006B5AA0001000BB7AA00010006B9FD
:109FD000AA0004000BBEAA00010006C0AA000000EF
:109FE0000BC1AA00000006C2AA00000006DBAA00FE
:109FF000010005DDAA00000014DEAA00010006E051
:10A00000AA000A0009EBAA0000000BECAA0001005C
:10A0100009EEAA00010014F0AA00010006F2AA004D
:10A02000000005F3AA00010009F5AA0000000BF6E4
:10A03000AA0000000601AB0005000609AB00050000
:10A040000611AB0005000620AB0006000628AB0099
:10A0500006000430AB0022000353AB0000000454A0
:10A06000AB000600175BAB000000055CAB00030013
:10A070000460AB0008000569AB000000176AAB0084
:10A0800001000370AB004F0006C0AB00220009E3E3
:10A09000AB0001000BE5AB00000009E6AB000100DE
:10A0A0000BE8AB00000009E9AB00010014EBAB00CA
:10A0B000000009ECAB0000000BEDAB0000000CF061
:10A0C000AB0009000600AC00A32B06B0D7001600B9
:10A0D00006CBD70030000200D800FF070600F900C9
:10A0E0006D010670FA0069000400FB00060004130D
:10A0F000FB000400061DFB0000000B1EFB0000001F
:10A10000061FFB0009001829FB000000062AFB00BF
:10A110000C000638FB000400063EFB000000064071
:10A12000FB0001000643FB0001000646FB006B003C
:10A1300017B2FB00100006D3FB006A01113EFD00C0
:10A140000000153FFD0000001940FD000F00065003
:10A15000FD003F000692FD00350019CFFD00000014
:10A1600006F0FD000B0016FCFD00000019FDFD00CF
:10A1700002000B00FE000F001410FE000600151771
:10A18000FE0000001118FE0000001419FE0000007F
:10A190000B20FE000F001430FE0000001031FE0006
:10A1A00001000F33FE0001001535FE0000001136DE
:10A1B000FE0000001537FE0000001138FE00000010
:10A1C0001539FE000000113AFE000000153BFE00AC
:10A1D0000000113CFE000000153DFE000000113E95
:10A1E000FE000000153FFE0000001140FE000000D0
:10A1F0001541FE0000001142FE0000001543FE0064
:10A2000000001144FE0000001445FE000100154747
:10A21000FE0000001148FE0000001449FE0003008B
:10A220000F4DFE0002001450FE0002001454FE0008
:10A2300003001058FE0000001559FE000000115ADE
:10A24000FE000000155BFE000000115CFE00000037
:10A25000155DFE000000115EFE000000145FFE00B0
:10A2600002001862FE0000001063FE000000186487
:10A27000FE0002001468FE0000001669FE000000E7
:10A28000146AFE0001000670FE0004000676FE005F
:10A29000860001FFFE0000001401FF00020016040A
:10A2A000FF0000001405FF0002001508FF00000079
:10A2B0001109FF000000140AFF000000180BFF0046
:10A2C0000000140CFF000000100DFF000000140E31
:10A2D000FF0001000C10FF000900141AFF0001002C
:10A2E000181CFF000200141FFF0001000321FF00E3
:10A2F0001900153BFF000000143CFF000000113D59
:10A30000FF000000173EFF0000000F3FFF000000AD
:10A310001740FF0000000341FF001900155BFF001C
:10A320000000185CFF000000115DFF000000185ED7
:10A33000FF000000155FFF0000001160FF0000003B
:10A340001461FF0000001562FF0000001163FF00B0
:10A3500000001464FF0001000666FF00090005709C
:10A36000FF0000000671FF002C00059EFF000100A9
:10A3700006A0FF001E0006C2FF00050006CAFF007F
:10A38000050006D2FF00050006DAFF00020016E015
:10A39000FF00010018E2FF00000017E3FF000000CB
:10A3A00019E4FF00000016E5FF00010019E8FF00B6
:10A3B000000018E9FF00030019EDFF00010001F99A
:10A3C000FF00020019FCFF000100060000010B0065
:10A3D000060D00011900062800011200063C0001CC
:10A3E0000100063F00010E00065000010D0006802E
:10A3F00000017A001400010102000E0701012C0087
:10A400001937010108000D40010134000E750101EA
:10A4100003001979010110000E8A01010100198C55
:10A4200001010200199001010C0019A001010000B6
:10A4300019D001012C000BFD010100000680020172
:10A440001C0006A0020130000BE0020100000EE13A
:10A4500002011A00060003011F000E200301030081
:10A46000062D030113000D41030100000642030104
:10A4700007000D4A030100000650030125000B767A
:10A4800003010400068003011D00149F0301000066
:10A4900006A00301230006C80301070014D003012E
:10A4A00000000DD103010400030004014F00065019
:10A4B00004014D000CA00401090003B004012300B5
:10A4C00003D804012300060005012700063005011A
:10A4D0003300146F05010000037005010A00037CBE
:10A4E00005010E00038C050106000394050101001F
:10A4F000039705010A0003A305010E0003B305013C
:10A50000060003BB050101000600060136010640F6
:10A510000701150006600701070005800701050017
:10A5200005870701290005B2070108000600080198
:10A530000500060808010000060A08012B0006377E
:10A5400008010100063C08010000063F0801160052
:10A550001457080100000E580801070006600801A2
:10A5600016001977080101000E790801060006801F
:10A5700008011E000EA70801080006E008011200ED
:10A5800006F4080101000EFB0801040006000901A1
:10A5900015000E1609010500141F09010000062010
:10A5A00009011900143F0901000006800901370064
:10A5B0000EBC0901010006BE090101000EC009011F
:10A5C0000F000ED209012D0006000A0100000B0148
:10A5D0000A0102000B050A0101000B0C0A0103002D
:10A5E00006100A01030006150A01020006190A01F5
:10A5F0001C000B380A0102000B3F0A0100000E404C
:10A600000A01080014500A01080006600A011C0033
:10A610000E7D0A010100147F0A01000006800A0174
:10A620001C000E9D0A01020006C00A01070019C89D
:10A630000A01000006C90A011B000BE50A0101001E
:10A640000EEB0A01040014F00A01060006000B01DB
:10A65000350014390B01060006400B0115000E5899
:10A660000B01070006600B0112000E780B010700BA
:10A6700006800B01110014990B0103000EA90B01B8
:10A68000060006000C01480003800C01320003C0E4
:10A690000C0132000EFA0C01050006000D0123002A
:10A6A0000B240D0103000C300D0109000E600E019A
:10A6B0001E0006800E0129000BAB0E01010010AD3B
:10A6C0000E01000006B00E0101000BFD0E0102009C
:10A6D00006000F011C000E1D0F01090006270F01C7
:10A6E000000006300F0115000B460F010A000E5145
:10A6F0000F01030014550F01040006700F01110033
:10A700000B820F01030014860F01030006B00F0136
:10A7100014000EC50F01060006E00F011600090027
:10A72000100100000B0110010000090210010000DF
:10A730000603100134000B3810010E0014471001FD
:10A7400006000E52100113000C66100109000B7078
:10A75000100100000671100101000B7310010100CF
:10A760000675100100000B7F100102000982100124
:10A770000000068310012C0009B0100102000BB389
:10A780001001030009B7100101000BB9100101000D
:10A7900014BB1001010001BD1001000014BE100126
:10A7A00003000BC21001000001CD1001000006D013
:10A7B000100118000CF0100109000B00110102003B
:10A7C0000603110123000B2711010400092C1101BC
:10A7D00000000B2D110107000C3611010900144077
:10A7E0001101030006441101000009451101010097
:10A7F0000647110100000650110122000B731101E0
:10A8000000001474110101000676110100000B8094
:10A8100011010100098211010000068311012F00BE
:10A8200009B3110102000BB61101080009BF1101A3
:10A83000010006C11101030014C5110103000BC979
:10A840001101030014CD1101000009CE1101000017
:10A850000BCF110100000CD01101090006DA110123
:10A86000000014DB1101000006DC1101000014DD02
:10A87000110102000EE11101130006001201110086
:10A88000061312011800092C120102000B2F1201ED
:10A8900002000932120101000B34120100000935D7
:10A8A000120100000B3612010100143812010500DC
:10A8B0000B3E12010000063F120101000B41120184
:10A8C0000000068012010600068812010000068AB8
:10A8D00012010300068F12010E00069F12010900EB
:10A8E00014A91201000006B012012E000BDF1201A4
:10A8F000000009E0120102000BE3120107000CF056
:10A90000120109000B0013010100090213010100EB
:10A91000060513010700060F1301010006131301BA
:10A920001500062A13010600063213010100063540
:10A93000130104000B3B13010100063D130100004D
:10A94000093E130101000B401301000009411301EE
:10A950000300094713010100094B130102000650CF
:10A9600013010000095713010000065D13010400E4
:10A970000962130101000B66130106000B7013013D
:10A9800004000600140134000935140102000B38DC
:10A99000140107000940140101000B4214010200D8
:10A9A0000945140100000B4614010000064714017C
:10A9B0000300144B140104000C5014010900145A34
:10A9C00014010100145D140100000B5E140100006D
:10A9D000065F14010200068014012F0009B0140163
:10A9E00002000BB31401050009B9140100000BBAF1
:10A9F0001401000009BB140103000BBF1401010086
:10AA000009C1140100000BC21401010006C41401A5
:10AA1000010014C61401000006C7140100000CD088
:10AA200014010900068015012E0009AF150102006E
:10AA30000BB21501030009B8150103000BBC150189
:10AA4000010009BE150100000BBF1501010014C172
:10AA50001501160006D8150103000BDC15010100D5
:10AA6000060016012F000930160102000B331601F3
:10AA70000700093B160101000B3D16010000093ECD
:10AA8000160100000B3F16010100144116010200DF
:10AA90000644160100000C5016010900146016014E
:10AAA0000C00068016012A000BAB1601000009AC51
:10AAB000160100000BAD1601000009AE16010100E1
:10AAC0000BB01601050009B6160100000BB7160100
:10AAD000000006B81601000014B9160100000CC0F1
:10AAE00016010900060017011A000B1D17010200CC
:10AAF0000920170101000B22170103000926170185
:10AB000000000B27170104000C30170109000E3A52
:10AB100017010100143C17010200193F1701000042
:10AB2000064017010600060018012B00092C180129
:10AB300002000B2F180108000938180100000B391A
:10AB400018010100143B1801000003A018013F0088
:10AB50000CE0180109000EEA1801080006FF1801B0
:10AB60000700060919010000060C19010700061567
:10AB70001901010006181901170009301901050013
:10AB80000937190101000B3B19010100093D1901A9
:10AB900000000B3E19010000063F190100000940AA
:10ABA00019010000064119010000094219010000C5
:10ABB0000B43190100001444190102000C50190143
:10ABC000090006A01901070006AA1901260009D1EB
:10ABD000190102000BD4190103000BDA190101005D
:10ABE00009DC190103000BE01901000006E119015D
:10ABF000000014E21901000006E31901000009E455
:10AC00001901000006001A0100000B011A010900D9
:10AC1000060B1A0127000B331A01050009391A0126
:10AC20000000063A1A0100000B3B1A010300143F12
:10AC30001A0107000B471A01000006501A01000014
:10AC40000B511A01050009571A0101000B591A018D
:10AC50000200065C1A012D000B8A1A010C000997EC
:10AC60001A0100000B981A010100149A1A0102003F
:10AC7000069D1A010000149E1A01040006B01A0174
:10AC8000480014001B01090006001C010800060A08
:10AC90001C012400092F1C0100000B301C010600C0
:10ACA0000B381C010500093E1C0100000B3F1C0174
:10ACB000000006401C01000014411C0104000C505F
:10ACC0001C0109000E5A1C01120014701C01010025
:10ACD00006721C011D000B921C01150009A91C0124
:10ACE00000000BAA1C01060009B11C0100000BB2F8
:10ACF0001C01010009B41C0100000BB51C0101007E
:10AD000006001D01060006081D010100060B1D01BD
:10AD100025000B311D0105000B3A1D0100000B3C05
:10AD20001D0101000B3F1D01060006461D0100002C
:10AD30000B471D0100000C501D01090006601D019C
:10AD4000050006671D010100066A1D011F00098A32
:10AD50001D0104000B901D01010009931D0101005C
:10AD60000B951D01000009961D0100000B971D01A8
:10AD7000000006981D0100000CA01D01090006E05E
:10AD80001E0112000BF31E01010009F51E01010056
:10AD900014F71E0101000B001F01010006021F0134
:10ADA000000009031F01000006041F010C00061229
:10ADB0001F01210009341F0101000B361F0104008F
:10ADC000093E1F0101000B401F01000009411F0146
:10ADD00000000B421F01000014431F010C000C5027
:10ADE0001F01090006B01F0100000EC01F01140062
:10ADF00019D51F01070016DD1F01030019E11F010E
:10AE0000100014FF1F0100000600200199030D002F
:10AE100024016E0014702401040006802401C30084
:10AE200006902F01600014F12F010100060030018F
:10AE30002F04013034010F000B40340100000641A3
:10AE4000340105000B4734010E00060044014602A0
:10AE500006006801380206406A011E000C606A01A3
:10AE60000900146E6A01010006706A014E000CC0F0
:10AE70006A01090006D06A011D000BF06A01040096
:10AE800014F56A01000006006B012F000B306B0106
:10AE9000060014376B010400193C6B0103000540E8
:10AEA0006B01030014446B01000019456B010000A5
:10AEB0000C506B0109000E5B6B01060006636B0111
:10AEC0001400067D6B01120003406E013F000E80EE
:10AED0006E01160014976E01030006006F014A0010
:10AEE0000B4F6F01000006506F01000009516F0108
:10AEF00036000B8F6F01030005936F010C0005E016
:10AF00006F01010014E26F01000005E36F01000012
:10AF10000BE46F01000009F06F01010006007001F1
:10AF2000F71706008801D50406008D01080005F01A
:10AF3000AF01030005F5AF01060005FDAF010100FB
:10AF40000600B00122010632B10100000650B10135
:10AF500002000655B10100000664B101030006704D
:10AF6000B1018B010600BC016A000670BC010C0037
:10AF70000680BC0108000690BC010900199CBC01B8
:10AF800000000B9DBC010100149FBC01000001A04A
:10AF9000BC0103000B00CF012D000B30CF011600C8
:10AFA0001950CF0173001900D001F5001900D1012B
:10AFB00026001929D1013B000965D10101000B6769
:10AFC000D1010200196AD1010200096DD101050009
:10AFD0000173D10107000B7BD10107001983D10157
:10AFE00001000B85D1010600198CD1011D000BAAAF
:10AFF000D101030019AED1013C001900D20141007A
:10B000000B42D20102001945D20100000EC0D2014C
:10B0100013000EE0D20113001900D30156000E6098
:10B02000D30118000800D4011900041AD401190032
:10B030000834D4011900044ED40106000456D4018A
:10B0400011000868D40119000482D4011900089C79
:10B05000D4010000089ED401010008A2D401000020
:10B0600008A5D401010008A9D401030008AED40149
:10B07000070004B6D401030004BBD401000004BDE2
:10B08000D401060004C5D4010A0008D0D401190077
:10B0900004EAD40119000804D50101000807D5010C
:10B0A0000300080DD50107000816D5010600041E8F
:10B0B000D50119000838D5010100083BD50103006E
:10B0C0000840D50104000846D5010000084AD50112
:10B0D00006000452D5011900086CD5011900048638
:10B0E000D501190008A0D501190004BAD50119002D
:10B0F00008D4D501190004EED50119000808D601BD
:10B1000019000422D6011900083CD6011900045682
:10B11000D60119000870D6011900048AD6011B0057
:10B1200008A8D601180018C1D601000004C2D60133
:10B13000180018DBD601000004DCD601050008E287
:10B14000D601180018FBD601000004FCD601180037
:10B150001815D70100000416D7010500081CD701F7
:10B1600018001835D70100000436D7011800184F11
:10B17000D70100000450D70105000856D701180078
:10B18000186FD70100000470D70118001889D70183
:10B190000000048AD70105000890D701180018A9FB
:10B1A000D701000004AAD701180018C3D701000076
:10B1B00004C4D701050008CAD701000004CBD70199
:10B1C00000000CCED70131001900D801FF010B009F
:10B1D000DA0136001937DA0103000B3BDA013100DE
:10B1E000196DDA0107000B75DA0100001976DA0132
:10B1F0000D000B84DA0100001985DA0101001487C3
:10B20000DA0104000B9BDA0104000BA1DA010E0045
:10B210000400DF010900060ADF010000040BDF0162
:10B2200013000425DF0105000B00E00106000B08F8
:10B23000E00110000B1BE00106000B23E001010000
:10B240000B26E00104000530E0013D000B8FE0011A
:10B2500000000600E1012C000B30E101060005377B
:10B26000E10106000C40E1010900064EE101000089
:10B27000194FE10100000690E2011D000BAEE20152
:10B28000000006C0E2012B000BECE20103000CF011
:10B29000E201090016FFE201000006D0E4011A00F5
:10B2A00005EBE40100000BECE40103000CF0E40109
:10B2B000090006E0E701060006E8E701030006EDE5
:10B2C000E701010006F0E7010E000600E801C400F6
:10B2D0000EC7E80108000BD0E80106000300E901F1
:10B2E00043000B44E9010600054BE90100000C5046
:10B2F000E9010900145EE90101000E71EC013A0058
:10B3000019ACEC0100000EADEC01020016B0EC012E
:10B3100000000EB1EC0103000E01ED012C00192E0E
:10B32000ED0100000E2FED010E000600EE010300FE
:10B330000605EE011A000621EE0101000624EE01C9
:10B3400000000627EE0100000629EE010900063480
:10B35000EE0103000639EE010000063BEE0100009D
:10B360000642EE0100000647EE0100000649EE012C
:10B370000000064BEE010000064DEE0102000651F2
:10B38000EE0101000654EE0100000657EE01000038
:10B390000659EE010000065BEE010000065DEE01BD
:10B3A0000000065FEE0100000661EE010100066488
:10B3B000EE0100000667EE010300066CEE010600D8
:10B3C0000674EE0103000679EE010300067EEE012D
:10B3D00000000680EE010900068BEE01100006A1B8
:10B3E000EE01020006A5EE01040006ABEE0110001E
:10B3F00018F0EE0101001900F0012B001930F001E6
:10B40000630019A0F0010E0019B1F0010E0019C17E
:10B41000F0010E0019D1F00124000E00F1010C0022
:10B42000190DF101A00019E6F1011C001910F2013B
:10B430002B001940F20108001950F20101001960B7
:10B44000F20105001900F301FA0017FBF3010400F3
:10B450001900F401D70219DCF601100019F0F60109
:10B460000C001900F7017600197BF7015E0019E066
:10B47000F7010B0019F0F70100001900F8010B00AB
:10B480001910F80137001950F80109001960F80186
:10B4900027001990F8011D0019B0F80101001900EA
:10B4A000F90153011960FA010D001970FA010C003D
:10B4B0001980FA0108001990FA012D0019BFFA014C
:10B4C000060019CEFA010D0019E0FA01080019F082
:10B4D000FA0108001900FB0192001994FB013600E3
:10B4E0000CF0FB01090006000002DFA60600A7021F
:10B4F00039100640B702DD000620B802811606B0FA
:10B50000CE02301D0600F8021D02060000034A1399
:10B51000065013035F100101000E00000120000E11
:10B520005F000B00010EEF00303030303030303033
:10B53000303030303030303020202020202020208B
:10B540002020202020202020FB21F93FFB21094042
:10B550007CD91240FB2119407A6A1F407CD92240D5
:10B56000BBFD2540FB2129403A462C407A6A2F40FA
:10B570005C4731407CD932409C6B3440BBFD354048
:10B58000DB8F3740FB2139401BB43A403A463C4000
:10B590005AD83D407A6A3F404C7E40405C4741402B
:10B5A0006C1042407CD942408CA243409C6B44408A
:10B5B000AC344540BBFD4540CBC64640DB8F4740E1
:10B5C000EB584840FB21494083F9A200444E6E00ED
:10B5D000FC291500D1572700DD34F50062DBC000DF
:10B5E0003C999500419043006351FE00BBDEAB00E7
:10B5F000B761C5003A6E2400D24D42004906E00012
:10B6000009EA2E001C92D100EB1DFE0029B11C009E
:10B61000E83EA700F535820044BB2E009CE984007B
:10B62000B4267000417E5F00D69139005383390003
:10B630009CF439008B5F840028F9BD00F81F3B00A3
:10B64000DEFF97000F980500112FEF000A5A8B00BC
:10B650006D1F6D00CF7E360009CB2700464FB70027
:10B660009E663F002DEA5F00BA277500E5EBC70034
:10B670003D7BF100F739070092528A00FB6BEA002C
:10B680001FB15F00085D8D00300356007BFC460053
:10B69000F0AB6B0020BCCF0036F49A00E3A91D008C
:10B6A0005E619100081BE60085996500A0145F00AB
:10B6B0008D40680080D8FF0027734D0006063100DA
:10B6C000CA561500C9A873007BE260006B8CC000ED
:10B6D00000000040FB21F93F000000002D44743EB3
:10B6E000000000809846F83C0000006051CC783B98
:10B6F00000000080831BF0390000004020257A38CC
:10B70000000000802282E336000000001DF369354E
:10B71000020000000300000004000000060000001A
:10B720003E410C411141274136410341064115413B
:10B730000F410E41264113412941024119410A415D
:10B740000B4100001000000000000000017A5200D0
:10B75000027C0E011B0C0D001400000018000000FC
:10B760008C30FEFFEC00000000024D0A430B00008D
:10B7700000000000F8B500BFF8BC08BC9E4670474A
:10B78000F8B500BFF8BC08BC9E467047B5E900009C
:10B79000D5040000F5340000ED5A00007199000056
:10B7A00031C20000B10400007B9900003BC20000E0
:10B7B000A9CC00009DD700000000000000000000A0
:08B7C000304DFD7F0100000087
:10B7D000000000008065140680651406806514066C
:10B7E000601985018065140680651406806514065D
:10B7F0008C080020797A6166706E756D006B4D471C
:10B800005450455A59000000642602000A0A455364
:10B81000432D46534D3E2000642602000000005098
:10B82000642602002AED00E029ED00E038ED00E09A
:10B8300028ED00E034ED00E028ED00E02CED00E024
:10B8400008E000E00CED00E014ED00E064260200EA
:10B8500080651406000000000000000003000000E6
:10B860008460002098000020000000008460002018
:10B87000EC60002054610020000000000000000087
:10B8800000000000000000000000000000000000B8
:10B8900000000000000000000000000000000000A8
:10B8A0000000000000000000000000000000000098
:10B8B0000000000000000000000000000000000088
:10B8C0000000000000000000000000000000000078
:10B8D0000000000000000000000000000000000068
:10B8E0000000000000000000000000000000000058
:10B8F0000000000000000000000000000000000048
:10B9000001000000000000000E33CDAB34126DE6E4
:10B91000ECDE05000B00000000000000000000004D
:10B920000000000000000000000000000000000017
:10B930000000000000000000000000000000000007
:10B9400000000000000000000000000000000000F7
:10B9500000000000000000000000000000000000E7
:10B9600000000000000000000000000000000000D7
:10B9700000000000000000000000000000000000C7
:10B9800000000000000000000000000000000000B7
:10B9900000000000000000000000000000000000A7
:10B9A0000000000000000000DC610020FFFFFFFF3E
:10B9B0000000020000000000000000000000000085
:10B9C000E8010020E8010020F0010020F001002043
:10B9D000F8010020F80100200002002000020020F1
:10B9E000080200200802002010020020100200209F
:10B9F000180200201802002020020020200200204F
:10BA000028020020280200203002002030020020FE
:10BA100038020020380200204002002040020020AE
:10BA2000480200204802002050020020500200205E
:10BA3000580200205802002060020020600200200E
:10BA400068020020680200207002002070020020BE
:10BA5000780200207802002080020020800200206E
:10BA6000880200208802002090020020900200201E
:10BA70009802002098020020A0020020A0020020CE
:10BA8000A8020020A8020020B0020020B00200207E
:10BA9000B8020020B8020020C0020020C00200202E
:10BAA000C8020020C8020020D0020020D0020020DE
:10BAB000D8020020D8020020E0020020E00200208E
:10BAC000E8020020E8020020F0020020F00200203E
:10BAD000F8020020F80200200003002000030020EC
:10BAE000080300200803002010030020100300209A
:10BAF000180300201803002020030020200300204A
:10BB000028030020280300203003002030030020F9
:10BB100038030020380300204003002040030020A9
:10BB20004803002048030020500300205003002059
:10BB30005803002058030020600300206003002009
:10BB400068030020680300207003002070030020B9
:10BB50007803002078030020800300208003002069
:10BB60008803002088030020900300209003002019
:10BB70009803002098030020A0030020A0030020C9
:10BB8000A8030020A8030020B0030020B003002079
:10BB9000B8030020B8030020C0030020C003002029
:10BBA000C8030020C8030020D0030020D0030020D9
:10BBB000D8030020D8030020E0030020E003002089
:10BBC000E8030020E8030020F0030020F003002039
:10BBD000F8030020F80300200004002000040020E7
:10BBE0000804002008040020100400201004002095
:10BBF0001804002018040020200400202004002045
:10BC000028040020280400203004002030040020F4
:10BC100038040020380400204004002040040020A4
:10BC20004804002048040020500400205004002054
:10BC30005804002058040020600400206004002004
:10BC400068040020680400207004002070040020B4
:10BC50007804002078040020800400208004002064
:10BC60008804002088040020900400209004002014
:10BC70009804002098040020A0040020A0040020C4
:10BC8000A8040020A8040020B0040020B004002074
:10BC9000B8040020B8040020C0040020C004002024
:10BCA000C8040020C8040020D0040020D0040020D4
:10BCB000D8040020D8040020E0040020E004002084
:10BCC000E8040020E8040020F0040020F004002034
:10BCD000F8040020F80400200005002000050020E2
:10BCE0000805002008050020100500201005002090
:10BCF0001805002018050020200500202005002040
:10BD000028050020280500203005002030050020EF
:10BD1000380500203805002040050020400500209F
:10BD2000480500204805002050050020500500204F
:10BD300058050020580500206005002060050020FF
:10BD400068050020680500207005002070050020AF
:10BD5000780500207805002080050020800500205F
:10BD6000880500208805002090050020900500200F
:10BD70009805002098050020A0050020A0050020BF
:10BD8000A8050020A8050020B0050020B00500206F
:10BD9000B8050020B8050020C0050020C00500201F
:10BDA000C8050020C8050020D0050020D0050020CF
:10BDB000D8050020D8050020E0050020E00500207F
:10BDC0004300000000000000000000000000000030
:10BDD0000000000000000000000000000000000063
:10BDE0000000000000000000000000000000000053
:10BDF0000000000000000000000000000000000043
:10BE00000000000000000000000000000000000032
:10BE10000000000000000000000000000000000022
:10BE20000000000000000000000000000000000012
:10BE30000000000000000000000000000000000002
:10BE400000000000000000000000000000000000F2
:10BE500000000000000000000000000000000000E2
:10BE600000000000000000000000000000000000D2
:10BE700000000000000000000000000000000000C2
:10BE800000000000000000000000000000000000B2
:10BE900000000000000000000000000000000000A2
:10BEA000000000000000000043000000000000004F
:10BEB0000000000000000000000000000000000082
:10BEC000000000000000000043000000000000002F
:10BED0000000000000000000000000000000000062
:10BEE000000000000000000043000000000000000F
:10BEF0000000000000000000000000000000000042
:10BF000000000000000000004300000000000000EE
:10BF10000000000000000000000000000000000021
:10BF200000000000000000004300000000000000CE
:10BF30000000000000000000000000000000000001
:10BF400000000000000000004300000000000000AE
:10BF500000000000000000000000000000000000E1
:10BF6000000000000000000043000000000000008E
:10BF700000000000000000000000000000000000C1
:10BF800000000000000000000D730100794C01006A
:10BF900000000000CC40020014430200A444020050
:10BFA000A4440200A4440200A4440200A4440200E9
:10BFB000A4440200A4440200A4440200A4440200D9
:10BFC000FFFFFFFFFFFFFFFFFFFFFFFFFFFF00007F
:10BFD00001004153434949000000000000000000F7
:10BFE0000000000000000000000000000000000051
:10BFF00000004153434949000000000000000000D8
:10C000000000000000000000000000000000000030
:10C0100000000000430000000000000000000000DD
:10C020000000000000000000000000000000000010
:10C030000000000000000000000000000000000000
:040000030000019167
:00000001FF
